tag,enable_dd_sizing,dd_half_pct,dd_full_pct,total_return_pct,max_drawdown_pct,sharpe_ratio,calmar_ratio,end_market_value,closed_trade_count
baseline_无回撤仓位,False,0.2,0.15,503.39269905617556,39.93114847405499,1.0549738981389976,0.7853995881414632,603392.6990561755,273.0
默认20-15,True,0.2,0.15,407.29238903214895,29.644075072962593,1.0631374636549398,0.9428007533430823,507292.38903214893,286.0
h0.10_f0.05,True,0.1,0.05,233.53347427818684,25.831539267904784,0.965879785047182,0.7765384020690661,333533.4742781868,289.0
h0.10_f0.08,True,0.1,0.08,217.73556172271026,28.789879531733163,0.8938720301926439,0.6661464625354,317735.56172271026,295.0
h0.12_f0.05,True,0.12,0.05,212.21652260734865,28.84911232411062,0.9162569443461286,0.6538073327997102,312216.5226073486,284.0
h0.12_f0.08,True,0.12,0.08,228.18159448944763,28.885401168502,0.911167976345941,0.6842486830086331,328181.59448944766,284.0
h0.14_f0.05,True,0.14,0.05,259.1519704364548,28.997096504626175,0.9627210664673822,0.7385285299567136,359151.9704364548,280.0
h0.14_f0.08,True,0.14,0.08,286.7046834009718,28.915590828356564,0.9862638204132769,0.7879791868801043,386704.6834009718,280.0
h0.14_f0.11,True,0.14,0.11,357.6135801430272,28.915590828356564,1.061865185419547,0.8978797037688824,457613.5801430272,282.0
h0.16_f0.05,True,0.16,0.05,265.2892666802444,28.943482790858905,0.9803066803555849,0.7506977700469378,365289.2666802444,278.0
h0.16_f0.08,True,0.16,0.08,259.278999940239,28.922883120679817,0.9524545723846245,0.7406488291323575,359278.999940239,280.0
h0.16_f0.11,True,0.16,0.11,323.8419386027288,28.94568690788545,1.0170749960530099,0.8466069436964894,423841.9386027288,282.0
h0.16_f0.14,True,0.16,0.14,333.48143404989804,32.44056127852837,1.026642801509279,0.7685219258713081,433481.434049898,286.0
h0.18_f0.05,True,0.18,0.05,286.71219495398617,27.668344003867812,0.9991346708903889,0.8235131713435487,386712.19495398615,279.0
h0.18_f0.08,True,0.18,0.08,257.4985099459528,27.674609048685216,0.935410896802031,0.7707492310733008,357498.5099459528,283.0
h0.18_f0.11,True,0.18,0.11,356.3756311854486,27.680091210205127,1.0433165830020699,0.9360860355399085,456375.6311854486,281.0
h0.18_f0.14,True,0.18,0.14,312.23590686744603,31.11402112646707,0.9834499560636528,0.770780572315659,412235.90686744597,286.0
h0.20_f0.05,True,0.2,0.05,357.6480881274192,27.668344003867812,1.083412199046965,0.9384068545404121,457648.0881274192,279.0
h0.20_f0.08,True,0.2,0.08,281.107848765231,27.68799618632843,0.9718685808058825,0.8131144700136231,381107.84876523097,281.0
h0.20_f0.11,True,0.2,0.11,291.7849714088744,27.58495536452017,0.9757107209804587,0.8348152723096013,391784.9714088744,280.0
h0.20_f0.14,True,0.2,0.14,289.02840591303516,33.406799985774825,0.9569603251131487,0.6853866906655314,389028.40591303515,285.0
h0.20_f0.17,True,0.2,0.17,407.24852864349054,29.648577995189214,1.0616659360302725,0.9426009350487092,507248.5286434905,290.0
h0.22_f0.05,True,0.22,0.05,404.46356646296795,26.436004309593592,1.1555004749507591,1.053106060675037,504463.5664629679,277.0
h0.22_f0.08,True,0.22,0.08,302.4282541237352,30.811334095579607,1.0223192704428468,0.7636745153054647,402428.2541237352,279.0
h0.22_f0.11,True,0.22,0.11,278.23198866330495,27.89461059065761,0.9519377486832871,0.802045663671101,378231.98866330495,281.0
h0.22_f0.14,True,0.22,0.14,301.0267482028093,33.88324566540004,0.9611960258445491,0.6925087047315857,401026.7482028093,285.0
h0.22_f0.17,True,0.22,0.17,295.72726629587174,35.9148088515676,0.9384771561196528,0.6464026263867686,395727.26629587176,285.0
h0.22_f0.20,True,0.22,0.2,335.2561296715425,35.90305202098939,0.9753951701539105,0.6965639941416465,435256.1296715425,291.0
h0.24_f0.05,True,0.24,0.05,270.5948711963561,37.59250355166072,0.9346848550556844,0.5850766872823894,370594.87119635614,279.0
h0.24_f0.08,True,0.24,0.08,282.71352805077373,37.57075148123301,0.9405117919391196,0.6013110696881903,382713.5280507737,279.0
h0.24_f0.11,True,0.24,0.11,276.7094780204999,37.58458982372572,0.9212139879883929,0.5932714559627338,376709.4780204999,279.0
h0.24_f0.14,True,0.24,0.14,270.21717046718913,37.65650577156943,0.9039813059561033,0.5835809528757971,370217.1704671891,281.0
h0.24_f0.17,True,0.24,0.17,282.7808171970043,37.55501073727888,0.9194397958728532,0.6016502005243636,382780.81719700433,281.0
h0.24_f0.20,True,0.24,0.2,348.51836520933733,37.55501073727888,0.9927008448033752,0.6811214406673327,448518.3652093373,281.0
h0.26_f0.05,True,0.26,0.05,224.22599287235278,39.42007735629147,0.8745327348236651,0.4958028855744915,324225.99287235277,277.0
h0.26_f0.08,True,0.26,0.08,252.74028514498372,34.966324435700635,0.8969550089363676,0.6029716790935065,352740.28514498373,277.0
h0.26_f0.11,True,0.26,0.11,258.8494917202543,34.93673656058322,0.8996252682639573,0.6125259679598996,358849.4917202543,277.0
h0.26_f0.14,True,0.26,0.14,246.52202500757855,35.22633668038812,0.905661066540211,0.5892552893556574,346522.02500757854,277.0
h0.26_f0.17,True,0.26,0.17,235.2326965083511,37.361360518323146,0.8629367818259883,0.5393757360563599,335232.69650835113,279.0
h0.26_f0.20,True,0.26,0.2,232.53117430717597,35.22898443456401,0.8590340395993893,0.5678380079182486,332531.17430717597,277.0
h0.26_f0.23,True,0.26,0.23,294.1920592922771,34.97170863794123,0.908780782351243,0.6617566587094019,394192.05929227715,280.0
h0.28_f0.05,True,0.28,0.05,238.39637236354793,36.8448989822571,0.8807035665229159,0.5515883154094627,338396.3723635479,277.0
h0.28_f0.08,True,0.28,0.08,246.1667097139323,36.08560938629207,0.883886322378237,0.5747029171660362,346166.7097139323,277.0
h0.28_f0.11,True,0.28,0.11,252.00506110358512,36.16509033403028,0.8866333238534584,0.5819249080165593,352005.0611035851,277.0
h0.28_f0.14,True,0.28,0.14,249.03411136362976,35.15445705464743,0.9190059392295977,0.5942278872003676,349034.11136362975,277.0
h0.28_f0.17,True,0.28,0.17,220.14184104231595,40.02183158802889,0.8538774884505309,0.48260704380318487,320141.84104231594,278.0
h0.28_f0.20,True,0.28,0.2,224.79838257754975,36.3377820547965,0.8469292949216615,0.5387393685842035,324798.3825775497,281.0
h0.28_f0.23,True,0.28,0.23,277.3416569872579,39.88792912042936,0.8872082882346138,0.5597931672967071,377341.65698725794,281.0
h0.28_f0.26,True,0.28,0.26,281.37823810383196,37.177960423488486,0.8723054800327515,0.6059153837819001,381378.23810383194,285.0
h0.30_f0.05,True,0.3,0.05,249.14817276457754,36.03575396919403,0.8940190483110263,0.5798617007944138,349148.17276457755,277.0
h0.30_f0.08,True,0.3,0.08,260.3405568138963,36.14179357905177,0.9003030103662587,0.5942173239086243,360340.5568138963,277.0
h0.30_f0.11,True,0.3,0.11,270.0918498559707,36.188154327193274,0.9076396193243582,0.6070868395543105,370091.8498559707,277.0
h0.30_f0.14,True,0.3,0.14,240.82322805983435,36.241714655226,0.8922278290418849,0.5643712341593643,340823.22805983433,277.0
h0.30_f0.17,True,0.3,0.17,204.84779044016133,42.83993006807547,0.8003978612957182,0.430245435326661,304847.7904401613,277.0
h0.30_f0.20,True,0.3,0.2,211.5927475029697,41.76975898219339,0.8069271086392424,0.4507014274795851,311592.7475029697,277.0
h0.30_f0.23,True,0.3,0.23,354.07719775686877,36.11970883747384,0.9472156118938083,0.7146929626074802,454077.1977568687,279.0
h0.30_f0.26,True,0.3,0.26,350.3403568988999,36.11970883747384,0.9442907893157241,0.7103272009042346,450340.35689889995,280.0
h0.32_f0.05,True,0.32,0.05,227.88365339826996,38.766149341078226,0.8595567562486471,0.5094209818742349,327883.6533982699,275.0
h0.32_f0.08,True,0.32,0.08,227.88365339826996,38.766149341078226,0.8595567562486471,0.5094209818742349,327883.6533982699,275.0
h0.32_f0.11,True,0.32,0.11,244.11396217471034,35.70622231196926,0.8797111953885718,0.5777583942723531,344113.9621747103,275.0
h0.32_f0.14,True,0.32,0.14,254.58416025765973,35.61053119622111,0.8836895229845131,0.5947552529554649,354584.16025765974,275.0
h0.32_f0.17,True,0.32,0.17,228.00859630703374,38.64605077387957,0.8685718081066252,0.5111832555199858,328008.59630703373,275.0
h0.32_f0.20,True,0.32,0.2,220.81573410503293,39.86220121594862,0.8328731489957616,0.4854950411740175,320815.7341050329,273.0
h0.32_f0.23,True,0.32,0.23,199.44161107360114,44.03691715631132,0.7837805409909938,0.4112574051361812,299441.6110736011,275.0
h0.32_f0.26,True,0.32,0.26,416.8803494704692,35.60149811311524,1.0021289474892396,0.7952631787935669,516880.3494704692,275.0
h0.32_f0.29,True,0.32,0.29,384.57944209195074,35.60149811311524,0.9658338463329047,0.76013823429419,484579.44209195074,277.0
h0.34_f0.05,True,0.34,0.05,325.3822763968863,37.32365559326252,0.9299287739060045,0.6584077947644332,425382.27639688633,275.0
h0.34_f0.08,True,0.34,0.08,325.3822763968863,37.32365559326252,0.9299287739060045,0.6584077947644332,425382.27639688633,275.0
h0.34_f0.11,True,0.34,0.11,325.3822763968863,37.32365559326252,0.9299287739060045,0.6584077947644332,425382.27639688633,275.0
h0.34_f0.14,True,0.34,0.14,325.3822763968863,37.32365559326252,0.9299287739060045,0.6584077947644332,425382.27639688633,275.0
h0.34_f0.17,True,0.34,0.17,325.3822763968863,37.32365559326252,0.9299287739060045,0.6584077947644332,425382.27639688633,275.0
h0.34_f0.20,True,0.34,0.2,399.1766218033754,37.32365559326252,0.9999573457202843,0.7404330553992805,499176.62180337537,275.0
h0.34_f0.23,True,0.34,0.23,418.53541642566734,37.32365559326252,0.9991319247655809,0.7602371945973048,518535.41642566735,275.0
h0.34_f0.26,True,0.34,0.26,428.0830216198273,37.32365559326252,1.0064416683424044,0.7697744416629799,528083.0216198274,275.0
h0.34_f0.29,True,0.34,0.29,451.5110945516084,37.32365559326252,1.0262970042681971,0.7925716492184604,551511.0945516083,275.0
h0.34_f0.32,True,0.34,0.32,423.48693961328536,37.32365559326252,0.9959464091804194,0.7652017662439046,523486.93961328536,277.0
h0.36_f0.05,True,0.36,0.05,323.58145629130513,37.59171692151794,0.9264023006402612,0.6515798051924389,423581.4562913051,275.0
h0.36_f0.08,True,0.36,0.08,323.58145629130513,37.59171692151794,0.9264023006402612,0.6515798051924389,423581.4562913051,275.0
h0.36_f0.11,True,0.36,0.11,323.58145629130513,37.59171692151794,0.9264023006402612,0.6515798051924389,423581.4562913051,275.0
h0.36_f0.14,True,0.36,0.14,323.58145629130513,37.59171692151794,0.9264023006402612,0.6515798051924389,423581.4562913051,275.0
h0.36_f0.17,True,0.36,0.17,323.58145629130513,37.59171692151794,0.9264023006402612,0.6515798051924389,423581.4562913051,275.0
h0.36_f0.20,True,0.36,0.2,396.42242135305054,37.59171692151794,0.9960756289811591,0.7323033091298061,496422.42135305057,275.0
h0.36_f0.23,True,0.36,0.23,416.918481464937,37.59171692151794,0.9960280915901217,0.7531977645089906,516918.481464937,275.0
h0.36_f0.26,True,0.36,0.26,425.03690785985555,37.59171692151794,1.0026097594905303,0.7612800620915802,525036.9078598556,275.0
h0.36_f0.29,True,0.36,0.29,450.23595543517814,37.59171692151794,1.023714085619853,0.7857091685416632,550235.9554351781,275.0
h0.36_f0.32,True,0.36,0.32,472.099984800721,37.59171692151794,1.0354045364695665,0.8061478894162679,572099.9848007209,275.0
h0.38_f0.05,True,0.38,0.05,313.20557665839954,39.126055952035344,0.9118431508426901,0.6140741425860667,413205.5766583996,273.0
h0.38_f0.08,True,0.38,0.08,313.20557665839954,39.126055952035344,0.9118431508426901,0.6140741425860667,413205.5766583996,273.0
h0.38_f0.11,True,0.38,0.11,313.20557665839954,39.126055952035344,0.9118431508426901,0.6140741425860667,413205.5766583996,273.0
h0.38_f0.14,True,0.38,0.14,313.20557665839954,39.126055952035344,0.9118431508426901,0.6140741425860667,413205.5766583996,273.0
h0.38_f0.17,True,0.38,0.17,313.20557665839954,39.126055952035344,0.9118431508426901,0.6140741425860667,413205.5766583996,273.0
h0.38_f0.20,True,0.38,0.2,313.20557665839954,39.126055952035344,0.9118431508426901,0.6140741425860667,413205.5766583996,273.0
h0.38_f0.23,True,0.38,0.23,392.51222819171636,39.126055952035344,0.9727802826407583,0.699676332209102,492512.2281917164,273.0
h0.38_f0.26,True,0.38,0.26,412.9399907622128,39.126055952035344,0.989248721482725,0.7198176089353806,512939.9907622127,273.0
h0.38_f0.29,True,0.38,0.29,412.9399907622128,39.126055952035344,0.989248721482725,0.7198176089353806,512939.9907622127,273.0
h0.38_f0.32,True,0.38,0.32,457.51907973486936,39.126055952035344,1.0210327964501946,0.7615110965756433,557519.0797348694,273.0
h0.38_f0.35,True,0.38,0.35,471.3026972730909,39.126055952035344,1.0299948840265918,0.7738297703277357,571302.697273091,273.0
h0.40_f0.05,True,0.4,0.05,503.39269905617556,39.93114847405499,1.0549738981389976,0.7853995881414632,603392.6990561755,273.0
h0.40_f0.08,True,0.4,0.08,503.39269905617556,39.93114847405499,1.0549738981389976,0.7853995881414632,603392.6990561755,273.0
h0.40_f0.11,True,0.4,0.11,503.39269905617556,39.93114847405499,1.0549738981389976,0.7853995881414632,603392.6990561755,273.0
h0.40_f0.14,True,0.4,0.14,503.39269905617556,39.93114847405499,1.0549738981389976,0.7853995881414632,603392.6990561755,273.0
h0.40_f0.17,True,0.4,0.17,503.39269905617556,39.93114847405499,1.0549738981389976,0.7853995881414632,603392.6990561755,273.0
h0.40_f0.20,True,0.4,0.2,503.39269905617556,39.93114847405499,1.0549738981389976,0.7853995881414632,603392.6990561755,273.0
h0.40_f0.23,True,0.4,0.23,503.39269905617556,39.93114847405499,1.0549738981389976,0.7853995881414632,603392.6990561755,273.0
h0.40_f0.26,True,0.4,0.26,503.39269905617556,39.93114847405499,1.0549738981389976,0.7853995881414632,603392.6990561755,273.0
h0.40_f0.29,True,0.4,0.29,503.39269905617556,39.93114847405499,1.0549738981389976,0.7853995881414632,603392.6990561755,273.0
h0.40_f0.32,True,0.4,0.32,503.39269905617556,39.93114847405499,1.0549738981389976,0.7853995881414632,603392.6990561755,273.0
h0.40_f0.35,True,0.4,0.35,503.39269905617556,39.93114847405499,1.0549738981389976,0.7853995881414632,603392.6990561755,273.0
h0.40_f0.38,True,0.4,0.38,503.39269905617556,39.93114847405499,1.0549738981389976,0.7853995881414632,603392.6990561755,273.0
细化h0.19_f0.02,True,0.19,0.02,272.188220014817,27.638447647000103,0.9891920251058711,0.7986684334017694,372188.22001481696,279.0
细化h0.19_f0.03,True,0.19,0.03,281.10859496736293,27.638447647000103,1.0039658712112005,0.8145734897300105,381108.594967363,279.0
细化h0.19_f0.04,True,0.19,0.04,281.1403835075754,27.638447647000103,0.9994722611956744,0.8146296015982036,381140.3835075754,279.0
细化h0.19_f0.05,True,0.19,0.05,286.71219495398617,27.668344003867812,0.9991346708903889,0.8235131713435487,386712.19495398615,279.0
细化h0.19_f0.06,True,0.19,0.06,275.4856618026556,27.674609048685216,0.9728490695606888,0.803533757853142,375485.6618026556,281.0
细化h0.19_f0.07,True,0.19,0.07,275.4856618026556,27.674609048685216,0.9728490695606888,0.803533757853142,375485.6618026556,281.0
细化h0.19_f0.08,True,0.19,0.08,257.4985099459528,27.674609048685216,0.935410896802031,0.7707492310733008,357498.5099459528,283.0
细化h0.20_f0.02,True,0.2,0.02,350.7357915755084,27.638447647000103,1.0841343038516518,0.928907124418279,450735.79157550837,279.0
细化h0.20_f0.03,True,0.2,0.03,350.7357915755084,27.638447647000103,1.0841343038516518,0.928907124418279,450735.79157550837,279.0
细化h0.20_f0.04,True,0.2,0.04,350.7357915755084,27.638447647000103,1.0841343038516518,0.928907124418279,450735.79157550837,279.0
细化h0.20_f0.06,True,0.2,0.06,291.8447557197572,29.40265648748771,1.0107371333362887,0.7833030680834984,391844.7557197572,279.0
细化h0.20_f0.07,True,0.2,0.07,303.1030110692492,27.701553565002087,1.0232229558930652,0.8505386850598787,403103.01106924925,279.0
细化h0.21_f0.02,True,0.21,0.02,385.04626449396994,27.6307849785208,1.1281085454977127,0.9800890403414034,485046.26449397,279.0
细化h0.21_f0.03,True,0.21,0.03,397.99534971381655,27.67465491519746,1.1312615408475672,0.9969331961248724,497995.34971381666,279.0
细化h0.21_f0.04,True,0.21,0.04,321.98519710447033,27.885237832192317,1.0679344155621064,0.8758285508955457,421985.19710447034,279.0
细化h0.21_f0.05,True,0.21,0.05,321.98519710447033,27.885237832192317,1.0679344155621064,0.8758285508955457,421985.19710447034,279.0
细化h0.21_f0.06,True,0.21,0.06,321.98519710447033,27.885237832192317,1.0679344155621064,0.8758285508955457,421985.19710447034,279.0
细化h0.21_f0.07,True,0.21,0.07,394.0469534218234,27.885237832192317,1.1413163481510658,0.9838802523798786,494046.95342182333,279.0
细化h0.21_f0.08,True,0.21,0.08,288.06606456920554,33.44026523201444,0.9995742068663216,0.6833196072141208,388066.06456920557,280.0
细化h0.22_f0.02,True,0.22,0.02,385.04626449396994,27.6307849785208,1.1281085454977127,0.9800890403414034,485046.26449397,279.0
细化h0.22_f0.03,True,0.22,0.03,397.99534971381655,27.67465491519746,1.1312615408475672,0.9969331961248724,497995.34971381666,279.0
细化h0.22_f0.04,True,0.22,0.04,330.63476065594995,26.436004309593592,1.082228782572543,0.9383574283626784,430634.76065595,277.0
细化h0.22_f0.06,True,0.22,0.06,302.4282541237352,30.811334095579607,1.0223192704428468,0.7636745153054647,402428.2541237352,279.0
细化h0.22_f0.07,True,0.22,0.07,302.4282541237352,30.811334095579607,1.0223192704428468,0.7636745153054647,402428.2541237352,279.0
细化h0.23_f0.02,True,0.23,0.02,293.26185832112657,32.40072285535538,0.9779836719872119,0.7129043149019996,393261.85832112655,277.0
细化h0.23_f0.03,True,0.23,0.03,293.26185832112657,32.40072285535538,0.9779836719872119,0.7129043149019996,393261.85832112655,277.0
细化h0.23_f0.04,True,0.23,0.04,293.26185832112657,32.40072285535538,0.9779836719872119,0.7129043149019996,393261.85832112655,277.0
细化h0.23_f0.05,True,0.23,0.05,302.52351825013034,31.98698075421587,0.987781497564011,0.7357452208435306,402523.51825013035,277.0
细化h0.23_f0.06,True,0.23,0.06,309.7165724766467,31.963168393290335,0.9921143701821026,0.7466966079983627,409716.5724766467,277.0
细化h0.23_f0.07,True,0.23,0.07,309.7165724766467,31.963168393290335,0.9921143701821026,0.7466966079983627,409716.5724766467,277.0
细化h0.23_f0.08,True,0.23,0.08,317.4231039438069,31.9587891868615,0.9949060124393845,0.7577758145337017,417423.1039438069,277.0
细化h0.24_f0.02,True,0.24,0.02,249.87671628434816,37.97278031078428,0.9291555164111583,0.551289768539299,349876.71628434816,279.0
细化h0.24_f0.03,True,0.24,0.03,260.04853640320437,37.97278031078428,0.9456496904006139,0.565171523618528,360048.5364032044,279.0
细化h0.24_f0.04,True,0.24,0.04,261.43688558280473,37.97278031078428,0.923885870342243,0.567040359818267,361436.88558280474,279.0
细化h0.24_f0.06,True,0.24,0.06,275.5484352365907,37.68229884344609,0.9368018391570107,0.5902130315349725,375548.43523659074,279.0
细化h0.24_f0.07,True,0.24,0.07,275.5484352365907,37.68229884344609,0.9368018391570107,0.5902130315349725,375548.43523659074,279.0
细化h0.25_f0.02,True,0.25,0.02,249.19644547961713,34.61555305914024,0.9016217167858365,0.6037254458922396,349196.44547961716,275.0
细化h0.25_f0.03,True,0.25,0.03,249.19644547961713,34.61555305914024,0.9016217167858365,0.6037254458922396,349196.44547961716,275.0
细化h0.25_f0.04,True,0.25,0.04,244.38107402342294,37.754931932572894,0.8874111333647858,0.5467835554995828,344381.07402342296,275.0
细化h0.25_f0.05,True,0.25,0.05,249.3394364953807,37.627570360144325,0.8912026322293183,0.5555979859237332,349339.4364953807,275.0
细化h0.25_f0.06,True,0.25,0.06,249.3394364953807,37.627570360144325,0.8912026322293183,0.5555979859237332,349339.4364953807,275.0
细化h0.25_f0.07,True,0.25,0.07,256.3557813420579,37.57739552834043,0.8956833057694772,0.5660648919055509,356355.7813420579,275.0
细化h0.25_f0.08,True,0.25,0.08,256.3557813420579,37.57739552834043,0.8956833057694772,0.5660648919055509,356355.7813420579,275.0
