date,equity,n_pos,cash,nav
2026-01-05,1000000.0,0,1000000.0,1.0
2026-01-06,1000000.0,0,1000000.0,1.0
2026-01-07,975959.804896,1,49959.80489599996,0.975959804896
2026-01-08,969490.437812,0,969490.437812,0.9694904378120001
2026-01-09,963830.514341632,1,50751.51434163202,0.963830514341632
2026-01-12,986321.517092372,0,986321.517092372,0.986321517092372
2026-01-13,986321.517092372,0,986321.517092372,0.986321517092372
2026-01-14,986321.517092372,0,986321.517092372,0.986321517092372
2026-01-15,1000728.7893594762,1,49494.789359476184,1.0007287893594763
2026-01-16,975398.238811744,0,975398.238811744,0.975398238811744
2026-01-19,975398.238811744,0,975398.238811744,0.975398238811744
2026-01-20,975398.238811744,0,975398.238811744,0.975398238811744
2026-01-21,975398.238811744,0,975398.238811744,0.975398238811744
2026-01-22,975398.238811744,0,975398.238811744,0.975398238811744
2026-01-23,971509.7884501443,1,49784.78845014423,0.9715097884501444
2026-01-26,939038.8019924444,0,939038.8019924444,0.9390388019924444
2026-01-27,939038.8019924444,0,939038.8019924444,0.9390388019924444
2026-01-28,939038.8019924444,0,939038.8019924444,0.9390388019924444
2026-01-29,928822.5421681243,1,47392.542168124346,0.9288225421681243
2026-01-30,994793.6393814645,0,994793.6393814645,0.9947936393814645
2026-02-02,1018719.4859586164,1,50271.48595861648,1.0187194859586164
2026-02-03,1013021.0570262644,0,1013021.0570262644,1.0130210570262643
2026-02-04,1013021.0570262644,0,1013021.0570262644,1.0130210570262643
2026-02-05,1013021.0570262644,0,1013021.0570262644,1.0130210570262643
2026-02-06,1013021.0570262644,0,1013021.0570262644,1.0130210570262643
2026-02-09,1013021.0570262644,0,1013021.0570262644,1.0130210570262643
2026-02-10,1013021.0570262644,0,1013021.0570262644,1.0130210570262643
2026-02-11,1013021.0570262644,0,1013021.0570262644,1.0130210570262643
2026-02-12,1013021.0570262644,0,1013021.0570262644,1.0130210570262643
2026-02-13,1016787.8545510328,1,51100.85455103265,1.0167878545510327
2026-02-24,982282.8691023528,0,982282.8691023528,0.9822828691023527
2026-02-25,982282.8691023528,0,982282.8691023528,0.9822828691023527
2026-02-26,982282.8691023528,0,982282.8691023528,0.9822828691023527
2026-02-27,961241.3832609768,1,49330.38326097675,0.9612413832609767
2026-03-02,914240.3752617568,1,48100.37526175671,0.9142403752617568
2026-03-03,907067.2273568048,1,47387.22735680465,0.9070672273568048
2026-03-04,858409.2519703327,0,858409.2519703327,0.8584092519703327
2026-03-05,858409.2519703327,0,858409.2519703327,0.8584092519703327
2026-03-06,854510.3436702369,1,42890.34367023688,0.8545103436702369
2026-03-09,926102.8433145648,1,63590.8433145649,0.9261028433145648
2026-03-10,953343.0607502687,0,953343.0607502687,0.9533430607502688
2026-03-11,953343.0607502687,0,953343.0607502687,0.9533430607502688
2026-03-12,953343.0607502687,0,953343.0607502687,0.9533430607502688
2026-03-13,953343.0607502687,0,953343.0607502687,0.9533430607502688
2026-03-16,953343.0607502687,0,953343.0607502687,0.9533430607502688
2026-03-17,953343.0607502687,0,953343.0607502687,0.9533430607502688
2026-03-18,989374.730702045,1,47932.730702045024,0.9893747307020451
2026-03-19,998433.8741859652,0,998433.8741859652,0.9984338741859652
2026-03-20,998433.8741859652,0,998433.8741859652,0.9984338741859652
2026-03-23,933918.4909434052,1,52788.490943405195,0.9339184909434052
2026-03-24,938712.8251580452,0,938712.8251580452,0.9387128251580452
2026-03-25,938712.8251580452,0,938712.8251580452,0.9387128251580452
2026-03-26,938712.8251580452,0,938712.8251580452,0.9387128251580452
2026-03-27,938712.8251580452,0,938712.8251580452,0.9387128251580452
2026-03-30,938712.8251580452,0,938712.8251580452,0.9387128251580452
2026-03-31,938712.8251580452,0,938712.8251580452,0.9387128251580452
2026-04-01,938712.8251580452,0,938712.8251580452,0.9387128251580452
2026-04-02,938712.8251580452,0,938712.8251580452,0.9387128251580452
2026-04-03,938712.8251580452,0,938712.8251580452,0.9387128251580452
2026-04-07,938547.0914598051,1,47547.09145980526,0.9385470914598052
2026-04-08,966239.0645151652,0,966239.0645151652,0.9662390645151652
2026-04-09,948582.1337473254,1,49320.133747325395,0.9485821337473254
2026-04-10,958765.7352187816,1,49696.73521878151,0.9587657352187816
2026-04-13,960867.7264524736,0,960867.7264524736,0.9608677264524735
2026-04-14,960867.7264524736,0,960867.7264524736,0.9608677264524735
2026-04-15,960867.7264524736,0,960867.7264524736,0.9608677264524735
2026-04-16,972312.7277561856,1,49366.727756185806,0.9723127277561856
2026-04-17,958957.24451441,0,958957.24451441,0.95895724451441
2026-04-20,958957.24451441,0,958957.24451441,0.95895724451441
2026-04-21,958957.24451441,0,958957.24451441,0.95895724451441
2026-04-22,958957.24451441,0,958957.24451441,0.95895724451441
2026-04-23,958957.24451441,0,958957.24451441,0.95895724451441
2026-04-24,958957.24451441,0,958957.24451441,0.95895724451441
2026-04-27,952031.854151402,1,48011.85415140202,0.952031854151402
2026-04-28,938752.492137146,0,938752.492137146,0.938752492137146
2026-04-29,924536.539219706,1,47386.53921970609,0.924536539219706
2026-04-30,942367.19533947,1,47540.195339470054,0.9423671953394701
2026-05-06,929185.5784818822,1,52316.57848188211,0.9291855784818822
2026-05-07,901627.41935201,0,901627.41935201,0.90162741935201
2026-05-08,901627.41935201,0,901627.41935201,0.90162741935201
2026-05-11,897533.259839402,1,47519.25983940216,0.897533259839402
2026-05-12,899088.4919056823,0,899088.4919056823,0.8990884919056823
2026-05-13,942321.7295550264,1,47169.72955502628,0.9423217295550264
2026-05-14,900260.5302256102,0,900260.5302256102,0.9002605302256103
2026-05-15,900260.5302256102,0,900260.5302256102,0.9002605302256103
2026-05-18,900260.5302256102,0,900260.5302256102,0.9002605302256103
2026-05-19,945533.1175148264,1,45921.11751482636,0.9455331175148264
2026-05-20,914543.1000807864,0,914543.1000807864,0.9145431000807864
2026-05-21,914543.1000807864,0,914543.1000807864,0.9145431000807864
2026-05-22,914543.1000807864,0,914543.1000807864,0.9145431000807864
2026-05-25,914543.1000807864,0,914543.1000807864,0.9145431000807864
2026-05-26,914543.1000807864,0,914543.1000807864,0.9145431000807864
2026-05-27,992289.9638728824,1,45842.96387288242,0.9922899638728824
2026-05-28,957696.8638502384,0,957696.8638502384,0.9576968638502383
2026-05-29,985039.6824958704,1,50595.68249587051,0.9850396824958704
2026-06-01,931146.6031748384,0,931146.6031748384,0.9311466031748383
2026-06-02,931146.6031748384,0,931146.6031748384,0.9311466031748383
2026-06-03,931146.6031748384,0,931146.6031748384,0.9311466031748383
2026-06-04,942010.3996561186,1,46858.39965611859,0.9420103996561185
2026-06-05,913697.2316136224,0,913697.2316136224,0.9136972316136224
2026-06-08,925420.1001653026,1,46828.10016530263,0.9254201001653026
2026-06-09,888643.8222458787,1,45043.82224587875,0.8886438222458788
2026-06-10,850616.280993663,1,44258.28099366301,0.850616280993663
2026-06-11,825697.577427711,0,825697.577427711,0.825697577427711
2026-06-12,825697.577427711,0,825697.577427711,0.825697577427711
2026-06-15,845503.3145299832,1,41821.31452998321,0.8455033145299832
2026-06-16,884613.3961285832,1,44676.396128583234,0.8846133961285833
2026-06-17,934534.4734297834,1,45184.47342978336,0.9345344734297834
2026-06-18,936840.4557966634,1,51840.45579666342,0.9368404557966634
2026-06-22,1088923.4656226677,1,52987.465622667456,1.0889234656226676
2026-06-23,1040353.7004092914,0,1040353.7004092914,1.0403537004092915
2026-06-24,1040353.7004092914,0,1040353.7004092914,1.0403537004092915
2026-06-25,1040353.7004092914,0,1040353.7004092914,1.0403537004092915
2026-06-26,1040353.7004092914,0,1040353.7004092914,1.0403537004092915
2026-06-29,1085456.2014949236,1,54416.20149492356,1.0854562014949236
2026-06-30,1036988.0974115556,0,1036988.0974115556,1.0369880974115555
2026-07-01,1036988.0974115556,0,1036988.0974115556,1.0369880974115555
2026-07-02,1036988.0974115556,0,1036988.0974115556,1.0369880974115555
2026-07-03,1017027.5805992034,1,51947.58059920347,1.0170275805992033
2026-07-06,1003881.6988490596,1,52266.69884905964,1.0038816988490595
2026-07-07,986806.3480567276,0,986806.3480567276,0.9868063480567275
2026-07-08,986806.3480567276,0,986806.3480567276,0.9868063480567275
2026-07-09,986806.3480567276,0,986806.3480567276,0.9868063480567275
2026-07-10,986806.3480567276,0,986806.3480567276,0.9868063480567275
2026-07-13,986806.3480567276,0,986806.3480567276,0.9868063480567275
2026-07-14,986806.3480567276,0,986806.3480567276,0.9868063480567275
2026-07-15,965241.2421707116,1,49634.24217071163,0.9652412421707116
2026-07-16,949749.8993128956,0,949749.8993128956,0.9497498993128956
2026-07-17,949749.8993128956,0,949749.8993128956,0.9497498993128956
2026-07-20,961200.2466667516,1,47698.246666751686,0.9612002466667515
2026-07-21,1004586.1843512836,0,1004586.1843512836,1.0045861843512836
2026-07-22,946423.3195326278,1,53934.31953262782,0.9464233195326278
2026-07-23,931163.5481207038,0,931163.5481207038,0.9311635481207038
2026-07-24,931163.5481207038,0,931163.5481207038,0.9311635481207038
2026-07-27,931163.5481207038,0,931163.5481207038,0.9311635481207038
2026-07-28,931163.5481207038,0,931163.5481207038,0.9311635481207038
2026-07-29,931163.5481207038,0,931163.5481207038,0.9311635481207038
2026-07-30,931163.5481207038,0,931163.5481207038,0.9311635481207038
2026-07-31,1029527.339496704,1,48697.339496703935,1.029527339496704
2026-08-03,1037836.740845824,0,1037836.740845824,1.037836740845824
2026-08-04,1037836.740845824,0,1037836.740845824,1.037836740845824
2026-08-05,1037836.740845824,0,1037836.740845824,1.037836740845824
2026-08-06,1037836.740845824,0,1037836.740845824,1.037836740845824
2026-08-07,1037836.740845824,0,1037836.740845824,1.037836740845824
2026-08-10,1037836.740845824,0,1037836.740845824,1.037836740845824
2026-08-11,1037836.740845824,0,1037836.740845824,1.037836740845824
2026-08-12,1037836.740845824,0,1037836.740845824,1.037836740845824
2026-08-13,1037836.740845824,0,1037836.740845824,1.037836740845824
2026-08-14,1030889.255084608,1,51911.25508460798,1.030889255084608
2026-08-17,1037138.9072266,0,1037138.9072266,1.0371389072266
2026-08-18,1037138.9072266,0,1037138.9072266,1.0371389072266
2026-08-19,1037138.9072266,0,1037138.9072266,1.0371389072266
2026-08-20,1045768.1909542804,1,57396.1909542802,1.0457681909542804
2026-08-21,1029123.41614916,0,1029123.41614916,1.02912341614916
2026-08-24,1029123.41614916,0,1029123.41614916,1.02912341614916
2026-08-25,1029123.41614916,0,1029123.41614916,1.02912341614916
2026-08-26,1029123.41614916,0,1029123.41614916,1.02912341614916
2026-08-27,1029123.41614916,0,1029123.41614916,1.02912341614916
2026-08-28,1029123.41614916,0,1029123.41614916,1.02912341614916
2026-08-31,1029123.41614916,0,1029123.41614916,1.02912341614916
