entry_pct,symbol,code,name,buy_date,sell_date,buy_px,sell_px,ret_pct,reason
0.025,sh600273,600273,600273,2026-01-07,2026-01-08,9.49949,9.20079,-3.1443793298376876,T+1收盘清仓
0.025,sz000628,628,628,2026-01-09,2026-01-12,51.32127,52.29765,1.9024860452595993,T+1收盘清仓
0.025,sz000875,875,875,2026-01-15,2026-01-16,6.676669999999999,6.60339,-1.097553121541106,T+1止损
0.025,sz002815,2815,2815,2026-01-23,2026-01-26,16.096079999999997,15.47451,-3.8616234511756664,T+1止损
0.025,sh688380,688380,688380,2026-01-29,2026-01-30,54.03397999999999,57.45249,6.326593006844972,T+1收盘清仓
0.025,sz002041,2041,2041,2026-02-02,2026-02-03,11.35134,11.57841,2.000380571809157,T+1收盘清仓
0.025,sh603950,603950,603950,2026-02-13,2026-02-24,39.90986999999999,38.6613,-3.128474234569012,T+1收盘清仓
0.025,sz300303,300303,300303,2026-02-27,2026-03-02,9.31931,8.941049999999999,-4.058884187777856,T+1收盘清仓
0.025,sz002015,2015,2015,2026-03-02,2026-03-03,14.104089999999998,14.04594,-0.4122917536686032,T+1收盘清仓
0.025,sz000506,506,506,2026-03-03,2026-03-04,22.41239,20.38959,-9.025364987848228,T+1收盘清仓
0.025,sz000727,727,727,2026-03-06,2026-03-09,2.7127099999999995,2.70729,-0.1998001998001819,T+1收盘清仓
0.025,sz301205,301205,301205,2026-03-09,2026-03-10,233.10286999999997,261.84789,12.33147408266575,T+1止损
0.025,sh600643,600643,600643,2026-03-18,2026-03-19,5.135129999999999,5.3946000000000005,5.052841894947191,T+1收盘清仓
0.025,sh605099,605099,605099,2026-03-23,2026-03-24,41.11107,38.541419999999995,-6.250506250506261,T+1止损
0.025,sh603033,603033,603033,2026-04-07,2026-04-08,11.00099,11.34864,3.1601701301428253,T+1收盘清仓
0.025,sh600641,600641,600641,2026-04-09,2026-04-10,21.471449999999997,22.05792,2.731394479646232,T+1收盘清仓
0.025,sz002635,2635,2635,2026-04-10,2026-04-13,15.865849999999998,15.37461,-3.0962097839069336,T+1收盘清仓
0.025,sz001896,1896,1896,2026-04-16,2026-04-17,16.846829999999997,16.82316,-0.1405012100199054,T+1止损
0.025,sz002127,2127,2127,2026-04-27,2026-04-28,3.0730699999999995,3.0069899999999996,-2.1502927040386255,T+1收盘清仓
0.025,sh600320,600320,600320,2026-04-29,2026-04-30,5.38538,5.34465,-0.7563068901358827,T+1收盘清仓
0.025,sz000901,901,901,2026-04-30,2026-05-06,23.693669999999997,24.16581,1.9926841219616964,T+1收盘清仓
0.025,sz000628,628,628,2026-05-06,2026-05-07,67.36729999999999,63.89604,-5.1527373072692395,T+1止损
0.025,sz002965,2965,2965,2026-05-11,2026-05-12,35.145109999999995,35.0649,-0.2282252068637524,T+1收盘清仓
0.025,sz001359,1359,1359,2026-05-13,2026-05-14,83.51343,83.68623,0.2069128282720544,T+1止损
0.025,sz000685,685,685,2026-05-19,2026-05-20,11.83182,12.03795,1.742166462978667,T+1收盘清仓
0.025,sz002251,2251,2251,2026-05-27,2026-05-28,4.19419,4.40559,5.040305756296215,T+1止损
0.025,sz301565,301565,301565,2026-05-29,2026-06-01,28.16814,27.36261,-2.8597202371189456,T+1止损
0.025,sh603319,603319,603319,2026-06-04,2026-06-05,43.34329999999999,42.51744,-1.9053925289490905,T+1止损
0.025,sz002987,2987,2987,2026-06-08,2026-06-09,12.3123,12.07791,-1.9037060500475045,T+1止损
0.025,sz300376,300376,300376,2026-06-09,2026-06-10,6.056049999999999,5.78421,-4.488734406089767,T+1止损
0.025,sh600458,600458,600458,2026-06-10,2026-06-11,15.465449999999995,14.86512,-3.8817493186425023,T+1止损
0.025,sh600869,600869,600869,2026-06-15,2026-06-16,31.86182999999999,33.95601,6.572692152334025,T+1收盘清仓
0.025,sh688432,688432,688432,2026-06-16,2026-06-17,25.285259999999997,26.1738,3.5140631340156325,T+1收盘清仓
0.025,sh688484,688484,688484,2026-06-17,2026-06-18,52.122069999999994,53.62632,2.886013544742183,T+1收盘清仓
0.025,sh688766,688766,688766,2026-06-18,2026-06-22,585.04446,669.63969,14.459624145488023,T+1收盘清仓
0.025,sz300166,300166,300166,2026-06-22,2026-06-23,18.98897,18.71127,-1.462427925263976,T+1止损
0.025,sh605296,605296,605296,2026-06-29,2026-06-30,27.537509999999997,27.46251,-0.2723557794441111,T+1止损
0.025,sh600480,600480,600480,2026-07-03,2026-07-06,9.38938,9.27072,-1.2637682147277007,T+1收盘清仓
0.025,sz300580,300580,300580,2026-07-06,2026-07-07,26.186159999999997,25.20477,-3.747743082605459,T+1收盘清仓
0.025,sh601969,601969,601969,2026-07-15,2026-07-16,8.66866,8.33166,-3.887567397960001,T+1收盘清仓
0.025,sz001369,1369,1369,2026-07-20,2026-07-21,13.053039999999998,13.85613,6.152513131040749,T+1收盘清仓
0.025,sh688001,688001,688001,2026-07-22,2026-07-23,56.24618999999999,51.93801,-7.659505470503857,T+1止损
0.025,sh603171,603171,603171,2026-07-31,2026-08-03,41.041,46.033919999999995,12.165687970566008,T+1收盘清仓
0.025,sz002706,2706,2706,2026-08-14,2026-08-17,10.08007,10.07991,-0.001587290564442,T+1收盘清仓
0.025,sz001301,1301,1301,2026-08-20,2026-08-21,63.61354999999999,63.1368,-0.7494472482670544,T+1收盘清仓
