id,week_turn,name_turn,skipped_buy,filled_buy,blocked_sell,logic,family,kind,g_is_ret,g_is_ann,g_is_sharpe,g_is_mdd,g_oos_ret,g_oos_ann,g_oos_sharpe,g_oos_mdd,g_val_ret,g_val_ann,g_val_sharpe,g_val_mdd,g_all_ret,g_all_sharpe,g_all_mdd,n_is_ret,n_is_ann,n_is_sharpe,n_is_mdd,n_oos_ret,n_oos_ann,n_oos_sharpe,n_oos_mdd,n_val_ret,n_val_ann,n_val_sharpe,n_val_mdd,n_all_ret,n_all_sharpe,n_all_mdd,ic_is,icir_is,legs,base,k
f3_mom3,0.9486681887366819,0.915,739,2003,9,因子3 3日动量 Top5,f3,single,8.06051089440305,1.9623558204629798,0.03761659366411067,63.499951662635866,-37.551601782818736,-21.013970583303955,-0.40391095660626525,56.9806583139965,-1.4757378045974656,-2.4601948687112407,-0.045010067252460415,33.22032268904931,-30.72254120535767,-0.10331906181736196,79.50287428728569,-35.43774606988626,-10.388395938430751,-0.19988019375124175,69.2275847348712,-51.95114859234013,-30.734971282813405,-0.5924000824039363,65.10696439279224,-8.713030822591373,-14.16457550323832,-0.25975236532044754,37.35753264327302,-70.64006459354688,-0.32477650538605285,87.18506933868117,-0.015274037572494672,-0.10671301811416459,,,
f3_mom5,0.9198630136986302,0.8965831435079727,522,1971,9,因子3 5日动量 Top5,f3,single,-64.42484679005909,-22.824646390252823,-0.42980141287006074,75.52056596749783,-29.04593379990178,-15.795494671938325,-0.2918561342616297,70.29662224583117,-2.2811134657465204,-3.7923942563451774,-0.06866846020780507,35.2229965802927,-73.8583135865119,-0.3430619359607984,90.89666732513196,-78.41373496872639,-31.909363419593728,-0.6032282640370095,83.9654581678376,-44.9649604555582,-25.859961124038545,-0.4790455855627499,73.36123767465963,-9.288317357931074,-15.068953026858999,-0.2727763400564781,39.081658545475605,-88.63369946944904,-0.5251769904632799,94.973996066932,-0.02836032288350064,-0.20739962795357134,,,
f3_mom10,0.7423340961098398,0.7347031963470319,233,1613,3,因子3 10日动量 Top5,f3,single,-73.63643420197876,-28.409787995767623,-0.5326427446192763,82.82747581415737,-21.879858854459265,-11.636851184547325,-0.21903951499973073,69.23885947395092,-5.479401784101768,-9.00959527404609,-0.14339647973932906,42.57063064792121,-80.58275115461068,-0.4055958072440405,94.28254591543697,-82.375040566824,-35.28356019796733,-0.6639122535177245,87.79086588342417,-36.34488119335379,-20.2529091718616,-0.38223413326751987,73.32396195499771,-10.984137126206106,-17.71233763957768,-0.28198781892545477,43.96179449439017,-90.07838821586918,-0.5463973175572944,96.48658601316914,-0.033916775576698206,-0.24348433706223682,,,
f3_mom20,0.5544827586206896,0.5532110091743119,138,1209,4,因子3 20日动量 Top5,f3,single,-24.712941936259046,-6.868741922780863,-0.12741385612959075,66.46901834932089,-58.77134625933624,-35.8489615037081,-0.6630744915327227,82.65063515354618,-11.199389563271511,-18.045452656841622,-0.27691664462570154,47.89181145947885,-70.50081058980301,-0.3065290181990726,91.05480767196987,-44.269583496101106,-13.63280704004407,-0.2534772809349184,68.74133026391918,-64.64215525384765,-40.60110423321881,-0.7517684828285728,84.49624119258262,-15.093286983104093,-23.976947734135877,-0.36799348543490257,48.98049412359842,-82.1457919879248,-0.41778135000482425,93.00655276104803,-0.03303026014269418,-0.20238363808948384,,,
f3_mom60,0.3397887323943662,0.3405152224824356,39,733,3,因子3 60日动量 Top5,f3,single,-42.33485372354736,-12.890754042899733,-0.251635079012704,70.35727730604532,-47.238717252777164,-27.410803519660366,-0.5227243578734976,69.80579356631846,-29.679520768089773,-44.563997519574684,-0.6858697632789448,52.922021700059204,-77.86669441239127,-0.38562591372638594,87.11853626579841,-52.06043281102399,-16.83236071179429,-0.3289749542649685,72.56758132787257,-51.983343647979105,-30.75822837972384,-0.5867805144938991,71.50845787042341,-31.590650439910817,-47.06501890500034,-0.7243704713736561,53.148482065949956,-83.73868360734255,-0.4545595789274476,89.58816682795158,-0.03283345358839403,-0.18179385848660928,,,
f3_rev5,0.9623287671232876,0.9621867881548974,6,2113,0,因子3 5日反转（动量最低）Top5,f3,single,-69.36156467239267,-25.661456307403586,-0.7411928975573256,82.48286298520597,46.24281911870425,20.978196235124493,0.5744369286525095,36.595983717838784,-28.540547020605665,-43.051402727419315,-0.9534200708755856,48.19222612673922,-66.29904103499162,-0.4182873812621037,82.48286298520597,-81.91199037274941,-34.86146131808603,-1.0066088937843498,88.257396520569,11.998303435082658,5.8415889391887355,0.15997314313083424,39.69700327709713,-33.936107429292385,-50.07048107752235,-1.1039380431442873,51.35698853368802,-85.98439728510827,-0.7085125967544834,90.68249906735085,0.02836032288350064,0.20739962795357134,,,
f3_rev10,0.8284897025171624,0.8269406392694064,6,1813,1,因子3 10日反转（动量最低）Top5,f3,single,-41.78277475801109,-12.68243411278137,-0.3721517658129639,60.58899446423285,18.15737375024975,8.718878293208189,0.24290557964791687,38.02230956289736,-24.5820744444452,-37.667618304641096,-0.7825719721259161,47.73900098733348,-47.13191348172741,-0.25487594623937476,70.02050209777036,-62.99293847062435,-22.057407648363903,-0.6475647574115008,72.73207487963728,-6.10308148132529,-3.1058552983708188,-0.08652507221188753,41.35467499481861,-29.50385878135915,-44.331783868787,-0.9186656466516155,50.457638129348894,-75.14654042990246,-0.526506778393223,83.49155110410457,0.033916775576698206,0.24348433706223682,,,
f3_rev20,0.6905747126436781,0.6885321100917431,3,1506,2,因子3 20日反转（动量最低）Top5,f3,single,117.13889299251376,21.455034571831845,0.6205367503519426,40.96271570892745,140.26501505884005,55.144693539245516,1.5147445439141365,37.14255339183566,-24.09011313545394,-36.984872770702296,-0.9148439301192919,41.968763679751255,313.04822038028226,0.6705742212834378,41.968763679751255,48.93732462798837,10.501869767717253,0.3039286930085131,45.39909958481137,98.41771761490527,40.9601579018233,1.1246251268679708,39.22204920591072,-28.244357851237933,-42.65536779533304,-1.050998202351079,44.81630639553863,120.35941188754097,0.3556544484877583,45.39909958481137,0.03303026014269418,0.20238363808948384,,,
f10_near5,0.9811643835616438,0.9753986332574032,277,2131,2,因子10 近5日高 Top5,f10,single,192.8155566628442,30.908781239603545,0.8212669340486952,42.160161035043146,73.08179820184948,31.634829088160444,0.791057133037027,38.235634889285805,7.044347994654254,12.08121440587111,0.30160887126784436,25.70427831458465,472.50877868751866,0.783288198120762,58.56742738962397,72.21675930219166,14.599014148072387,0.3916927032877597,44.84095948274482,32.13587584895159,14.98332969100382,0.37710333545427155,46.13357665224675,-1.0153997159870642,-1.6954197367644475,-0.04278509981863169,29.093608879562318,136.48294846820218,0.36378435566827866,65.81091371861588,0.02042092254677006,0.13191660668802288,,,
f10_near10,0.9768115942028985,0.9730593607305936,244,2127,5,因子10 近10日高 Top5,f10,single,98.9694004031426,18.82330895788913,0.4695923275978679,37.554479223869144,56.12240934511155,25.006230877312596,0.5956405099365746,33.61303163396966,23.098222843170046,41.64887727733495,0.9940467253852406,23.123933852224088,305.7747003876722,0.5782167637341112,52.12515695321143,17.398432884585247,4.103034049901866,0.10343001937388398,40.594121408022076,19.3864792830176,9.28404072473137,0.2228000712751269,42.41518845955382,13.8700795006786,24.311697234654094,0.5855218968773693,24.969888823624864,68.49535991310887,0.20310480484666824,60.69798065087184,0.008910519895595473,0.05666091489406128,,,
f10_near20,0.9721839080459771,0.969724770642202,253,2112,8,因子10 近20日高 Top5,f10,single,52.64046695254627,11.184303970122066,0.26261644487258756,43.90792885808922,-6.2307766041132755,-3.1718988812736937,-0.0744561600287967,61.50846732702418,49.406929229220054,95.95257535340231,2.1604203664294888,23.300241735715044,135.26711591322544,0.32295669691029966,72.52686874128933,-9.66112038299487,-2.514866672046845,-0.05965896379652792,54.00888961873234,-28.197166037551767,-15.292319413645538,-0.3619766485622767,67.91239271753314,38.259348616281756,72.07898553512835,1.6345027436343063,25.264897743270755,-1.8249190354308054,-0.006564862321989019,77.9692206087524,0.006211417852274607,0.03832309285418632,,,
f10_near60,0.9618935837245696,0.9597189695550351,270,2044,7,因子10 近60日高 Top5,f10,single,41.30877209185591,9.054941216550283,0.20806039215362102,51.182926546615704,26.162906428481026,12.349121755644887,0.28787089946350075,54.89339734544936,67.40737630442928,137.09646947115263,2.6992272961075847,22.05137943782255,230.31453541925427,0.44949225618384275,68.59148069104671,-15.98941785970519,-4.273635453255309,-0.09901338260283854,58.96956753947935,-3.1734939792167682,-1.6028043405261316,-0.0375915067583536,60.79988083834964,55.08775980315561,108.59542137161809,2.152981772103767,22.447659809383826,38.936861829836154,0.11659757375536725,80.62175647987682,-0.005899682330317074,-0.03174823456206237,,,
f10_trend20,0.7439080459770114,0.7408256880733946,200,1616,5,因子10 偏离20日均线 Top5,f10,single,-64.63628278385019,-22.939888388020147,-0.4194629694425779,73.46787660454723,-35.70753010786999,-19.853845560701156,-0.3641561725940939,69.55334428541379,-36.75652975565876,-53.59016683875393,-0.8473162767381672,57.34462883416636,-85.46372136028941,-0.45687118998875653,90.59568216166043,-76.369633123866,-30.347356660102566,-0.5569518483298945,81.14083512739091,-47.63032429382527,-27.68124685297447,-0.5091397274738337,73.53087639963434,-40.4360683255734,-58.024690797659304,-0.9190507033841842,59.43907929647152,-92.57799549598664,-0.589135991579528,94.7169251058385,-0.03258673868585132,-0.21718053465342688,,,
f10_trend60,0.4940140845070422,0.49367681498829036,99,1058,3,因子10 偏离60日均线 Top5,f10,single,-24.791302899859126,-6.893051365786218,-0.12590030608470143,71.74904838843432,-59.65742406311239,-36.54348464765545,-0.6733869966081083,76.8376122240438,-34.995446502645564,-51.404615228929764,-0.7788393467560707,59.24641245393856,-79.74894044580196,-0.3856445951607469,91.22403213968587,-42.49019340291835,-12.949638776863736,-0.2369305866928121,76.25115703120804,-64.8153207045624,-40.7470354334087,-0.7516028612620235,78.90224520923721,-37.5413036852983,-54.55099623290263,-0.8268931259429242,60.58957304137624,-87.05745233675782,-0.4787030374613368,94.15004906967826,-0.04320964384640424,-0.234496724066994,,,
f10_persist10,0.8774218154080856,0.8726027397260275,145,1909,4,因子10 10日上涨占比 Top5,f10,single,11.730364397583948,2.819589516214416,0.07470621479226323,42.160706174759824,35.08946391998475,16.263963276727857,0.47920032261931683,41.62873923114488,63.333880021488675,127.5100095151136,3.225689679582805,16.164587679806697,156.59159348692833,0.4165572769596736,42.160706174759824,-30.70317414372753,-8.784422837315676,-0.23363096658570073,43.40932593138973,5.972347108435128,2.9490148145465023,0.0870902535896537,44.07978700526826,52.25721010663338,102.25612376202835,2.599734127313934,16.75617232042146,15.836075748199207,0.061358721287197486,52.441778801087246,-0.021476221675869094,-0.19473742958434,,,
f10_persist20,0.707816091954023,0.7064220183486238,56,1542,0,因子10 20日上涨占比 Top5,f10,single,58.93629639645188,12.316582356454564,0.31281749629811445,61.41298638132593,5.7983805897681595,2.8643045593266914,0.08329703016150695,63.78049088845863,-8.471045843148383,-13.78301059055188,-0.30865384050583583,32.16349357019506,55.82465338940483,0.18077136527346266,81.39452961704531,8.115718254477056,1.97541203827436,0.05030381187517747,64.11213431169634,-13.02002993692578,-6.750330538622739,-0.19673749701637053,67.41532562239377,-13.533176988779594,-21.62204132887746,-0.4857372779340224,33.703686475307016,-17.986244572062628,-0.07716691543387519,86.43935853019077,-0.02276712942246082,-0.1858187268135632,,,
f10_comp_default,0.9194835680751174,0.9138173302107729,288,1951,7,因子10 默认近高20+趋势60+动量20 等权百分位,f10,single,-5.83791333395448,-1.496630061795512,-0.031501919801500904,51.69153261423176,57.04906354069328,25.377428451548624,0.4973427739353025,52.11478568617641,52.024167371665996,101.73771955287098,1.7376033811949931,37.701603570276454,153.07548055784378,0.3032998813373212,69.16725953582552,-42.80908338522349,-13.070895111308367,-0.2765341505819053,59.81132459719329,21.938148974945946,10.448143436131252,0.20556256376524823,57.83614453312762,41.2924681513253,78.45067966542318,1.3462460954612019,38.1670471074245,10.403504517789774,0.03048309989447522,80.51652055572791,-0.02674079703636024,-0.1539748906324123,,,
f10_comp_short,0.9528801843317972,0.9467889908256882,386,2063,7,因子10 短窗近高5+趋势20+动量5 等权百分位,f10,single,69.64970902133787,14.168378166728314,0.27923434635923794,47.02793020616307,89.77520745573173,37.8497529236959,0.7465452607620039,50.65015728598969,30.12793079386704,55.4615849999865,0.9723630634563281,33.59800723113151,354.79937544397,0.5021171871878858,54.56611257193572,1.3741636798861645,0.3427246030366815,0.006796788340565416,50.2676798711672,46.11087561007048,20.92349702329228,0.4149167925146305,54.311625648288775,20.674218927137833,37.00667274903486,0.6540155250662111,34.10568344359014,93.08119496346717,0.20533218583283633,64.58849165067,-0.01687300886245241,-0.11167292918780079,,,
f9_e5_20,0.9249425287356322,0.9197247706422018,240,2006,5,因子9 价格动能 fast5/slow20,f9,single,236.64276260991875,35.56704785686888,0.7448659613625911,43.0171129920343,124.84131181053289,50.07213728903122,1.0827202906000424,47.639540323689374,37.395785969154446,70.28200571067185,1.2799561793314607,24.642648999882454,1013.5121567035206,0.9176494479128189,47.639540323689374,104.01706099900072,19.57190786033456,0.41202556280201535,43.72374361875471,74.28052699797195,32.09081831226817,0.6965013218055615,50.593137931974596,27.608138138222827,50.45091780076161,0.9226304111235374,26.51529045009371,383.47857822692833,0.5641770820118336,50.593137931974596,-0.0259553650961,-0.17186884256351936,,,
f9_e3_10,0.9561784897025172,0.9465753424657535,377,2071,3,因子9 价格动能 fast3/slow10,f9,single,145.55276564736897,25.25756944148465,0.5308938190689761,56.6312967368046,113.94447924226898,46.38290379814003,0.9768530326899301,42.83505526153344,16.45949572618739,29.084269617108504,0.5823177375473861,27.33015271716749,557.3193493699276,0.6906763020783149,56.6312967368046,46.207115708585846,9.990544552822866,0.21098864146740903,59.43392196499451,64.43091382716521,28.29624348480706,0.598300961665098,47.10150442478531,7.870007647572441,13.533435708614272,0.27205052426386783,30.835407666333523,177.23533282281824,0.3511096122736529,59.43392196499451,-0.020553432617048558,-0.1398916329193137,,,
f11_mom3_high5,0.9681159420289857,0.9407744874715261,724,2052,7,因子11 默认 3日动量Top20→近5日高 Top5,f11,two_stage,321.1793289694481,43.39874811619644,0.847374159275254,41.17545723193635,92.28324409139528,38.75953671453567,0.7436922282426032,40.784122644689255,70.78387528834035,145.16311127248272,2.8116656080062805,25.273989994087376,1423.28861246239,0.989829912510519,44.18172683926158,149.70623735138165,25.785366660620568,0.5065461554658711,48.71862776072826,47.388106335143675,21.451961929374242,0.4135208474917351,43.34484448838776,58.17593389858631,115.60137737307974,2.258068913674668,25.855725673647378,537.9686009982818,0.6319354041474693,54.66892050982921,0.02042092254677006,0.13191660668802288,,,
f11_mom5_high5,0.9613272311212815,0.9375854214123007,618,2054,6,因子11 5/5,f11,two_stage,216.33838462706115,33.46925867843169,0.6508627102053596,38.91251859004726,2.7878555960696882,1.3872138469054107,0.0265557590074113,60.47915001805856,24.40663792128255,44.180477096853245,0.8282437674159406,30.513674640466036,340.88670257940186,0.48566181231409766,61.22359526113473,88.18279978669685,17.17458852289353,0.3359532545280119,42.28352080809612,-21.119188199676998,-11.206803783888375,-0.21538324128035893,63.4535612682583,15.22854279152137,26.806453180059876,0.5054667751469019,31.911862930964972,85.50060395170456,0.19012498859145152,69.66291362780602,0.02042092254677006,0.13191660668802288,,,
f11_mom3_high10,0.9721330275229358,0.9602739726027397,487,2094,7,因子11 3/10,f11,two_stage,138.75788791873674,24.379509638312324,0.48880542748577055,45.15433905745778,144.24492633493017,56.427020382807804,1.0896706505833362,38.013011160779975,61.08511101264285,122.28634032112056,2.3586887775727536,27.426831447807153,935.2341623605869,0.83775057539192,45.15433905745778,41.14667191627808,9.023566694390261,0.1820078841380485,48.37482124447629,87.01213533231788,36.84048222677474,0.71464075100146,39.233217464079,49.13862659466712,95.36335820480406,1.8546793496102862,27.99487648595943,331.6804953167835,0.4919531896393521,48.37482124447629,0.008910519895595473,0.05666091489406128,,,
f11_mom20_high20,0.9,0.8940366972477066,248,1949,10,因子11 原 20/20,f11,two_stage,4.371083357222427,1.0782700110056886,0.022114244728515864,59.01538722983082,32.2504963146083,15.033292292172451,0.30075882054547604,58.212870181240476,9.129247649813932,15.762753730360268,0.2796304240524885,38.159621049664224,69.61803403131172,0.1667941788576801,79.13991409078565,-35.96600144617136,-10.572768300794289,-0.2177420106453842,68.89171616338643,3.179906411129485,1.580781936300224,0.03172247166840879,63.61419860332678,1.5408132545473352,2.5949806312252743,0.04619730867541433,39.89329078306678,-24.800619121549584,-0.08491613671146052,86.6418540342537,0.006211417852274607,0.03832309285418632,,,
f11_not_climax,0.9835240274599544,0.983599088838269,73,2155,4,一段动量Top20→二段5日涨幅最低,f11,two_stage,-34.273578021882,-9.986032349600215,-0.2647235698021393,68.07914135059167,-38.83829456385721,-21.833597936449134,-0.5698273848915928,56.61952916520142,-1.3078193239261293,-2.1815052552198844,-0.047941974065720976,32.39684718414809,-60.5023805382128,-0.3395769959694378,85.1645375961472,-61.524042138591014,-21.293127012809563,-0.5671797327979083,76.91354408993263,-53.42042539926254,-31.80439347259685,-0.832395271687532,62.91972801449746,-8.809245639859565,-14.316098595393822,-0.31580022052584206,33.112788419015985,-83.8156116986573,-0.6262498512042082,91.27588286005432,0.02836032288350064,0.20739962795357134,,,
f11_far_high,0.9715753424657535,0.9712984054669703,39,2131,3,一段动量Top20→远离前高,f11,two_stage,-84.74008408644747,-37.5794382371079,-0.9207655817145582,88.97994489937399,-77.72680277411543,-52.878373158462956,-1.222047837316493,81.67183610481203,-33.44585596850482,-49.448134841930546,-0.9843778048275648,46.49861151964805,-97.85451238484917,-1.0382285502186357,98.51906726682998,-91.01396322875944,-45.33947005336061,-1.1157782921759698,92.95977588409924,-82.98899340558222,-58.830691120353485,-1.3630936925058121,85.15905818980357,-38.4844931426646,-55.69503271376883,-1.1088349071605275,50.168878786186454,-99.11291932973863,-1.2067565114825003,99.33224849980695,0.02042092254677006,0.13191660668802288,,,
blend_equal,0.9572413793103448,0.9573394495412844,14,2088,1,去冗余后截面 z 等权 Top5：f9_e5_20+f10_near5+f3_rev20+f10_persist20,blend,blend,3.355021987791229,0.8306884092049494,0.03386571159329288,35.13962789598539,24.716321289439016,11.701841422736138,0.4976095475269142,16.71589462908085,17.296662840629608,30.64273290890982,1.364788547161796,11.696364119160553,52.70069932911778,0.2754711460938484,35.318390406844976,-38.710465124321914,-11.549425975800409,-0.4724341386246662,52.39227067553609,-4.342443477067914,-2.1997859286448596,-0.09369610480798285,22.71085861529636,8.584892300801418,14.796900213072206,0.6610358770864674,14.857842272167876,-36.03455483553585,-0.2730307000268813,54.281491712439525,0.002438659130106368,0.018567604205310173,"f9_e5_20,f10_near5,f3_rev20,f10_persist20",,
blend_icir,0.9645977011494253,0.9642201834862385,16,2104,1,去冗余后 IS-ICIR 加权 Top5：f9_e5_20+f10_near5+f3_rev20+f10_persist20,blend,blend,20.650931274897765,4.8186658266099025,0.18580015374755676,42.55639289315912,-8.076807688318643,-4.13172332726649,-0.15184457038823432,28.412929139504072,-1.2445905273252622,-2.0764831233112235,-0.06804354840236536,24.990326284565977,8.700675418312542,0.047512028168765784,45.668055463626445,-28.744719681855322,-8.144906109184403,-0.3148970009990591,48.104009152446196,-29.69157944298546,-16.18026739166488,-0.5928973550311097,37.16432869755894,-8.623172163880655,-14.022964899791813,-0.4621692465745144,28.609563099743017,-54.80307859102924,-0.4239719902342562,70.37638953533879,0.038786028708590464,0.26840195610790835,"f9_e5_20,f10_near5,f3_rev20,f10_persist20",,
f11_mom3_high5_k3,0.978310502283105,0.9726651480637813,177,1274,1,f11_mom3_high5 Top3,refine,refine,187.06225064511887,30.2591828815882,0.6889036872986758,47.66537651904355,22.345207408404043,10.632720200384993,0.22908174615570223,51.68818447534302,8.388289285801044,14.44886838652133,0.29733721672075997,38.342705334916715,302.5374735377805,0.52010427281098,70.39397404280005,69.09125591851026,14.074048911310744,0.32272804142358424,50.211020438254295,-6.496305613652098,-3.309373622969891,-0.0717416025949282,56.42800654768474,0.24395753007537824,0.40907744933578183,0.008477943942581256,39.46274466806948,66.74049171067695,0.1795744793521046,75.55587598804169,,,,f11_mom3_high5,3.0
f11_mom3_high5_k5,0.9811643835616438,0.9753986332574032,277,2131,2,f11_mom3_high5 Top5,refine,refine,192.8155566628442,30.908781239603545,0.8212669340486952,42.160161035043146,73.08179820184948,31.634829088160444,0.791057133037027,38.235634889285805,7.044347994654254,12.08121440587111,0.30160887126784436,25.70427831458465,472.50877868751866,0.783288198120762,58.56742738962397,72.21675930219166,14.599014148072387,0.3916927032877597,44.84095948274482,32.13587584895159,14.98332969100382,0.37710333545427155,46.13357665224675,-1.0153997159870642,-1.6954197367644475,-0.04278509981863169,29.093608879562318,136.48294846820218,0.36378435566827866,65.81091371861588,,,,f11_mom3_high5,5.0
f11_mom3_high5_k8,0.9782969123722549,0.9726651480637813,437,3400,4,f11_mom3_high5 Top8,refine,refine,163.67193000626347,27.51314820371431,0.8394211992868094,32.81277851915887,17.86781271992084,8.585307128004228,0.2531578538585758,28.198244085301805,50.59630913652251,98.57316862313763,2.955401805526743,17.577935431629633,383.79323966376637,0.8123753946146054,45.39232132912944,55.313260659734254,11.669190719775147,0.3606051040308521,35.92201426036495,-9.970708676240768,-5.126486230617033,-0.1524726175325723,35.704182008954696,39.30898021488773,74.27338221081507,2.2596745879237097,18.858248376968678,100.31095775686904,0.33816029469240655,54.78866139072998,,,,f11_mom3_high5,8.0
blend_icir_k3,0.9762452107279694,0.9755351681957187,11,1277,1,blend_icir Top3,refine,refine,-28.938805107555066,-8.207690756976993,-0.28513188793389443,57.94769972512546,0.3583250724348952,0.17937097472764396,0.00593915191897102,30.80523847807014,14.675321822928256,25.788076330909092,0.7061653094385899,21.340657655825957,-18.011545757229154,-0.09874075255436629,64.24789325150752,-58.309937807243074,-19.69411950087584,-0.6857321957864837,71.9581441712178,-23.493233478695565,-12.555948104942205,-0.41449408694031087,39.83970784512147,6.033900254114499,10.314247125669397,0.2842499316925854,23.551319121685545,-66.27200803019981,-0.5064085293343953,80.73421480847243,,,,blend_icir,3.0
blend_icir_k5,0.9645977011494253,0.9642201834862385,16,2104,1,blend_icir Top5,refine,refine,20.650931274897765,4.8186658266099025,0.18580015374755676,42.55639289315912,-8.076807688318643,-4.13172332726649,-0.15184457038823432,28.412929139504072,-1.2445905273252622,-2.0764831233112235,-0.06804354840236536,24.990326284565977,8.700675418312542,0.047512028168765784,45.668055463626445,-28.744719681855322,-8.144906109184403,-0.3148970009990591,48.104009152446196,-29.69157944298546,-16.18026739166488,-0.5928973550311097,37.16432869755894,-8.623172163880655,-14.022964899791813,-0.4621692465745144,28.609563099743017,-54.80307859102924,-0.4239719902342562,70.37638953533879,,,,blend_icir,5.0
blend_icir_k8,0.9547482211275315,0.9547018348623854,22,3330,1,blend_icir Top8,refine,refine,-1.960675087692998,-0.49516687712568563,-0.02091203987775661,40.19470519677114,1.797493905555969,0.8965933836553086,0.03433331839438338,25.011409932964646,1.0700809654466958,1.7993484210978794,0.0655620950729969,19.239027781896546,0.42454011755861387,0.0025891690411099823,43.11492936638317,-41.81214372399475,-12.693478752339015,-0.5369040539461519,55.28638660862205,-21.915719893076048,-11.657176789050816,-0.4452180531116244,32.58293843731527,-6.4022033386681105,-10.493053502417327,-0.38536364866529627,23.883476735389998,-57.878775586074994,-0.49554874838908564,69.537964976412,,,,blend_icir,8.0
