mode,signal_date,trade_from,trade_to,oos_tag,rank,symbol,name,score,weight
cum,2019-12-31,2020-01-01,2020-06-30,2020H1,1,sz002947,恒铭达,216.3879,0.4312
cum,2019-12-31,2020-01-01,2020-06-30,2020H1,2,sh600072,中船科技,119.3077,0.2377
cum,2019-12-31,2020-01-01,2020-06-30,2020H1,3,sz002458,益生股份,115.9651,0.2311
cum,2020-06-30,2020-07-01,2020-12-31,2020H2,1,sh603005,晶方科技,346.0496,0.3548
cum,2020-06-30,2020-07-01,2020-12-31,2020H2,2,sz002947,恒铭达,315.9759,0.3239
cum,2020-06-30,2020-07-01,2020-12-31,2020H2,3,sh600185,珠免集团,215.8996,0.2213
cum,2020-12-31,2021-01-01,2021-06-30,2021H1,1,sz002747,埃斯顿,378.0204,0.3475
cum,2020-12-31,2021-01-01,2021-06-30,2021H1,2,sh603005,晶方科技,317.3944,0.2917
cum,2020-12-31,2021-01-01,2021-06-30,2021H1,3,sh600399,抚顺特钢,283.7216,0.2608
cum,2021-06-30,2021-07-01,2021-12-31,2021H2,1,sh603026,石大胜华,628.4421,0.3735
cum,2021-06-30,2021-07-01,2021-12-31,2021H2,2,sz002747,埃斯顿,462.7350,0.2750
cum,2021-06-30,2021-07-01,2021-12-31,2021H2,3,sh603005,晶方科技,422.9823,0.2514
cum,2021-12-31,2022-01-01,2022-06-30,2022H1,1,sh603026,石大胜华,565.9293,0.3522
cum,2021-12-31,2022-01-01,2022-06-30,2022H1,2,sz002487,大金重工,445.4232,0.2772
cum,2021-12-31,2022-01-01,2022-06-30,2022H1,3,sz000762,西藏矿业,434.9865,0.2707
cum,2022-06-30,2022-07-01,2022-12-31,2022H2,1,sz002738,中矿资源,757.0523,0.3640
cum,2022-06-30,2022-07-01,2022-12-31,2022H2,2,sz000762,西藏矿业,587.4872,0.2825
cum,2022-06-30,2022-07-01,2022-12-31,2022H2,3,sh603026,石大胜华,527.3290,0.2535
cum,2022-12-31,2023-01-01,2023-06-30,2023H1,1,sz002335,科华数据,773.6921,0.4032
cum,2022-12-31,2023-01-01,2023-06-30,2023H1,2,sz000009,中国宝安,480.3159,0.2503
cum,2022-12-31,2023-01-01,2023-06-30,2023H1,3,sh600773,西藏城投,472.8460,0.2464
cum,2023-06-30,2023-07-01,2023-12-31,2023H2,1,sz002738,中矿资源,514.4201,0.3195
cum,2023-06-30,2023-07-01,2023-12-31,2023H2,2,sz002335,科华数据,476.5446,0.2960
cum,2023-06-30,2023-07-01,2023-12-31,2023H2,3,sh600330,天通股份,457.9008,0.2844
cum,2023-12-31,2024-01-01,2024-06-30,2024H1,1,sz002738,中矿资源,533.2814,0.3318
cum,2023-12-31,2024-01-01,2024-06-30,2024H1,2,sz000009,中国宝安,461.9737,0.2875
cum,2023-12-31,2024-01-01,2024-06-30,2024H1,3,sz002335,科华数据,451.0451,0.2807
cum,2024-06-30,2024-07-01,2024-12-31,2024H2,1,sz002738,中矿资源,664.1835,0.3428
cum,2024-06-30,2024-07-01,2024-12-31,2024H2,2,sz002335,科华数据,605.6597,0.3126
cum,2024-06-30,2024-07-01,2024-12-31,2024H2,3,sh600773,西藏城投,473.7969,0.2446
cum,2024-12-31,2025-01-01,2025-06-30,2025H1,1,sz002335,科华数据,975.9061,0.3610
cum,2024-12-31,2025-01-01,2025-06-30,2025H1,2,sz002738,中矿资源,757.5384,0.2802
cum,2024-12-31,2025-01-01,2025-06-30,2025H1,3,sh600552,凯盛科技,699.8757,0.2589
cum,2025-06-30,2025-07-01,2025-12-31,2025H2,1,sz002335,科华数据,1243.8185,0.4074
cum,2025-06-30,2025-07-01,2025-12-31,2025H2,2,sh600552,凯盛科技,805.5587,0.2639
cum,2025-06-30,2025-07-01,2025-12-31,2025H2,3,sh603306,华懋科技,698.3004,0.2287
cum,2025-12-31,2026-01-01,2026-06-30,2026H1,1,sz002335,科华数据,1512.6401,0.3539
cum,2025-12-31,2026-01-01,2026-06-30,2026H1,2,sh600105,永鼎股份,1254.8942,0.2936
cum,2025-12-31,2026-01-01,2026-06-30,2026H1,3,sh603083,剑桥科技,1079.3713,0.2525
