月份,现行收益%,持有收益%,对照收益%,差值(B-A)
2025-01,-6.48,-1.44,-6.48,0.0
2025-02,0.69,4.96,0.69,0.0
2025-03,3.4,-1.81,3.4,0.0
2025-04,1.53,-8.35,1.53,0.0
2025-05,2.35,2.47,2.35,0.0
2025-06,7.6,7.98,7.6,0.0
2025-07,13.01,12.27,13.01,0.0
2025-08,18.48,18.01,18.48,0.0
2025-09,-0.0,14.32,8.12,8.12
2025-10,-12.06,-5.43,-12.03,0.030000000000001137
2025-11,-5.13,-5.26,-5.11,0.019999999999999574
2025-12,37.99,34.94,33.47,-4.520000000000003
2026-01,20.18,3.27,20.18,0.0
2026-02,4.58,26.47,4.66,0.08000000000000007
2026-03,0.81,-8.86,0.91,0.09999999999999998
2026-04,52.25,78.44,37.37,-14.880000000000003
2026-05,29.02,17.35,27.86,-1.1600000000000001
2026-06,3.72,-5.77,5.44,1.7200000000000002
2026-07,-20.99,-46.14,-21.02,-0.030000000000001137
2026-08,46.96,74.23,46.92,-0.03999999999999915
