date,symbol,side,shares,price,touch_time
20250103,688169.SH,buy,1400,226.83249999999998,2025-01-03 09:32:00
20250103,603993.SH,buy,49100,6.77525,2025-01-03 09:35:00
20250103,601799.SH,buy,2500,132.635,2025-01-03 09:36:00
20250110,688169.SH,sell,1400,223.8,
20250110,002311.SZ,buy,6800,48.175,2025-01-10 09:31:00
20250120,002311.SZ,sell,6800,48.83,
20250120,688472.SH,buy,28800,11.654249999999998,2025-01-20 09:31:00
20250121,601799.SH,sell,2500,131.7,
20250121,600161.SH,buy,15600,21.094499999999996,2025-01-21 09:31:00
20250122,688472.SH,sell,28800,10.91,
20250122,300442.SZ,buy,5500,56.631249999999994,2025-01-22 09:31:00
20250123,300442.SZ,sell,5500,55.12,
20250123,600111.SH,buy,14000,21.729999999999997,2025-01-23 09:34:00
20250321,603993.SH,sell,49100,7.64,
20250321,600111.SH,sell,14000,22.54,
20250321,002129.SZ,buy,35500,9.419749999999999,2025-03-21 09:32:00
20250321,600745.SH,buy,9100,36.33625,2025-03-21 09:32:00
20250327,002129.SZ,sell,35500,9.33,
20250327,300418.SZ,buy,8900,36.45925,2025-03-27 09:33:00
20250328,300418.SZ,sell,8900,35.02,
20250328,600845.SH,buy,10400,30.883249999999997,2025-03-28 09:31:00
20250401,600845.SH,sell,10400,28.66,
20250401,600066.SH,buy,11600,27.039499999999997,2025-04-01 09:31:00
20250407,600745.SH,sell,9100,28.8,
20250407,600066.SH,sell,11600,24.73,
20250407,000768.SZ,buy,13100,22.92925,2025-04-07 09:31:00
20250407,000975.SZ,buy,15100,17.015,2025-04-07 09:31:00
20250416,000768.SZ,sell,13100,23.4,
20250416,603296.SH,buy,4800,63.55,2025-04-16 09:31:00
20250417,000975.SZ,sell,15100,21.75,
20250417,000768.SZ,buy,13200,23.79025,2025-04-17 09:34:00
20250428,603296.SH,sell,4800,64.42,
20250428,000596.SZ,buy,1700,173.14299999999997,2025-04-28 09:31:00
20250429,000596.SZ,sell,1700,165.8,
20250429,300450.SZ,buy,16000,19.05475,2025-04-29 09:31:00
20250509,000768.SZ,sell,13200,24.24,
20250509,601021.SH,buy,5500,56.46725,2025-05-09 09:31:00
20250528,300450.SZ,sell,16000,19.79,
20250528,002920.SZ,buy,3000,105.8415,2025-05-28 09:36:00
20250530,002920.SZ,sell,3000,110.56,
20250530,002714.SZ,buy,8100,39.811,2025-05-30 09:32:00
20250728,601021.SH,sell,5500,54.28,
20250728,601868.SH,buy,118300,2.747,2025-07-28 09:31:00
20250827,601868.SH,sell,118300,2.48,
20250827,300502.SZ,buy,900,297.3422499999999,2025-08-27 09:31:00
20250902,300502.SZ,sell,900,358.2,
20250902,300274.SZ,buy,3400,102.18224999999998,2025-09-02 09:32:00
20250918,002714.SZ,sell,8100,54.75,
20250918,300122.SZ,buy,17900,22.918999999999997,2025-09-18 09:31:00
20250919,300274.SZ,sell,3400,137.2,
20250919,002028.SZ,buy,4000,99.41474999999998,2025-09-19 09:31:00
20251014,002028.SZ,sell,4000,102.83,
20251014,000776.SZ,buy,16400,23.872249999999998,2025-10-14 09:32:00
20251017,000776.SZ,sell,16400,23.37,
20251017,600010.SH,buy,138300,2.79825,2025-10-17 09:33:00
20251028,600010.SH,sell,138300,2.59,
20251028,300014.SZ,buy,4700,78.84299999999999,2025-10-28 09:32:00
20251104,300014.SZ,sell,4700,79.28,
20251104,002466.SZ,buy,6900,55.14499999999999,2025-11-04 09:33:00
20251111,002466.SZ,sell,6900,55.32,
20251111,300014.SZ,buy,4400,86.34599999999999,2025-11-11 09:31:00
20251112,300014.SZ,sell,4400,80.02,
20251112,688506.SH,buy,1000,356.7,2025-11-12 09:32:00
20251121,300122.SZ,sell,17900,20.19,
20251121,605117.SH,buy,4700,76.97749999999999,2025-11-21 09:31:00
20251215,688506.SH,sell,1000,350.47,
20251215,002916.SZ,buy,1900,195.78524999999996,2025-12-15 09:32:00
20251216,605117.SH,sell,4700,89.3,
20251216,300782.SZ,buy,5200,71.75,2025-12-16 09:31:00
20251219,002916.SZ,sell,1900,212.75,
20251219,300316.SZ,buy,11200,34.891,2025-12-19 09:35:00
20251231,300316.SZ,sell,11200,36.75,
20251231,688169.SH,buy,2600,156.5585,2025-12-31 09:32:00
20260113,688169.SH,sell,2600,158.53,
20260113,600415.SH,buy,24100,17.22,2026-01-13 09:31:00
20260126,300782.SZ,sell,5200,78.6,
20260126,688008.SH,buy,2500,162.14475,2026-01-26 09:31:00
20260129,688008.SH,sell,2500,162.18,
20260129,002384.SZ,buy,5200,77.449,2026-01-29 09:32:00
20260130,600415.SH,sell,24100,16.09,
20260130,300502.SZ,buy,900,398.20225,2026-01-30 09:32:00
20260202,300502.SZ,sell,900,439.0,
20260202,000408.SZ,buy,4800,83.62975,2026-02-02 09:31:00
20260204,002384.SZ,sell,5200,72.94,
20260204,300033.SZ,buy,1100,359.66225,2026-02-04 09:32:00
20260205,000408.SZ,sell,4800,82.56,
20260205,600489.SH,buy,12700,31.118999999999996,2026-02-05 09:31:00
20260206,300033.SZ,sell,1100,341.43,
20260206,600522.SH,buy,18300,21.0125,2026-02-06 09:33:00
20260225,600522.SH,sell,18300,25.08,
20260225,600585.SH,buy,16100,26.014499999999998,2026-02-25 09:31:00
20260303,600585.SH,sell,16100,25.24,
20260303,300866.SZ,buy,4200,97.98999999999998,2026-03-03 09:31:00
20260319,600489.SH,sell,12700,26.7,
20260319,300866.SZ,sell,4200,94.44,
20260319,002384.SZ,buy,3600,106.6,2026-03-19 09:31:00
20260319,600362.SH,buy,8200,47.3345,2026-03-19 09:32:00
20260323,600161.SH,sell,15600,14.79,
20260323,002384.SZ,sell,3600,105.23,
20260323,000301.SZ,buy,34600,10.5575,2026-03-23 09:31:00
20260323,600522.SH,buy,14300,25.215,2026-03-23 09:31:00
20260401,600522.SH,sell,14300,29.16,
20260401,600176.SH,buy,14800,26.49625,2026-04-01 09:32:00
20260413,000301.SZ,sell,34600,11.16,
20260413,300442.SZ,buy,4800,87.43249999999999,2026-04-13 09:32:00
20260420,600176.SH,sell,14800,31.71,
20260420,000977.SZ,buy,6100,71.18625,2026-04-20 09:31:00
20260421,300442.SZ,sell,4800,90.05,
20260421,600233.SH,buy,20200,21.28925,2026-04-21 09:32:00
20260423,600362.SH,sell,8200,44.66,
20260423,600893.SH,buy,8300,50.224999999999994,2026-04-23 09:31:00
20260424,600893.SH,sell,8300,49.11,
20260424,688041.SH,buy,1400,282.52074999999996,2026-04-24 09:32:00
20260428,000977.SZ,sell,6100,70.83,
20260428,300316.SZ,buy,10100,42.21974999999999,2026-04-28 09:31:00
20260508,688041.SH,sell,1400,323.28,
20260508,002466.SZ,buy,5600,80.2575,2026-05-08 09:32:00
20260512,002466.SZ,sell,5600,74.75,
20260512,688256.SH,buy,300,1229.98975,2026-05-12 09:32:00
20260513,600233.SH,sell,20200,20.65,
20260513,300394.SZ,buy,1300,351.01124999999996,2026-05-13 09:31:00
20260514,688256.SH,sell,300,1260.58,
20260514,000807.SZ,buy,12500,32.70775,2026-05-14 09:31:00
20260515,300316.SZ,sell,10100,52.8,
20260515,000807.SZ,sell,12500,29.75,
20260515,002709.SZ,buy,8300,57.28724999999999,2026-05-15 09:31:00
20260515,300661.SZ,buy,3900,108.691,2026-05-15 09:31:00
20260519,300394.SZ,sell,1300,363.0,
20260519,002422.SZ,buy,14300,31.928749999999997,2026-05-19 09:31:00
20260520,002422.SZ,sell,14300,31.96,
20260520,301269.SZ,buy,4800,97.457,2026-05-20 09:32:00
20260521,300661.SZ,sell,3900,109.62,
20260521,301269.SZ,sell,4800,97.22,
20260521,002916.SZ,buy,1300,350.54999999999995,2026-05-21 09:32:00
20260521,300033.SZ,buy,1900,235.32975,2026-05-21 09:32:00
20260522,300033.SZ,sell,1900,226.87,
20260522,300408.SZ,buy,4000,107.61474999999999,2026-05-22 09:31:00
20260525,002709.SZ,sell,8300,53.07,
20260525,300408.SZ,sell,4000,115.35,
20260525,002028.SZ,buy,2300,203.01149999999998,2026-05-25 09:31:00
20260525,002493.SZ,buy,37100,11.828499999999998,2026-05-25 09:31:00
20260526,002028.SZ,sell,2300,194.1,
20260526,600188.SH,buy,21500,20.725499999999997,2026-05-26 09:31:00
20260527,002916.SZ,sell,1300,396.05,
20260527,300316.SZ,buy,8400,55.14499999999999,2026-05-27 09:31:00
20260529,300316.SZ,sell,8400,50.82,
20260529,000425.SZ,buy,47100,9.66575,2026-05-29 09:32:00
20260602,600188.SH,sell,21500,23.86,
20260602,600176.SH,buy,12300,38.499,2026-06-02 09:31:00
20260604,002493.SZ,sell,37100,11.0,
20260604,000338.SZ,buy,13900,33.097249999999995,2026-06-04 09:35:00
20260605,600176.SH,sell,12300,36.96,
20260605,000338.SZ,sell,13900,31.12,
20260605,001979.SZ,buy,50500,8.8765,2026-06-05 09:31:00
20260605,301236.SZ,buy,10400,42.271,2026-06-05 09:31:00
20260610,000425.SZ,sell,47100,9.27,
20260610,688047.SH,buy,3200,134.48,2026-06-10 09:31:00
20260611,301236.SZ,sell,10400,41.13,
20260611,002938.SZ,buy,3800,112.11449999999999,2026-06-11 09:31:00
20260612,002938.SZ,sell,3800,101.52,
20260612,300316.SZ,buy,7800,51.3525,2026-06-12 09:32:00
20260616,001979.SZ,sell,50500,7.56,
20260616,300124.SZ,buy,5400,71.03249999999998,2026-06-16 09:35:00
20260622,300124.SZ,sell,5400,68.95,
20260622,000807.SZ,buy,15200,24.558999999999997,2026-06-22 09:31:00
20260623,000807.SZ,sell,15200,23.93,
20260623,600989.SH,buy,15900,22.959999999999997,2026-06-23 09:32:00
20260625,600989.SH,sell,15900,21.17,
20260625,300059.SZ,buy,16300,20.540999999999997,2026-06-25 09:31:00
20260626,688047.SH,sell,3200,144.92,
20260626,300059.SZ,sell,16300,20.07,
20260626,600999.SH,buy,19600,21.217499999999998,2026-06-26 09:32:00
20260626,300498.SZ,buy,30800,12.217999999999998,2026-06-26 09:33:00
20260629,300316.SZ,sell,7800,56.2,
20260629,300418.SZ,buy,10200,40.3645,2026-06-29 09:32:00
20260702,600999.SH,sell,19600,21.7,
20260702,002602.SZ,buy,31300,14.05275,2026-07-02 09:31:00
20260703,300418.SZ,sell,10200,42.66,
20260703,000100.SZ,buy,71600,5.914249999999999,2026-07-03 09:31:00
20260706,000100.SZ,sell,71600,5.19,
20260706,000725.SZ,buy,47000,8.41525,2026-07-06 09:31:00
20260708,300498.SZ,sell,30800,13.12,
20260708,002602.SZ,sell,31300,14.23,
20260708,002049.SZ,buy,4700,84.83924999999999,2026-07-08 09:31:00
20260708,002236.SZ,buy,23300,17.179,2026-07-08 09:31:00
20260710,000725.SZ,sell,47000,7.59,
20260710,601100.SH,buy,3600,110.51549999999999,2026-07-10 09:31:00
20260713,002049.SZ,sell,4700,81.74,
20260713,002236.SZ,sell,23300,16.79,
20260713,601100.SH,sell,3600,106.0,
20260713,002028.SZ,buy,2500,152.41749999999996,2026-07-13 09:31:00
20260713,002384.SZ,buy,1600,243.5195,2026-07-13 09:31:00
20260713,301165.SZ,buy,3600,107.27649999999998,2026-07-13 09:31:00
20260714,301165.SZ,sell,3600,98.82,
20260714,000100.SZ,buy,71400,5.11475,2026-07-14 09:31:00
20260715,000100.SZ,sell,71400,5.02,
20260715,301165.SZ,buy,3500,100.48074999999999,2026-07-15 09:31:00
20260716,002028.SZ,sell,2500,151.4,
20260716,000938.SZ,buy,10800,35.403499999999994,2026-07-16 09:31:00
20260717,002384.SZ,sell,1600,241.92,
20260717,301165.SZ,sell,3500,96.09,
20260717,000938.SZ,sell,10800,35.13,
20260717,600989.SH,buy,16600,22.14,2026-07-17 09:38:00
20260717,002001.SZ,buy,12400,29.284249999999997,2026-07-17 09:39:00
20260717,600011.SH,buy,52500,6.918749999999999,2026-07-17 09:47:00
20260724,600989.SH,sell,16600,23.38,
20260724,002001.SZ,sell,12400,29.75,
20260724,600011.SH,sell,52500,7.09,
20260724,000938.SZ,buy,9000,42.03525,2026-07-24 09:32:00
20260724,603893.SH,buy,1700,212.708,2026-07-24 09:32:00
20260724,688521.SH,buy,1700,222.42499999999998,2026-07-24 09:32:00
20260728,603893.SH,sell,1700,199.52,
20260728,688521.SH,sell,1700,205.41,
20260728,600584.SH,buy,4400,81.28249999999998,2026-07-28 09:32:00
20260728,300433.SZ,buy,9800,35.88524999999999,2026-07-28 09:35:00
20260729,000938.SZ,sell,9000,37.33,
20260729,600584.SH,sell,4400,71.68,
20260729,300408.SZ,buy,3100,105.42124999999999,2026-07-29 09:31:00
20260729,688506.SH,buy,1000,314.72625,2026-07-29 09:31:00
20260730,300433.SZ,sell,9800,30.83,
20260730,300408.SZ,sell,3100,105.3,
20260730,688506.SH,sell,1000,307.01,
20260730,000938.SZ,buy,8800,35.875,2026-07-30 09:31:00
20260730,600183.SH,buy,2800,107.62499999999999,2026-07-30 09:31:00
20260730,300896.SZ,buy,2800,106.97925,2026-07-30 09:32:00
20260731,600183.SH,sell,2800,105.64,
20260731,300394.SZ,buy,1600,184.49999999999997,2026-07-31 09:31:00
20260803,000938.SZ,sell,8800,33.1,
20260803,603893.SH,buy,1600,188.6,2026-08-03 09:31:00
20260806,300896.SZ,sell,2800,102.6,
20260806,300628.SZ,buy,7700,40.08774999999999,2026-08-06 09:34:00
20260810,300394.SZ,sell,1600,223.03,
20260810,002353.SZ,buy,2100,151.1875,2026-08-10 09:31:00
20260813,603893.SH,sell,1600,208.34,
20260813,603296.SH,buy,3800,83.83475,2026-08-13 09:32:00
20260818,002353.SZ,sell,2100,162.55,
20260818,000596.SZ,buy,3500,97.2725,2026-08-18 09:32:00
20260819,603296.SH,sell,3800,78.1,
20260819,000792.SZ,buy,11500,28.3925,2026-08-19 09:34:00
