signal_date,trade_date,picks,pick_names,scores
2026-07-29,2026-07-30,"sz002487,sh600577,sh603360","大金重工,精达股份,百傲化学","4.0625,3.9876,3.9038"
2026-07-30,2026-07-31,"sh603319,sz001267,sz002487","美湖股份,汇绿生态,大金重工","4.2580,4.1624,3.9795"
2026-07-31,2026-08-03,"sh603920,sh603319,sz002487","世运电路,美湖股份,大金重工","4.3285,4.2533,4.1823"
2026-08-03,2026-08-04,"sh603920,sh603319,sz002487","世运电路,美湖股份,大金重工","4.5004,4.3245,4.0849"
2026-08-04,2026-08-05,"sh603920,sh603319,sh603360","世运电路,美湖股份,百傲化学","4.2057,4.0681,3.7804"
2026-08-05,2026-08-06,"sh603920,sh600363,sh603360","世运电路,联创光电,百傲化学","3.9645,3.8843,3.6769"
2026-08-06,2026-08-07,"sh600363,sh603360,sz002993","联创光电,百傲化学,奥海科技","4.3863,4.0392,3.7999"
2026-08-07,2026-08-10,"sh600363,sh603360,sz002531","联创光电,百傲化学,天顺风能","4.0774,3.6594,3.4862"
2026-08-10,2026-08-11,"sh600363,sh603360,sz002487","联创光电,百傲化学,大金重工","4.7444,3.5469,3.4912"
2026-08-11,,"sh600363,sh600498,sh603360","联创光电,烽火通信,百傲化学","4.6504,3.5166,3.4512"
