mode,n,n2,hold_days,top_k,train_sharpe,valid_sharpe,vh1,vh2,h_floor,train_dd,valid_dd,test_sharpe,test_ret,test_dd,full_sharpe,full_ret,full_dd,full_buys,sharpe_decay,score
plain,60,,12,3,0.2644601039531061,0.5576363774503613,1.044411573657259,-0.31830330006618474,-0.31830330006618474,0.507252990619157,0.23976912571185044,0.780307707038978,0.67007889465253,0.2921491427199833,0.48326937444914414,1.0160068154345212,0.507252990619157,4702,-0.8983360826623452,-1.754120524470979
plain,60,,14,3,0.30363738305261256,0.543715887911206,1.0289706634038382,-0.27991365492122494,-0.27991365492122494,0.49106928059620353,0.22304335075041512,0.8309025416242949,0.7361616885617281,0.2862098090954716,0.5366968695977952,1.2584291017852771,0.49106928059620353,4697,-0.9611714974067149,-1.6322583707562452
plain,60,,16,3,0.31165991431115264,0.6898562869268714,1.1553967326508685,-0.23744960220228037,-0.23744960220228037,0.531758985056621,0.21929140464871902,0.8978976245468282,0.8267143020462457,0.2801814191785412,0.5626532800413712,1.3994857884967487,0.531758985056621,4688,-0.7930765841568856,-1.7270877141831256
plain,60,,18,3,0.3242595232974419,0.7611430098832122,1.3580369412048199,-0.348790111075469,-0.348790111075469,0.5450673369015613,0.1953279554695356,0.8882092275901542,0.7976361175479465,0.27566213238283294,0.5639398104746383,1.3943205982969786,0.5450673369015613,4684,-0.6366448399329854,-2.0393780432828943
plain,60,,20,3,0.35274568858807326,0.724391108349876,1.5031235618088314,-0.5226381980390382,-0.5226381980390382,0.558637814712588,0.17363914791912227,0.8692198842302779,0.760894566578711,0.2604286164575488,0.6031041369308794,1.6106751138839361,0.558637814712588,4682,-0.6139452049196887,-2.3489252837898364
plain,60,,25,3,0.4118721979734682,0.3071264657729836,1.1505069716634746,-0.9258113931852346,-0.9258113931852346,0.5125282497786127,0.17223170524826906,0.8369827016744626,0.6946118429505319,0.246756207502801,0.5243407057799837,1.1213646347247033,0.5125282497786127,4677,-1.3281898670387982,-2.5674997547406533
plain,80,,12,3,0.6514588180240535,0.8455479587457579,1.4422761680953704,-0.5247637528059766,-0.5247637528059766,0.4928107939395926,0.22858241777165872,0.5137557915789368,0.33148904503710486,0.33553251108565774,0.6432384205140804,1.9732181077293185,0.4928107939395926,4741,0.3136226240905856,-2.22835229245637
plain,80,,14,3,0.6982683645639851,0.7344075784582652,1.3732629875314333,-0.6625094589313919,-0.6625094589313919,0.5096508518246099,0.23339173151156908,0.5179912991865141,0.3342985916199128,0.34838259334928307,0.6473780906614728,2.0001536225406737,0.5096508518246099,4731,0.276889792546102,-2.3154831350716933
plain,80,,16,3,0.7828366245857862,0.7019204146182414,1.4806145136869853,-0.8327946285873841,-0.8327946285873841,0.49695233093762164,0.24212713359488594,0.6016344023363712,0.43096677002945283,0.32460139508745883,0.6721347352825621,2.148998646186875,0.49695233093762164,4717,0.1895853847456348,-2.6408735373101058
plain,80,,18,3,0.793033110309099,0.5825568050928234,1.3498220509911478,-0.7644694138222217,-0.7644694138222217,0.4514569298274233,0.24231110119387053,0.6330433393858252,0.46433096504228666,0.33413168030824214,0.7027870718931842,2.307719614875523,0.4514569298274233,4727,0.07960456485192902,-2.489111538217723
plain,80,,20,3,0.8509367646817755,0.5283775643086008,1.183737278553008,-0.7231369400639798,-0.7231369400639798,0.4029244044719036,0.22201981795237438,0.5757844742282001,0.40856613935278774,0.3252261460893984,0.712581060423448,2.3352274480240145,0.4029244044719036,4719,0.16511492394969896,-2.348039070305568
plain,80,,25,3,0.9236613093235576,0.17027433970204023,0.8923300932380018,-0.7678623763682928,-0.7678623763682928,0.35709083850248796,0.22904390454814316,0.5653366004055315,0.3879590325152873,0.3170217950408418,0.6703131550177844,1.8977430437105363,0.3872744083438574,4701,-0.0335829185365597,-2.4286279882286643
plain,90,,12,3,1.1428791057782797,1.4201019113325832,1.8274309903134665,0.6463452456389035,0.6463452456389035,0.40579698729246116,0.20254493112040223,0.29846882592899054,0.08630415352552134,0.45104674238613185,0.7574796956940394,3.3368822739560597,0.5190637538194763,4739,0.7670924412343549,-0.3597823480916959
plain,90,,14,3,1.183511041258206,1.3005082432556594,1.7612958152131952,0.5348680553688345,0.5348680553688345,0.3781805072603218,0.1861736952919505,0.3082782354312662,0.10680321946437843,0.4224601761794063,0.7988289529538334,3.657351642756484,0.47459335688522164,4740,0.75179078733151,-0.3754086953930552
plain,90,,16,3,1.2031716911074974,1.1584270655827216,1.7671442746864021,0.311913059492749,0.311913059492749,0.37198705935168136,0.16937890254093543,0.36596731544650896,0.18234412510686004,0.40600111741769657,0.8528357390457694,4.121904947956009,0.46410701239021057,4744,0.6900681672449622,-0.9167979277818972
plain,90,,18,3,1.2304287395120326,0.9348517718191239,1.3476881662633735,0.26650329451165655,0.26650329451165655,0.3451383043094033,0.18545664556748423,0.45061813715795773,0.2975651448001999,0.4003986261761234,0.7978817483109335,3.4502890119852108,0.4799900076665301,4737,0.5837785129457156,-0.8623125301994699
plain,90,,20,3,1.1910577495222079,0.6147146697855653,0.926410585033878,0.1724486889190146,0.1724486889190146,0.33087701786196716,0.19187342787676306,0.4878383494288125,0.3478363772240223,0.3774981058117871,0.7952471303849914,3.2463181516476505,0.4504050474815975,4732,0.4596901091048661,-0.9074996269693572
plain,90,,25,3,1.1085937699497885,0.3291471373919348,0.6193826034732344,0.011274907382259652,0.011274907382259652,0.30694469443579836,0.20827605003533176,0.6502037693796332,0.6088508024827153,0.3719541143327439,0.75941645433331,2.9175231773739307,0.4720362036652528,4708,0.09552024838493056,-1.0500745928129882
plain,100,,12,3,0.9645888406880819,0.992889988060448,1.4889700770470127,0.2947602453329263,0.2947602453329263,0.42623704676258795,0.20115965378703907,0.4404751472546833,0.2826727967320182,0.3801431516257631,0.7278477996924334,3.0749235341582484,0.4398325963444368,4725,0.5499566679489543,-0.8459867258984343
plain,100,,14,3,0.9696161819511464,0.895201926604966,1.2619330918848488,0.31638976483952863,0.31638976483952863,0.42576137174573964,0.21232884872338476,0.48150593894978677,0.3409512425501491,0.3660688216656477,0.7481460243289602,3.2938265448963255,0.42576137174573964,4726,0.48358937878117647,-0.6992865323644811
plain,100,,16,3,0.9936684525737338,0.8629841533525758,1.2847283554736257,0.3539966475759803,0.3539966475759803,0.38128152100675444,0.20683771184838,0.5583783349705889,0.4573537488950852,0.3526905151233286,0.7667138180085169,3.3965084882372087,0.3950706021731327,4728,0.3985107034150783,-0.39001255437742294
plain,100,,18,3,0.9992877033112517,0.721032001738291,1.1257167647252257,0.16121625835747802,0.16121625835747802,0.380124290276965,0.20099090116615187,0.6571545424241185,0.6126166608577086,0.3435238292004985,0.7791009856809417,3.42408269708051,0.42685119512185327,4734,0.2360088180177028,-0.9183866592037871
plain,100,,20,3,0.9947020437533934,0.7215318592316698,1.0966983132490236,0.21477638593659895,0.21477638593659895,0.37145668599628384,0.20144104676398866,0.6508231930696298,0.6028547731803002,0.3483535012374996,0.7775666558170519,3.3691605267375504,0.4255330704285051,4730,0.24156818958342885,-0.7972106224362479
plain,100,,25,3,0.9092587361786556,0.46488918357146264,1.0166070287488904,-0.19259058407984883,-0.19259058407984883,0.3736308403211703,0.20110448644763737,0.747888705274064,0.7761224598745313,0.36102842526317785,0.7585541641979343,3.0876428125565525,0.43419324906781454,4688,-0.08851266231959043,-1.446927446627764
plain,120,,12,3,0.7198064373495016,0.8595842223813368,1.9650555624593462,-0.16658971993329774,-0.16658971993329774,0.5182783038683499,0.18358205915310385,0.5198062109123748,0.40625479804609776,0.43670016241697257,0.6239091377661188,2.1071734145211103,0.5233650975246521,4689,0.34176360014569074,-1.9486672197246064
plain,120,,14,3,0.736616867735509,0.5719636492024992,1.587376444209641,-0.2769849940779641,-0.2769849940779641,0.5048751717597204,0.18383790291474164,0.6331342636797094,0.5908592745657377,0.4042311715038145,0.6512906566785492,2.3224587932995937,0.5122121265835706,4700,0.03233426528280947,-1.9030223422277732
plain,120,,16,3,0.7387906054521716,0.4694212099164914,1.400157950821664,-0.30527455180555707,-0.30527455180555707,0.5026090916524237,0.1864375358511266,0.6954884198635959,0.6926030387634856,0.36701604193352444,0.6661965791977157,2.4491792071983873,0.5026090916524237,4697,-0.15126902587255486,-1.8865752932851827
plain,120,,18,3,0.7571854079526009,0.33319972203119375,1.1024438343362726,-0.3282015383542432,-0.3282015383542432,0.5081068864340055,0.18850292810475675,0.6981190927125985,0.693380942691836,0.35783950323880276,0.6501676966716247,2.3537180505844404,0.5081068864340055,4701,-0.2805000242858666,-1.8339234410946048
plain,120,,20,3,0.7309914301197349,0.21424342998579213,0.7763307672984928,-0.27614411751671664,-0.27614411751671664,0.4940347908004911,0.17111257879068884,0.7455759157401078,0.7746687153895706,0.3377723687388127,0.6862404679162485,2.687249226520056,0.4940347908004911,4684,-0.5775463796518696,-1.6017077244657607
plain,120,,25,3,0.6928030260949055,-0.01304489803005241,0.23797753853413697,-0.20707232926500996,-0.20707232926500996,0.45324629433596825,0.16295837816897774,0.8611398699880239,1.0217611541861822,0.33043808798388885,0.6428459365088168,2.2401614017669904,0.46715800284557873,4669,-1.5336655331787834,-1.2406718541917785
dual,90,20.0,14,3,0.580627943243327,0.5753681805321103,1.0215595208617883,-0.1449439764238755,-0.1449439764238755,0.41112388954154006,0.2753770384924407,0.711847102945558,0.5456974302430124,0.35603495024360615,0.595099487885746,1.5518541971246638,0.41112388954154006,4746,-0.2315735118915343,-1.2338671587679046
dual,90,20.0,16,3,0.5557221522892365,0.6188749861739367,1.0642644875221012,-0.1869645376253131,-0.1869645376253131,0.39005086957319646,0.25875456106253536,0.8382024950946093,0.6936574033999154,0.33931338834559327,0.6518634316436898,1.7490124776156026,0.39005086957319646,4729,-0.4272169881007917,-1.326243502127547
dual,90,20.0,20,3,0.49357303506775246,0.31135448073081734,0.7524782014854896,-0.29251480384337303,-0.29251480384337303,0.3689230806028361,0.25727880648202617,0.819086566785835,0.6480906927140107,0.3192560752934338,0.5958800020193745,1.3911755760644153,0.3689230806028361,4649,-1.0351809342067728,-1.342393984748214
dual,90,30.0,14,3,0.5088073883669686,0.8237315302233625,1.4724690576674435,-0.30571065812173104,-0.30571065812173104,0.50036468777693,0.23882387146944786,0.6760782742718107,0.5187875117756897,0.359864861338747,0.600290310877673,1.6618632635509236,0.50036468777693,4636,-0.014721993991772653,-1.9638397279373114
dual,90,30.0,16,3,0.5306150492781273,0.6890171752667588,1.4522147651907065,-0.4081337553167475,-0.4081337553167475,0.4787584817431791,0.2229393298242021,0.7147941021006763,0.5595115340256804,0.3605207744375626,0.6191428226224136,1.7526483636408319,0.4787584817431791,4621,-0.17214695990409168,-1.996910881443153
dual,90,30.0,20,3,0.5025715874490031,0.5232871577777195,1.1284298779902047,-0.36634090671381764,-0.36634090671381764,0.47257988823267166,0.22608318361488888,0.7442277435160775,0.5837489490186643,0.33927381738441553,0.5765037570401462,1.468364602431509,0.47257988823267166,4573,-0.4509361000799337,-1.647330990411361
dual,90,40.0,14,3,0.6928297361600133,0.8808612986331138,1.1620982665064763,0.31813603485524256,0.31813603485524256,0.4824745751693437,0.29011338553966537,0.5018233358564795,0.3207481831651928,0.34952513244416245,0.6514509632413594,2.1873165475174794,0.4824745751693437,4638,0.362233977621347,-0.7438594211983486
dual,90,40.0,16,3,0.6600350783159357,0.922571752826459,1.1905110969016197,0.4536818156951143,0.4536818156951143,0.4764458105100125,0.26610915297327087,0.5477304798704261,0.369461950880259,0.33790955950716717,0.6579149793039679,2.160849894724466,0.4764458105100125,4627,0.3078123143509366,-0.3228148606395935
dual,90,40.0,20,3,0.6593515845044465,0.722187748970095,0.9199819971369527,0.40554100349266303,0.40554100349266303,0.46156984577577664,0.2557282236537102,0.6644798697052164,0.4976305657223503,0.3107764157951257,0.6432233727627384,1.9508415448273535,0.46156984577577664,4595,0.03805870219552265,-0.10172699217751333
dual,100,20.0,14,3,0.3654939324007736,0.5702505102643063,1.3043916303805918,-0.36695981546216205,-0.36695981546216205,0.47197922982425333,0.2366747433541743,0.8087357575492202,0.6622532997258499,0.35651508379113034,0.5447095368810342,1.286826570010886,0.47197922982425333,4734,-0.7285398035512174,-1.8858713560442637
dual,100,20.0,16,3,0.39426192339813193,0.5756095772366198,1.3214574125701122,-0.44363028707446206,-0.44363028707446206,0.474096422001027,0.22347648980511345,0.9612430670616837,0.8546603744578818,0.33334865085098375,0.5924957747254874,1.494801076442668,0.474096422001027,4717,-0.9822070582187004,-1.9893705602241984
dual,100,20.0,20,3,0.43529770433159476,0.3677459450860419,1.0290908455135426,-0.5858295923617548,-0.5858295923617548,0.40272248367131946,0.2261605238994912,1.0400833041081268,0.9407905660235496,0.3143134120424276,0.648118244276953,1.6325492588210357,0.40272248367131946,4647,-1.5903531018827932,-1.9097617060148129
dual,100,30.0,14,3,0.386374306181427,0.5326435337990075,1.0528326650324735,-0.3649068496275319,-0.3649068496275319,0.5474097214718454,0.27828322892884355,0.6207326420340898,0.4645677379471198,0.36331889689274655,0.4978800696704667,1.0937548635020775,0.5474097214718454,4670,-0.35086091919021944,-1.7649651295771627
dual,100,30.0,16,3,0.4625048744061541,0.5250312886456376,1.1036975757160152,-0.3576261121194337,-0.3576261121194337,0.5038554351745368,0.2578853582416252,0.6785677162099789,0.5324842126547777,0.35503333049808977,0.5526411969534532,1.3349701446879947,0.5038554351745368,4644,-0.3742640352794677,-1.6917758062161556
dual,100,30.0,20,3,0.43181190697664035,0.4229723505048721,0.9237629231329514,-0.3254556019768312,-0.3254556019768312,0.49123928609865153,0.25220834830048056,0.7599816285696581,0.612487441373033,0.3303233052557791,0.5431030778942795,1.2518817467198615,0.49123928609865153,4616,-0.7781834934789853,-1.477921713782407
dual,100,40.0,14,3,0.5703141759055091,0.807079042592139,1.3016909432188648,-0.10826109106096285,-0.10826109106096285,0.4916541524265894,0.24856445936906219,0.4718735474766405,0.29182390967838323,0.34222072044774543,0.5904039952402436,1.723394172970111,0.4916541524265894,4628,0.3148310284388899,-1.514779959957794
dual,100,40.0,16,3,0.5846262930185281,0.7485527439879267,1.248482072743416,-0.11607243315349919,-0.11607243315349919,0.491312521279088,0.23179664864164473,0.57349610270882,0.3998112536548686,0.3310930352729078,0.6021857291337255,1.774894273076518,0.491312521279088,4614,0.13965628503046523,-1.4439890576586667
dual,100,40.0,20,3,0.5698633673196329,0.798052201570462,1.1728751974439258,0.10311633326571507,0.10311633326571507,0.47614801334720985,0.21092192283498148,0.7216588727535094,0.56973091678941,0.3067825267413593,0.629393770827168,1.8798757557097145,0.47614801334720985,4589,-0.05512195221091298,-1.0607251768799704
plain,90,,16,5,0.9066466089772125,0.7707546581293445,1.3162902349747394,0.06291288717633067,0.06291288717633067,0.36427830390998894,0.17213454527376854,0.38009809955179363,0.19110376067967394,0.3070647768920541,0.6762298900524321,1.8878444572687858,0.36427830390998894,7731,0.5468012251982544,-1.099513373149447
plain,90,,20,5,0.9211147539975696,0.42931063253168983,0.898493556519921,-0.12938804262895667,-0.12938804262895667,0.29493601296309885,0.17537441137860044,0.4517858502840935,0.25958670027271125,0.3170712384905918,0.6592726581240108,1.7299477626138446,0.35741298672653526,7651,0.33089846386073585,-1.288337064707909
plain,90,,25,5,0.9109985779764058,0.24840314294581473,0.7133150271077654,-0.24623152534620507,-0.24623152534620507,0.29518532310977696,0.17826824265848107,0.6523424029650609,0.46841629825259656,0.3156894384817349,0.6768675285058877,1.7870973453985157,0.33527901015713923,7575,-0.12530866772591898,-1.4283726779728914
plain,100,,16,5,0.8342999486540341,0.582064889933467,1.1264554422462694,-0.03857232548975231,-0.03857232548975231,0.3724526233866695,0.1810464791401347,0.5855404427833749,0.402643215120277,0.3338107472946951,0.6822009854686026,1.9190651598501494,0.3724526233866695,7640,0.17317851046441224,-1.2221170497448783
plain,100,,20,5,0.8348187053665252,0.494186190782412,1.0069998355093546,-0.08316979836866545,-0.08316979836866545,0.34204419572707895,0.17734180813893555,0.6178816603939221,0.4319992655825633,0.3365116385825748,0.6814344648727111,1.864080560687241,0.3545242746300687,7591,0.07015894044580229,-1.2262085836984609
plain,100,,25,5,0.8280836776430459,0.19430565470811026,0.8125607739913836,-0.5896333661224213,-0.5896333661224213,0.32536836390289087,0.1860557403328447,0.7437449790301097,0.5688904347945045,0.3318642570574693,0.684215254636795,1.8342657805618066,0.34457177836669733,7512,-0.45491537420435146,-2.020509243864586
