signal_date,trade_date,picks,pick_names
2025-12-31 00:00:00+08:00,2026-01-05 00:00:00+08:00,"sz000029,sz002488","深深房A,金固股份"
2026-01-05 00:00:00+08:00,2026-01-06 00:00:00+08:00,"sz000029,sh600629","深深房A,华建集团"
2026-01-06 00:00:00+08:00,2026-01-07 00:00:00+08:00,"sh600629,sz000029","华建集团,深深房A"
2026-01-07 00:00:00+08:00,2026-01-08 00:00:00+08:00,"sh603950,sz000029","长源东谷,深深房A"
2026-01-08 00:00:00+08:00,2026-01-09 00:00:00+08:00,"sz002468,sz000029","申通快递,深深房A"
2026-01-09 00:00:00+08:00,2026-01-12 00:00:00+08:00,"sh600629,sz002468","华建集团,申通快递"
2026-01-12 00:00:00+08:00,2026-01-13 00:00:00+08:00,"sh600629,sz000029","华建集团,深深房A"
2026-01-13 00:00:00+08:00,2026-01-14 00:00:00+08:00,"sh600629,sh601026","华建集团,道生天合"
2026-01-14 00:00:00+08:00,2026-01-15 00:00:00+08:00,"sh600629,sz000029","华建集团,深深房A"
2026-01-15 00:00:00+08:00,2026-01-16 00:00:00+08:00,"sh600629,sz002320","华建集团,海峡股份"
2026-01-16 00:00:00+08:00,2026-01-19 00:00:00+08:00,"sh600629,sh600403","华建集团,大有能源"
2026-01-19 00:00:00+08:00,2026-01-20 00:00:00+08:00,"sh600629,sh600403","华建集团,大有能源"
2026-01-20 00:00:00+08:00,2026-01-21 00:00:00+08:00,"sz000029,sh603567","深深房A,珍宝岛"
2026-01-21 00:00:00+08:00,2026-01-22 00:00:00+08:00,"sh600403,sz000029","大有能源,深深房A"
2026-01-22 00:00:00+08:00,2026-01-23 00:00:00+08:00,"sz000029,sh603567","深深房A,珍宝岛"
2026-01-23 00:00:00+08:00,2026-01-26 00:00:00+08:00,"sz000029,sh603567","深深房A,珍宝岛"
2026-01-26 00:00:00+08:00,2026-01-27 00:00:00+08:00,"sz000029,sh603567","深深房A,珍宝岛"
2026-01-27 00:00:00+08:00,2026-01-28 00:00:00+08:00,"sz000029,sh603567","深深房A,珍宝岛"
2026-01-28 00:00:00+08:00,2026-01-29 00:00:00+08:00,"sh603567,sz000029","珍宝岛,深深房A"
2026-01-29 00:00:00+08:00,2026-01-30 00:00:00+08:00,"sh603301,sz000567","振德医疗,海德股份"
2026-01-30 00:00:00+08:00,2026-02-02 00:00:00+08:00,"sh603301,sz002320","振德医疗,海峡股份"
2026-02-02 00:00:00+08:00,2026-02-03 00:00:00+08:00,"sh603376,sh603301","大明电子,振德医疗"
2026-02-03 00:00:00+08:00,2026-02-04 00:00:00+08:00,"sh603301,sz002320","振德医疗,海峡股份"
2026-02-04 00:00:00+08:00,2026-02-05 00:00:00+08:00,"sz002320,sh603567","海峡股份,珍宝岛"
2026-02-05 00:00:00+08:00,2026-02-06 00:00:00+08:00,"sh603567,sz001301","珍宝岛,尚太科技"
2026-02-06 00:00:00+08:00,2026-02-09 00:00:00+08:00,"sh603567,sz000567","珍宝岛,海德股份"
2026-02-09 00:00:00+08:00,2026-02-10 00:00:00+08:00,"sz001301,sh603026","尚太科技,石大胜华"
2026-02-10 00:00:00+08:00,2026-02-11 00:00:00+08:00,"sh603026,sh600403","石大胜华,大有能源"
2026-02-11 00:00:00+08:00,2026-02-12 00:00:00+08:00,"sh603026,sh600403","石大胜华,大有能源"
2026-02-12 00:00:00+08:00,2026-02-13 00:00:00+08:00,"sh600403,sh603026","大有能源,石大胜华"
2026-02-13 00:00:00+08:00,2026-02-24 00:00:00+08:00,"sh603026,sh600167","石大胜华,联美控股"
2026-02-24 00:00:00+08:00,2026-02-25 00:00:00+08:00,"sh600167,sh603099","联美控股,长白山"
2026-02-25 00:00:00+08:00,2026-02-26 00:00:00+08:00,"sh600996,sz000567","贵广网络,海德股份"
2026-02-26 00:00:00+08:00,2026-02-27 00:00:00+08:00,"sh600996,sz002020","贵广网络,京新药业"
2026-02-27 00:00:00+08:00,2026-03-02 00:00:00+08:00,"sz002317,sh600996","众生药业,贵广网络"
2026-03-02 00:00:00+08:00,2026-03-03 00:00:00+08:00,"sh600996,sz002317","贵广网络,众生药业"
2026-03-03 00:00:00+08:00,2026-03-04 00:00:00+08:00,"sh600996,sz002317","贵广网络,众生药业"
2026-03-04 00:00:00+08:00,2026-03-05 00:00:00+08:00,"sh600996,sh603026","贵广网络,石大胜华"
2026-03-05 00:00:00+08:00,2026-03-06 00:00:00+08:00,"sh603026,sh600996","石大胜华,贵广网络"
2026-03-06 00:00:00+08:00,2026-03-09 00:00:00+08:00,"sh600996,sh603026","贵广网络,石大胜华"
2026-03-09 00:00:00+08:00,2026-03-10 00:00:00+08:00,"sh600996,sz000766","贵广网络,通化金马"
2026-03-10 00:00:00+08:00,2026-03-11 00:00:00+08:00,"sz000766,sh600167","通化金马,联美控股"
2026-03-11 00:00:00+08:00,2026-03-12 00:00:00+08:00,"sh600996,sz000766","贵广网络,通化金马"
2026-03-12 00:00:00+08:00,2026-03-13 00:00:00+08:00,"sz002779,sh600996","中坚科技,贵广网络"
2026-03-13 00:00:00+08:00,2026-03-16 00:00:00+08:00,"sh603327,sz002779","福蓉科技,中坚科技"
2026-03-16 00:00:00+08:00,2026-03-17 00:00:00+08:00,"sz002779,sz002320","中坚科技,海峡股份"
2026-03-17 00:00:00+08:00,2026-03-18 00:00:00+08:00,"sz002779,sh603327","中坚科技,福蓉科技"
2026-03-18 00:00:00+08:00,2026-03-19 00:00:00+08:00,"sz002779,sz000766","中坚科技,通化金马"
2026-03-19 00:00:00+08:00,2026-03-20 00:00:00+08:00,"sz002779,sz000766","中坚科技,通化金马"
2026-03-20 00:00:00+08:00,2026-03-23 00:00:00+08:00,"sz002891,sz000766","中宠股份,通化金马"
2026-03-23 00:00:00+08:00,2026-03-24 00:00:00+08:00,"sh603516,sz000766","淳中科技,通化金马"
2026-03-24 00:00:00+08:00,2026-03-25 00:00:00+08:00,"sz002928,sh600151","华夏航空,航天机电"
2026-03-25 00:00:00+08:00,2026-03-26 00:00:00+08:00,"sh600882,sz002891","妙可蓝多,中宠股份"
2026-03-26 00:00:00+08:00,2026-03-27 00:00:00+08:00,"sh600882,sh603358","妙可蓝多,华达科技"
2026-03-27 00:00:00+08:00,2026-03-30 00:00:00+08:00,"sh603516,sh600882","淳中科技,妙可蓝多"
2026-03-30 00:00:00+08:00,2026-03-31 00:00:00+08:00,"sh603516,sh600882","淳中科技,妙可蓝多"
2026-03-31 00:00:00+08:00,2026-04-01 00:00:00+08:00,"sh603516,sz002163","淳中科技,海南发展"
2026-04-01 00:00:00+08:00,2026-04-02 00:00:00+08:00,"sz002163,sh603516","海南发展,淳中科技"
2026-04-02 00:00:00+08:00,2026-04-03 00:00:00+08:00,"sz002163,sh603516","海南发展,淳中科技"
2026-04-03 00:00:00+08:00,2026-04-07 00:00:00+08:00,"sz002163,sh603516","海南发展,淳中科技"
2026-04-07 00:00:00+08:00,2026-04-08 00:00:00+08:00,"sz002163,sh603516","海南发展,淳中科技"
2026-04-08 00:00:00+08:00,2026-04-09 00:00:00+08:00,"sz002163,sh603516","海南发展,淳中科技"
2026-04-09 00:00:00+08:00,2026-04-10 00:00:00+08:00,"sz002163,sh603516","海南发展,淳中科技"
2026-04-10 00:00:00+08:00,2026-04-13 00:00:00+08:00,"sh603516,sz002163","淳中科技,海南发展"
2026-04-13 00:00:00+08:00,2026-04-14 00:00:00+08:00,"sh603516,sz002151","淳中科技,北斗星通"
2026-04-14 00:00:00+08:00,2026-04-15 00:00:00+08:00,"sh603358,sh600850","华达科技,电科数字"
2026-04-15 00:00:00+08:00,2026-04-16 00:00:00+08:00,"sh600850,sz002151","电科数字,北斗星通"
2026-04-16 00:00:00+08:00,2026-04-17 00:00:00+08:00,"sh600783,sh603516","鲁信创投,淳中科技"
2026-04-17 00:00:00+08:00,2026-04-20 00:00:00+08:00,"sh603516,sh600783","淳中科技,鲁信创投"
2026-04-20 00:00:00+08:00,2026-04-21 00:00:00+08:00,"sh603516,sz000681","淳中科技,视觉中国"
2026-04-21 00:00:00+08:00,2026-04-22 00:00:00+08:00,"sh603039,sh603516","泛微网络,淳中科技"
2026-04-22 00:00:00+08:00,2026-04-23 00:00:00+08:00,"sh603516,sh603039","淳中科技,泛微网络"
2026-04-23 00:00:00+08:00,2026-04-24 00:00:00+08:00,"sh603358,sh603360","华达科技,百傲化学"
2026-04-24 00:00:00+08:00,2026-04-27 00:00:00+08:00,"sh603360,sh603358","百傲化学,华达科技"
2026-04-27 00:00:00+08:00,2026-04-28 00:00:00+08:00,"sh603360,sh603358","百傲化学,华达科技"
2026-04-28 00:00:00+08:00,2026-04-29 00:00:00+08:00,"sh603360,sh603358","百傲化学,华达科技"
2026-04-29 00:00:00+08:00,2026-04-30 00:00:00+08:00,"sh603360,sh603358","百傲化学,华达科技"
2026-04-30 00:00:00+08:00,2026-05-06 00:00:00+08:00,"sh603358,sz000603","华达科技,盛达资源"
2026-05-06 00:00:00+08:00,2026-05-07 00:00:00+08:00,"sz000603,sh603358","盛达资源,华达科技"
2026-05-07 00:00:00+08:00,2026-05-08 00:00:00+08:00,"sz000603,sz000506","盛达资源,招金黄金"
2026-05-08 00:00:00+08:00,2026-05-11 00:00:00+08:00,"sh600916,sz000603","中国黄金,盛达资源"
2026-05-11 00:00:00+08:00,2026-05-12 00:00:00+08:00,"sh603360,sz002891","百傲化学,中宠股份"
2026-05-12 00:00:00+08:00,2026-05-13 00:00:00+08:00,"sh603360,sz002891","百傲化学,中宠股份"
2026-05-13 00:00:00+08:00,2026-05-14 00:00:00+08:00,"sz002891,sh603402","中宠股份,陕西旅游"
2026-05-14 00:00:00+08:00,2026-05-15 00:00:00+08:00,"sh603402,sz002891","陕西旅游,中宠股份"
2026-05-15 00:00:00+08:00,2026-05-18 00:00:00+08:00,"sh605599,sh603103","菜百股份,横店影视"
2026-05-18 00:00:00+08:00,2026-05-19 00:00:00+08:00,"sh603103,sh605599","横店影视,菜百股份"
2026-05-19 00:00:00+08:00,2026-05-20 00:00:00+08:00,"sh603103,sz002891","横店影视,中宠股份"
2026-05-20 00:00:00+08:00,2026-05-21 00:00:00+08:00,"sh603103,sz002891","横店影视,中宠股份"
2026-05-21 00:00:00+08:00,2026-05-22 00:00:00+08:00,"sh603103,sz002891","横店影视,中宠股份"
2026-05-22 00:00:00+08:00,2026-05-25 00:00:00+08:00,"sh603103,sz002891","横店影视,中宠股份"
2026-05-25 00:00:00+08:00,2026-05-26 00:00:00+08:00,"sz002891,sh605599","中宠股份,菜百股份"
2026-05-26 00:00:00+08:00,2026-05-27 00:00:00+08:00,"sh600113,sz002891","浙江东日,中宠股份"
2026-05-27 00:00:00+08:00,2026-05-28 00:00:00+08:00,"sz002099,sh603612","海翔药业,索通发展"
2026-05-28 00:00:00+08:00,2026-05-29 00:00:00+08:00,"sh603612,sz002716","索通发展,湖南白银"
2026-05-29 00:00:00+08:00,2026-06-01 00:00:00+08:00,"sz002716,sz000603","湖南白银,盛达资源"
2026-06-01 00:00:00+08:00,2026-06-02 00:00:00+08:00,"sh603619,sz002716","中曼石油,湖南白银"
2026-06-02 00:00:00+08:00,2026-06-03 00:00:00+08:00,"sh603619,sz002270","中曼石油,华明装备"
2026-06-03 00:00:00+08:00,2026-06-04 00:00:00+08:00,"sz002270,sh603619","华明装备,中曼石油"
2026-06-04 00:00:00+08:00,2026-06-05 00:00:00+08:00,"sz002270,sh603556","华明装备,海兴电力"
2026-06-05 00:00:00+08:00,2026-06-08 00:00:00+08:00,"sz002270,sh603556","华明装备,海兴电力"
2026-06-08 00:00:00+08:00,2026-06-09 00:00:00+08:00,"sz002270,sz002506","华明装备,协鑫集成"
2026-06-09 00:00:00+08:00,2026-06-10 00:00:00+08:00,"sz002270,sz002506","华明装备,协鑫集成"
2026-06-10 00:00:00+08:00,2026-06-11 00:00:00+08:00,"sz002506,sh603612","协鑫集成,索通发展"
2026-06-11 00:00:00+08:00,2026-06-12 00:00:00+08:00,"sh603612,sh603169","索通发展,兰石重装"
2026-06-12 00:00:00+08:00,2026-06-15 00:00:00+08:00,"sh600866,sh603887","星湖科技,城地香江"
2026-06-15 00:00:00+08:00,2026-06-16 00:00:00+08:00,"sz002506,sh600866","协鑫集成,星湖科技"
2026-06-16 00:00:00+08:00,2026-06-17 00:00:00+08:00,"sh600645,sz002506","中源协和,协鑫集成"
2026-06-17 00:00:00+08:00,2026-06-18 00:00:00+08:00,"sh600645,sh600821","中源协和,金开新能"
2026-06-18 00:00:00+08:00,2026-06-22 00:00:00+08:00,"sz002506,sh603393","协鑫集成,新天然气"
2026-06-22 00:00:00+08:00,2026-06-23 00:00:00+08:00,"sz002506,sh600113","协鑫集成,浙江东日"
2026-06-23 00:00:00+08:00,2026-06-24 00:00:00+08:00,"sz002506,sh600113","协鑫集成,浙江东日"
2026-06-24 00:00:00+08:00,2026-06-25 00:00:00+08:00,"sz002506,sh600645","协鑫集成,中源协和"
2026-06-25 00:00:00+08:00,2026-06-26 00:00:00+08:00,"sh603202,sh600075","天有为,新疆天业"
2026-06-26 00:00:00+08:00,2026-06-29 00:00:00+08:00,"sh600645,sh603202","中源协和,天有为"
2026-06-29 00:00:00+08:00,2026-06-30 00:00:00+08:00,"sh603619,sh605196","中曼石油,华通线缆"
2026-06-30 00:00:00+08:00,2026-07-01 00:00:00+08:00,"sh603202,sh603619","天有为,中曼石油"
2026-07-01 00:00:00+08:00,2026-07-02 00:00:00+08:00,"sh603202,sh600645","天有为,中源协和"
2026-07-02 00:00:00+08:00,2026-07-03 00:00:00+08:00,"sh605196,sh603619","华通线缆,中曼石油"
2026-07-03 00:00:00+08:00,2026-07-06 00:00:00+08:00,"sh603619,sh600746","中曼石油,江苏索普"
2026-07-06 00:00:00+08:00,2026-07-07 00:00:00+08:00,"sh603619,sh600746","中曼石油,江苏索普"
2026-07-07 00:00:00+08:00,2026-07-08 00:00:00+08:00,"sh605196,sz000603","华通线缆,盛达资源"
2026-07-08 00:00:00+08:00,2026-07-09 00:00:00+08:00,"sh605196,sh603360","华通线缆,百傲化学"
2026-07-09 00:00:00+08:00,2026-07-10 00:00:00+08:00,"sh605196,sh600746","华通线缆,江苏索普"
2026-07-10 00:00:00+08:00,2026-07-13 00:00:00+08:00,"sh603202,sh603619","天有为,中曼石油"
2026-07-13 00:00:00+08:00,2026-07-14 00:00:00+08:00,"sh605196,sh603360","华通线缆,百傲化学"
2026-07-14 00:00:00+08:00,2026-07-15 00:00:00+08:00,"sh603360,sh603887","百傲化学,城地香江"
2026-07-15 00:00:00+08:00,2026-07-16 00:00:00+08:00,"sh605196,sh603887","华通线缆,城地香江"
2026-07-16 00:00:00+08:00,2026-07-17 00:00:00+08:00,"sh605196,sh600773","华通线缆,西藏城投"
2026-07-17 00:00:00+08:00,2026-07-20 00:00:00+08:00,"sz000603,sh600773","盛达资源,西藏城投"
2026-07-20 00:00:00+08:00,2026-07-21 00:00:00+08:00,"sh600773,sz000603","西藏城投,盛达资源"
2026-07-21 00:00:00+08:00,2026-07-22 00:00:00+08:00,"sh600773,sz002531","西藏城投,天顺风能"
2026-07-22 00:00:00+08:00,2026-07-23 00:00:00+08:00,"sh600773,sz002531","西藏城投,天顺风能"
2026-07-23 00:00:00+08:00,2026-07-24 00:00:00+08:00,"sh600773,sh601778","西藏城投,晶科科技"
2026-07-24 00:00:00+08:00,2026-07-27 00:00:00+08:00,"sh600773,sh600338","西藏城投,西藏珠峰"
2026-07-27 00:00:00+08:00,2026-07-28 00:00:00+08:00,"sh600773,sh601778","西藏城投,晶科科技"
2026-07-28 00:00:00+08:00,2026-07-29 00:00:00+08:00,"sh600773,sh600338","西藏城投,西藏珠峰"
2026-07-29 00:00:00+08:00,2026-07-30 00:00:00+08:00,"sh600773,sh600338","西藏城投,西藏珠峰"
2026-07-30 00:00:00+08:00,2026-07-31 00:00:00+08:00,"sh600773,sz002181","西藏城投,粤传媒"
2026-07-31 00:00:00+08:00,2026-08-03 00:00:00+08:00,"sh600773,sz002149","西藏城投,西部材料"
2026-08-03 00:00:00+08:00,2026-08-04 00:00:00+08:00,"sh600773,sz002222","西藏城投,福晶科技"
2026-08-04 00:00:00+08:00,2026-08-05 00:00:00+08:00,"sh600773,sz002181","西藏城投,粤传媒"
2026-08-05 00:00:00+08:00,2026-08-06 00:00:00+08:00,"sh600773,sz002081","西藏城投,金螳螂"
2026-08-06 00:00:00+08:00,2026-08-07 00:00:00+08:00,"sh600773,sz002222","西藏城投,福晶科技"
