symbol,thr,score,raw_rank,name,asof,prev_date,prev_close,open,close,ret_pct,src,pool_rank
sh603083,0.02,11.835658914728683,2,剑桥科技,2026-08-11,2026-08-10,147.92,147.77,152.35,2.9948620876149246,daily,1
sz002979,0.03,11.7968992248062,3,雷赛智能,2026-08-11,2026-08-10,58.85,58.5,60.8,3.3135089209855417,daily,2
sh600330,0.03,11.770542635658915,4,天通股份,2026-08-11,2026-08-10,23.48,22.98,23.25,-0.9795570698466816,daily,3
sh600552,0.025,11.652713178294574,6,凯盛科技,2026-08-11,2026-08-10,17.86,17.58,18.01,0.8398656215005795,daily,4
sz002747,0.03,11.631007751937984,8,埃斯顿,2026-08-11,2026-08-10,34.63,34.38,36.12,4.302627779382018,daily,5
sh601208,0.025,11.61860465116279,9,东材科技,2026-08-11,2026-08-10,45.38,45.16,47.67,5.0462758924636475,daily,6
sz000762,0.03,11.514728682170542,11,西藏矿业,2026-08-11,2026-08-10,24.32,24.32,23.7,-2.5493421052631637,daily,7
sh603516,0.025,11.511627906976743,12,淳中科技,2026-08-11,2026-08-10,99.07,98.62,99.52,0.4542242858584844,daily,8
sz002364,0.03,11.505426356589147,13,中恒电气,2026-08-11,2026-08-10,39.37,40.64,41.08,4.343408686817374,daily,9
sz002290,0.03,11.482170542635659,14,禾盛新材,2026-08-11,2026-08-10,59.91,59.4,59.21,-1.1684192956100792,daily,10
sh600184,0.025,11.446511627906977,15,光电股份,2026-08-11,2026-08-10,18.06,17.76,17.87,-1.052048726467314,daily,11
sz002706,0.03,11.444961240310075,16,良信股份,2026-08-11,2026-08-10,9.03,8.98,8.98,-0.5537098560354226,daily,12
sz002073,0.03,11.399999999999999,17,软控股份,2026-08-11,2026-08-10,5.7,5.7,5.66,-0.7017543859649145,daily,13
sz002326,0.03,11.355038759689922,18,永太科技,2026-08-11,2026-08-10,19.47,19.31,19.33,-0.7190549563430904,daily,14
sz000829,0.025,11.344186046511627,19,天音控股,2026-08-11,2026-08-10,8.43,8.43,8.69,3.084223013048626,daily,15
sh600210,0.03,11.319379844961238,20,紫江企业,2026-08-11,2026-08-10,6.16,6.16,6.12,-0.6493506493506551,daily,16
sh603005,0.03,11.193798449612402,22,晶方科技,2026-08-11,2026-08-10,33.02,32.6,32.77,-0.7571168988491861,daily,17
sh603328,0.025,11.192248062015503,23,依顿电子,2026-08-11,2026-08-10,11.42,11.0,11.04,-3.327495621716292,daily,18
sh603025,0.03,11.184496124031007,24,大豪科技,2026-08-11,2026-08-10,13.54,13.53,13.53,-0.07385524372229835,daily,19
sh603026,0.03,11.009302325581395,27,石大胜华,2026-08-11,2026-08-10,66.91,66.5,67.15,0.35869077865791077,daily,20
