date,slot,side,symbol,thr,px,shares
2023-01-03,0,assign,sh600338,0.025,,0.0
2023-01-03,1,assign,sh600305,0.025,,0.0
2023-01-03,2,assign,sh603328,0.025,,0.0
2023-01-03,2,buy,sh603328,0.025,6.13613,15400.0
2023-01-03,3,assign,sz000951,0.025,,0.0
2023-01-03,4,assign,sh601908,0.025,,0.0
2023-01-03,4,buy,sh601908,0.025,6.686679999999999,14200.0
2023-01-04,3,buy,sz000951,0.025,13.623609999999998,6900.0
2023-01-05,0,buy,sh600338,0.025,23.113089999999996,4100.0
2023-01-09,1,buy,sh600305,0.025,11.551539999999997,8200.0
2023-01-10,3,sell_stop,sz000951,0.025,13.75623,6900.0
2023-01-10,3,assign,sz000951,0.025,,0.0
2023-01-12,3,buy,sz000951,0.025,14.414399999999999,6600.0
2023-01-30,0,sell_stop,sh600338,0.025,23.91606,4100.0
2023-01-30,0,assign,sh600338,0.025,,0.0
2023-02-03,1,sell_stop,sh600305,0.025,11.6883,8200.0
2023-02-03,3,sell_stop,sz000951,0.025,13.986,6600.0
2023-02-03,0,buy,sh600338,0.025,24.69467,3900.0
2023-02-03,1,assign,sh600305,0.025,,0.0
2023-02-03,3,assign,sz000951,0.025,,0.0
2023-02-09,3,buy,sz000951,0.025,13.683669999999998,6800.0
2023-02-13,1,buy,sh600305,0.025,11.841829999999998,8100.0
2023-02-15,0,sell_stop,sh600338,0.025,24.78519,3900.0
2023-02-15,0,assign,sh600338,0.025,,0.0
2023-02-16,2,sell_stop,sh603328,0.025,6.56343,15400.0
2023-02-16,3,sell_stop,sz000951,0.025,14.605379999999998,6800.0
2023-02-16,4,sell_stop,sh601908,0.025,6.90309,14200.0
2023-02-16,2,assign,sh603328,0.025,,0.0
2023-02-16,3,assign,sz000951,0.025,,0.0
2023-02-16,3,buy,sz000951,0.025,15.39538,6400.0
2023-02-16,4,assign,sh601908,0.025,,0.0
2023-02-21,4,buy,sh601908,0.025,7.017009999999999,13900.0
2023-02-23,0,buy,sh600338,0.025,24.994969999999995,3900.0
2023-02-27,0,sell_stop,sh600338,0.025,25.744229999999998,3900.0
2023-02-27,3,sell_stop,sz000951,0.025,14.92506,6400.0
2023-02-27,0,assign,sh600338,0.025,,0.0
2023-02-27,3,assign,sz000951,0.025,,0.0
2023-03-01,3,buy,sz000951,0.025,15.535519999999998,6100.0
2023-03-03,0,buy,sh600338,0.025,25.835809999999995,3900.0
2023-03-06,3,sell_stop,sz000951,0.025,15.14484,6100.0
2023-03-06,3,assign,sz000951,0.025,,0.0
2023-03-06,3,buy,sz000951,0.025,15.955939999999998,5800.0
2023-03-07,4,sell_stop,sh601908,0.025,6.80319,13900.0
2023-03-07,4,assign,sh601908,0.025,,0.0
2023-03-09,3,sell_stop,sz000951,0.025,14.46552,5800.0
2023-03-09,3,assign,sz000951,0.025,,0.0
2023-03-13,0,sell_stop,sh600338,0.025,24.93504,3900.0
2023-03-13,0,assign,sh600338,0.025,,0.0
2023-03-15,2,buy,sh603328,0.025,6.766759999999999,14900.0
2023-03-15,4,buy,sh601908,0.025,6.646639999999999,14200.0
2023-03-16,4,sell_stop,sh601908,0.025,6.37362,14200.0
2023-03-16,4,assign,sh601908,0.025,,0.0
2023-03-17,0,buy,sh600338,0.025,21.87185,4400.0
2023-03-20,0,sell_stop,sh600338,0.025,21.14883,4400.0
2023-03-20,1,sell_stop,sh600305,0.025,10.93905,8100.0
2023-03-20,0,assign,sh600338,0.025,,0.0
2023-03-20,1,assign,sh600305,0.025,,0.0
2023-03-21,0,buy,sh600338,0.025,21.591569999999997,4300.0
2023-03-24,2,sell_stop,sh603328,0.025,7.00299,14900.0
2023-03-24,2,assign,sh603328,0.025,,0.0
2023-03-27,3,buy,sz000951,0.025,14.204189999999999,6000.0
2023-03-28,0,sell_stop,sh600338,0.025,23.52645,4300.0
2023-03-28,0,assign,sh600338,0.025,,0.0
2023-03-30,3,sell_stop,sz000951,0.025,14.39559,6000.0
2023-03-30,3,assign,sz000951,0.025,,0.0
2023-03-31,3,buy,sz000951,0.025,15.235219999999998,5600.0
2023-04-03,0,buy,sh600338,0.025,23.34332,4300.0
2023-04-04,0,sell_stop,sh600338,0.025,22.377599999999997,4300.0
2023-04-04,3,sell_stop,sz000951,0.025,14.91507,5600.0
2023-04-04,0,assign,sh600338,0.025,,0.0
2023-04-04,3,assign,sz000951,0.025,,0.0
2023-04-06,2,buy,sh603328,0.025,7.24724,14400.0
2023-04-10,2,sell_stop,sh603328,0.025,7.02297,14400.0
2023-04-10,2,assign,sh603328,0.025,,0.0
2023-04-13,3,buy,sz000951,0.025,12.822809999999999,6600.0
2023-04-14,0,buy,sh600338,0.025,21.91189,4400.0
2023-04-17,2,buy,sh603328,0.025,7.377369999999999,13700.0
2023-04-18,2,sell_stop,sh603328,0.025,7.1928,13700.0
2023-04-18,2,assign,sh603328,0.025,,0.0
2023-04-19,0,sell_stop,sh600338,0.025,21.19878,4400.0
2023-04-19,3,sell_stop,sz000951,0.025,13.12686,6600.0
2023-04-19,0,assign,sh600338,0.025,,0.0
2023-04-19,3,assign,sz000951,0.025,,0.0
2023-04-20,2,buy,sh603328,0.025,7.497489999999999,13100.0
2023-04-21,2,sell_stop,sh603328,0.025,7.2727200000000005,13100.0
2023-04-21,2,assign,sh603328,0.025,,0.0
2023-04-24,0,buy,sh600338,0.025,20.80078,4500.0
2023-04-25,0,sell_stop,sh600338,0.025,19.85013,4500.0
2023-04-25,0,assign,sh600338,0.025,,0.0
2023-04-26,0,buy,sh600338,0.025,19.6196,4600.0
2023-04-26,2,buy,sh603328,0.025,7.117109999999999,13400.0
2023-04-26,3,buy,sz000951,0.025,12.972959999999999,6600.0
2023-04-26,4,buy,sh601908,0.025,6.005999999999999,15100.0
2023-04-28,0,sell_stop,sh600338,0.025,19.22076,4600.0
2023-04-28,0,assign,sh600338,0.025,,0.0
2023-05-05,2,sell_stop,sh603328,0.025,6.8931000000000004,13400.0
2023-05-05,2,assign,sh603328,0.025,,0.0
2023-05-08,0,buy,sh600338,0.025,19.67966,4500.0
2023-05-09,3,sell_stop,sz000951,0.025,13.986,6600.0
2023-05-09,2,buy,sh603328,0.025,6.976969999999999,13300.0
2023-05-09,3,assign,sz000951,0.025,,0.0
2023-05-10,3,buy,sz000951,0.025,13.883869999999998,6600.0
2023-05-11,3,sell_stop,sz000951,0.025,13.51647,6600.0
2023-05-11,3,assign,sz000951,0.025,,0.0
2023-05-12,0,sell_stop,sh600338,0.025,19.180799999999998,4500.0
2023-05-12,0,assign,sh600338,0.025,,0.0
2023-05-15,0,buy,sh600338,0.025,19.76975,4400.0
2023-05-16,0,sell_stop,sh600338,0.025,19.840139999999998,4400.0
2023-05-16,0,assign,sh600338,0.025,,0.0
2023-05-22,2,sell_stop,sh603328,0.025,7.3226700000000005,13300.0
2023-05-22,1,buy,sh600305,0.025,11.021009999999999,8000.0
2023-05-22,2,assign,sh603328,0.025,,0.0
2023-05-22,3,buy,sz000951,0.025,13.583569999999998,6600.0
2023-05-23,3,sell_stop,sz000951,0.025,13.146840000000001,6600.0
2023-05-23,3,assign,sz000951,0.025,,0.0
2023-05-26,4,sell_stop,sh601908,0.025,6.133859999999999,15100.0
2023-05-26,2,buy,sh603328,0.025,7.517509999999999,12900.0
2023-05-26,3,buy,sz000951,0.025,13.08307,6700.0
2023-05-26,4,assign,sh601908,0.025,,0.0
2023-05-31,3,sell_stop,sz000951,0.025,12.83715,6700.0
2023-05-31,3,assign,sz000951,0.025,,0.0
2023-06-01,0,buy,sh600338,0.025,18.04803,4800.0
2023-06-01,3,buy,sz000951,0.025,13.17316,6500.0
2023-06-06,2,sell_stop,sh603328,0.025,7.36263,12900.0
2023-06-06,2,assign,sh603328,0.025,,0.0
2023-06-07,3,sell_stop,sz000951,0.025,12.8871,6500.0
2023-06-07,2,buy,sh603328,0.025,7.57757,12500.0
2023-06-07,3,assign,sz000951,0.025,,0.0
2023-06-09,3,buy,sz000951,0.025,13.533519999999998,6200.0
2023-06-14,2,sell_stop,sh603328,0.025,7.50249,12500.0
2023-06-14,2,assign,sh603328,0.025,,0.0
2023-06-15,4,buy,sh601908,0.025,5.845839999999999,15900.0
2023-06-19,2,buy,sh603328,0.025,7.727719999999999,12200.0
2023-06-20,2,sell_stop,sh603328,0.025,7.45254,12200.0
2023-06-20,2,assign,sh603328,0.025,,0.0
2023-06-21,0,sell_stop,sh600338,0.025,16.94304,4800.0
2023-06-21,0,assign,sh600338,0.025,,0.0
2023-06-27,0,buy,sh600338,0.025,17.15714,4800.0
2023-06-27,2,buy,sh603328,0.025,7.387379999999999,12300.0
2023-06-28,2,sell_stop,sh603328,0.025,7.13286,12300.0
2023-06-28,2,assign,sh603328,0.025,,0.0
2023-06-29,0,sell_stop,sh600338,0.025,17.50248,4800.0
2023-06-29,0,assign,sh600338,0.025,,0.0
2023-06-29,2,buy,sh603328,0.025,7.417409999999999,11800.0
2023-06-30,0,buy,sh600338,0.025,18.05804,4600.0
2023-07-04,3,sell_stop,sz000951,0.025,15.7842,6200.0
2023-07-04,3,assign,sz000951,0.025,,0.0
2023-07-06,0,sell_stop,sh600338,0.025,18.27171,4600.0
2023-07-06,0,assign,sh600338,0.025,,0.0
2023-07-07,3,buy,sz000951,0.025,15.935919999999998,6100.0
2023-07-10,0,buy,sh600338,0.025,18.65864,4500.0
2023-07-17,4,sell_stop,sh601908,0.025,5.51448,15900.0
2023-07-17,4,assign,sh601908,0.025,,0.0
2023-07-20,2,sell_stop,sh603328,0.025,7.52247,11800.0
2023-07-20,2,assign,sh603328,0.025,,0.0
2023-07-24,0,sell_stop,sh600338,0.025,17.21277,4500.0
2023-07-24,0,assign,sh600338,0.025,,0.0
2023-07-25,0,buy,sh600338,0.025,17.757739999999995,4400.0
2023-07-26,3,sell_stop,sz000951,0.025,15.624360000000001,6100.0
2023-07-26,3,assign,sz000951,0.025,,0.0
2023-07-28,3,buy,sz000951,0.025,15.675659999999999,6000.0
2023-08-02,0,sell_stop,sh600338,0.025,18.581400000000002,4400.0
2023-08-02,0,assign,sh600338,0.025,,0.0
2023-08-02,2,buy,sh603328,0.025,7.537529999999999,11800.0
2023-08-09,3,sell_stop,sz000951,0.025,15.23475,6000.0
2023-08-09,3,assign,sz000951,0.025,,0.0
2023-08-17,3,buy,sz000951,0.025,14.664649999999998,6300.0
2023-08-21,3,sell_stop,sz000951,0.025,14.57541,6300.0
2023-08-21,3,assign,sz000951,0.025,,0.0
2023-08-22,1,sell_stop,sh600305,0.025,10.019969999999999,8000.0
2023-08-22,1,assign,sh600305,0.025,,0.0
2023-08-25,2,sell_stop,sh603328,0.025,6.80319,11800.0
2023-08-25,2,assign,sh603328,0.025,,0.0
2023-08-29,0,buy,sh600338,0.025,14.414399999999999,5600.0
2023-08-29,1,buy,sh600305,0.025,10.100089999999998,8000.0
2023-08-29,2,buy,sh603328,0.025,7.087079999999999,11400.0
2023-09-01,3,buy,sz000951,0.025,14.304289999999998,6400.0
2023-09-12,4,buy,sh601908,0.025,4.82482,18200.0
2023-09-13,4,sell_stop,sh601908,0.025,4.93506,18200.0
2023-09-13,4,assign,sh601908,0.025,,0.0
2023-09-27,4,buy,sh601908,0.025,4.87487,18400.0
2023-10-10,3,sell_stop,sz000951,0.025,14.125860000000001,6400.0
2023-10-10,3,assign,sz000951,0.025,,0.0
2023-10-12,3,buy,sz000951,0.025,14.664649999999998,6200.0
2023-10-13,3,sell_stop,sz000951,0.025,14.17581,6200.0
2023-10-13,3,assign,sz000951,0.025,,0.0
2023-10-18,0,sell_stop,sh600338,0.025,13.80618,5600.0
2023-10-18,4,sell_stop,sh601908,0.025,4.4855100000000006,18400.0
2023-10-18,0,assign,sh600338,0.025,,0.0
2023-10-18,4,assign,sh601908,0.025,,0.0
2023-10-19,0,buy,sh600338,0.025,14.014,5600.0
2023-10-20,2,sell_stop,sh603328,0.025,7.1128800000000005,11400.0
2023-10-20,2,assign,sh603328,0.025,,0.0
2023-10-23,0,sell_stop,sh600338,0.025,13.706280000000001,5600.0
2023-10-23,1,sell_stop,sh600305,0.025,9.13086,8000.0
2023-10-23,0,assign,sh600338,0.025,,0.0
2023-10-23,1,assign,sh600305,0.025,,0.0
2023-10-24,0,buy,sh600338,0.025,13.73372,5600.0
2023-10-24,1,buy,sh600305,0.025,9.279269999999999,7900.0
2023-10-25,3,buy,sz000951,0.025,13.193179999999998,6600.0
2023-10-25,4,buy,sh601908,0.025,4.434429999999999,18600.0
2023-10-26,0,sell_stop,sh600338,0.025,13.436549999999999,5600.0
2023-10-26,0,assign,sh600338,0.025,,0.0
2023-10-27,0,buy,sh600338,0.025,14.084069999999999,5300.0
2023-10-27,2,buy,sh603328,0.025,7.377369999999999,11000.0
2023-10-30,3,sell_stop,sz000951,0.025,13.47651,6600.0
2023-10-30,3,assign,sz000951,0.025,,0.0
2023-10-31,2,sell_stop,sh603328,0.025,7.48251,11000.0
2023-10-31,2,assign,sh603328,0.025,,0.0
2023-11-02,0,sell_stop,sh600338,0.025,13.51647,5300.0
2023-11-02,0,assign,sh600338,0.025,,0.0
2023-11-03,2,buy,sh603328,0.025,7.607599999999999,10800.0
2023-11-06,0,buy,sh600338,0.025,13.74373,5200.0
2023-11-10,0,sell_stop,sh600338,0.025,14.47551,5200.0
2023-11-10,0,assign,sh600338,0.025,,0.0
2023-11-14,3,buy,sz000951,0.025,13.443429999999998,6600.0
2023-11-17,0,buy,sh600338,0.025,14.294279999999997,5300.0
2023-11-21,2,sell_stop,sh603328,0.025,7.71228,10800.0
2023-11-21,2,assign,sh603328,0.025,,0.0
2023-11-22,0,sell_stop,sh600338,0.025,13.49649,5300.0
2023-11-22,0,assign,sh600338,0.025,,0.0
2023-12-01,0,buy,sh600338,0.025,12.06205,5900.0
2023-12-07,0,sell_stop,sh600338,0.025,12.4875,5900.0
2023-12-07,3,sell_stop,sz000951,0.025,12.86712,6600.0
2023-12-07,0,assign,sh600338,0.025,,0.0
2023-12-07,3,assign,sz000951,0.025,,0.0
2023-12-11,1,sell_stop,sh600305,0.025,8.7912,7900.0
2023-12-11,1,assign,sh600305,0.025,,0.0
2023-12-11,3,buy,sz000951,0.025,12.942929999999999,6600.0
2023-12-12,1,buy,sh600305,0.025,9.13913,7600.0
2023-12-13,3,sell_stop,sz000951,0.025,12.43755,6600.0
2023-12-13,3,assign,sz000951,0.025,,0.0
2023-12-15,0,buy,sh600338,0.025,12.172159999999998,6100.0
2023-12-28,3,buy,sz000951,0.025,11.591579999999999,7100.0
2023-12-29,2,buy,sh603328,0.025,7.607599999999999,10900.0
2024-01-03,2,sell_stop,sh603328,0.025,7.4925,10900.0
2024-01-03,2,assign,sh603328,0.025,,0.0
2024-01-04,3,sell_stop,sz000951,0.025,12.287700000000001,7100.0
2024-01-04,3,assign,sh603027,0.025,,0.0
2024-01-05,0,sell_stop,sh600338,0.025,11.49849,6100.0
2024-01-05,0,assign,sh600338,0.025,,0.0
2024-01-10,4,sell_stop,sh601908,0.025,4.2957,18600.0
2024-01-10,0,buy,sh600338,0.025,11.47146,6100.0
2024-01-10,3,buy,sh603027,0.025,10.550539999999998,8300.0
2024-01-10,4,assign,sz002892,0.025,,0.0
2024-01-11,4,buy,sz002892,0.025,8.778769999999998,9100.0
2024-01-16,4,sell_stop,sz002892,0.025,8.40159,9100.0
2024-01-16,4,assign,sz002892,0.025,,0.0
2024-01-17,0,sell_stop,sh600338,0.025,10.859129999999999,6100.0
2024-01-17,3,sell_stop,sh603027,0.025,10.469520000000001,8300.0
2024-01-17,0,assign,sh600338,0.025,,0.0
2024-01-17,3,assign,sh603027,0.025,,0.0
2024-01-18,1,sell_stop,sh600305,0.025,8.181809999999999,7600.0
2024-01-18,1,assign,sz000058,0.025,,0.0
2024-01-19,0,buy,sh600338,0.025,10.89088,6100.0
2024-01-19,1,buy,sz000058,0.025,7.747739999999999,8100.0
2024-01-22,0,sell_stop,sh600338,0.025,10.24974,6100.0
2024-01-22,1,sell_stop,sz000058,0.025,7.47252,8100.0
2024-01-22,0,assign,sh600338,0.025,,0.0
2024-01-22,1,assign,sz000058,0.025,,0.0
2024-01-23,0,buy,sh600338,0.025,10.050039999999997,6200.0
2024-01-23,1,buy,sz000058,0.025,7.727719999999999,7900.0
2024-01-24,0,sell_stop,sh600338,0.025,9.83016,6200.0
2024-01-24,0,assign,sh600338,0.025,,0.0
2024-01-24,3,buy,sh603027,0.025,10.330319999999999,8400.0
2024-01-25,0,buy,sh600338,0.025,10.47046,5800.0
2024-01-25,2,buy,sh603328,0.025,6.49649,12600.0
2024-01-26,1,sell_stop,sz000058,0.025,8.191799999999999,7900.0
2024-01-26,1,assign,sz000058,0.025,,0.0
2024-01-29,0,sell_stop,sh600338,0.025,10.12986,5800.0
2024-01-29,2,sell_stop,sh603328,0.025,6.42357,12600.0
2024-01-29,3,sell_stop,sh603027,0.025,10.12986,8400.0
2024-01-29,0,assign,sh603328,0.025,,0.0
2024-01-29,1,buy,sz000058,0.025,8.24824,7800.0
2024-01-29,2,assign,sh600338,0.025,,0.0
2024-01-29,3,assign,sh603027,0.025,,0.0
2024-01-30,1,sell_stop,sz000058,0.025,7.7922,7800.0
2024-01-30,1,assign,sz000058,0.025,,0.0
2024-01-30,4,buy,sz002892,0.025,7.527519999999999,10200.0
2024-01-31,4,sell_stop,sz002892,0.025,7.00299,10200.0
2024-01-31,4,assign,sz002892,0.025,,0.0
2024-02-01,0,buy,sh603328,0.025,5.95595,10000.0
2024-02-01,1,buy,sz000058,0.025,6.556549999999999,9300.0
2024-02-01,4,buy,sz002892,0.025,6.896889999999999,10400.0
2024-02-02,0,sell_stop,sh603328,0.025,5.70429,10000.0
2024-02-02,1,sell_stop,sz000058,0.025,6.23376,9300.0
2024-02-02,4,sell_stop,sz002892,0.025,6.643350000000001,10400.0
2024-02-02,0,assign,sh603328,0.025,,0.0
2024-02-02,1,assign,sz002892,0.025,,0.0
2024-02-02,1,buy,sz002892,0.025,7.017009999999999,8200.0
2024-02-02,3,buy,sh603027,0.025,9.86986,8600.0
2024-02-02,4,assign,sz000058,0.025,,0.0
2024-02-02,4,buy,sz000058,0.025,6.566559999999999,10500.0
2024-02-05,1,sell_stop,sz002892,0.025,6.21378,8200.0
2024-02-05,3,sell_stop,sh603027,0.025,9.35064,8600.0
2024-02-05,4,sell_stop,sz000058,0.025,5.81418,10500.0
2024-02-05,1,assign,sh603027,0.025,,0.0
2024-02-05,3,assign,sz002892,0.025,,0.0
2024-02-05,4,assign,sz000058,0.025,,0.0
2024-02-06,0,buy,sh603328,0.025,5.19519,11000.0
2024-02-06,1,buy,sh603027,0.025,9.5095,5400.0
2024-02-06,2,buy,sh600338,0.025,7.3573499999999985,11000.0
2024-02-06,3,buy,sz002892,0.025,5.69569,14200.0
2024-02-06,4,buy,sz000058,0.025,5.395389999999999,11400.0
2024-02-07,3,sell_stop,sz002892,0.025,5.754239999999999,14200.0
2024-02-07,3,assign,sz002892,0.025,,0.0
2024-02-08,3,buy,sz002892,0.025,5.875869999999999,13900.0
2024-02-19,1,sell_stop,sh603027,0.025,10.41957,5400.0
2024-02-19,1,assign,sh603027,0.025,,0.0
2024-02-20,4,sell_stop,sz000058,0.025,6.0839099999999995,11400.0
2024-02-20,4,assign,sz000058,0.025,,0.0
2024-02-21,1,buy,sh603027,0.025,10.550539999999998,5300.0
2024-02-21,4,buy,sz000058,0.025,6.336329999999999,10900.0
2024-02-28,0,sell_stop,sh603328,0.025,6.473520000000001,11000.0
2024-02-28,3,sell_stop,sz002892,0.025,8.04195,13900.0
2024-02-28,4,sell_stop,sz000058,0.025,6.5734200000000005,10900.0
2024-02-28,0,assign,sh603328,0.025,,0.0
2024-02-28,3,assign,sz002892,0.025,,0.0
2024-02-28,4,assign,sz000058,0.025,,0.0
2024-02-29,2,sell_stop,sh600338,0.025,10.51947,11000.0
2024-02-29,0,buy,sh603328,0.025,6.346339999999999,11100.0
2024-02-29,2,assign,sh600338,0.025,,0.0
2024-02-29,3,buy,sz002892,0.025,7.447439999999999,14800.0
2024-02-29,4,buy,sz000058,0.025,6.4064,11100.0
2024-03-04,1,sell_stop,sh603027,0.025,10.74924,5300.0
2024-03-04,4,sell_stop,sz000058,0.025,6.53346,11100.0
2024-03-04,1,assign,sh603027,0.025,,0.0
2024-03-04,4,assign,sz000058,0.025,,0.0
2024-03-05,3,sell_stop,sz002892,0.025,7.98201,14800.0
2024-03-05,3,assign,sz002892,0.025,,0.0
2024-03-05,3,buy,sz002892,0.025,8.41841,13900.0
2024-03-07,3,sell_stop,sz002892,0.025,9.46053,13900.0
2024-03-07,2,buy,sh600338,0.025,10.380369999999997,10900.0
2024-03-07,3,assign,sz002892,0.025,,0.0
2024-03-08,3,buy,sz002892,0.025,9.05905,14500.0
2024-03-08,4,buy,sz000058,0.025,6.646639999999999,10900.0
2024-03-11,3,sell_stop,sz002892,0.025,8.82117,14500.0
2024-03-11,1,buy,sh603027,0.025,10.700689999999998,5300.0
2024-03-11,3,assign,sz002892,0.025,,0.0
2024-03-14,3,buy,sz002892,0.025,9.549539999999999,13400.0
2024-03-18,3,sell_stop,sz002892,0.025,9.56043,13400.0
2024-03-18,3,assign,sz002892,0.025,,0.0
2024-03-19,3,buy,sz002892,0.025,9.77977,13100.0
2024-03-22,1,sell_stop,sh603027,0.025,11.81817,5300.0
2024-03-22,2,sell_stop,sh600338,0.025,9.91008,10900.0
2024-03-22,3,sell_stop,sz002892,0.025,9.31068,13100.0
2024-03-22,1,assign,sh600338,0.025,,0.0
2024-03-22,2,assign,sh603027,0.025,,0.0
2024-03-22,3,assign,sz002892,0.025,,0.0
2024-03-25,0,sell_stop,sh603328,0.025,6.6733199999999995,11100.0
2024-03-25,0,assign,sh603328,0.025,,0.0
2024-03-25,2,buy,sh603027,0.025,11.931919999999998,9100.0
2024-03-27,4,sell_stop,sz000058,0.025,6.6733199999999995,10900.0
2024-03-27,4,assign,sz000058,0.025,,0.0
2024-03-28,0,buy,sh603328,0.025,6.53653,11300.0
2024-03-28,1,buy,sh600338,0.025,9.41941,6700.0
2024-03-28,3,buy,sz002892,0.025,8.538529999999998,14300.0
2024-03-28,4,buy,sz000058,0.025,6.716709999999999,10900.0
2024-03-29,0,sell_stop,sh603328,0.025,6.56343,11300.0
2024-03-29,4,sell_stop,sz000058,0.025,6.6233699999999995,10900.0
2024-03-29,0,assign,sh603328,0.025,,0.0
2024-03-29,4,assign,sz000058,0.025,,0.0
2024-04-02,3,sell_stop,sz002892,0.025,8.641350000000001,14300.0
2024-04-02,3,assign,sz002892,0.025,,0.0
2024-04-08,2,sell_stop,sh603027,0.025,11.81817,9100.0
2024-04-08,2,assign,sh603027,0.025,,0.0
2024-04-09,0,buy,sh603328,0.025,6.556549999999999,11300.0
2024-04-10,0,sell_stop,sh603328,0.025,6.37362,11300.0
2024-04-10,0,assign,sh603328,0.025,,0.0
2024-04-10,3,buy,sz002892,0.025,8.4084,14700.0
2024-04-11,0,buy,sh603328,0.025,6.436429999999999,11200.0
2024-04-11,4,buy,sz000058,0.025,6.426419999999999,11200.0
2024-04-12,1,sell_stop,sh600338,0.025,10.26972,6700.0
2024-04-12,1,assign,sh600338,0.025,,0.0
2024-04-15,0,sell_stop,sh603328,0.025,6.17382,11200.0
2024-04-15,3,sell_stop,sz002892,0.025,7.57242,14700.0
2024-04-15,4,sell_stop,sz000058,0.025,6.06393,11200.0
2024-04-15,0,assign,sh603328,0.025,,0.0
2024-04-15,3,assign,sz002892,0.025,,0.0
2024-04-15,4,assign,sz000058,0.025,,0.0
2024-04-17,0,buy,sh603328,0.025,6.176169999999999,11200.0
2024-04-17,1,buy,sh600338,0.025,8.89889,7600.0
2024-04-17,3,buy,sz002892,0.025,7.097089999999999,15700.0
2024-04-17,4,buy,sz000058,0.025,5.915909999999999,11500.0
2024-04-18,1,sell_stop,sh600338,0.025,8.86113,7600.0
2024-04-18,3,sell_stop,sz002892,0.025,7.3226700000000005,15700.0
2024-04-18,1,assign,sh600338,0.025,,0.0
2024-04-18,2,buy,sh603027,0.025,11.64163,9200.0
2024-04-18,3,assign,sz002892,0.025,,0.0
2024-04-22,0,sell_stop,sh603328,0.025,5.9840100000000005,11200.0
2024-04-22,0,assign,sh603328,0.025,,0.0
2024-04-22,1,buy,sh600338,0.025,9.008999999999999,7500.0
2024-04-23,1,sell_stop,sh600338,0.025,8.56143,7500.0
2024-04-23,1,assign,sh600338,0.025,,0.0
2024-04-23,3,buy,sz002892,0.025,7.597589999999999,15100.0
2024-04-24,2,sell_stop,sh603027,0.025,11.62836,9200.0
2024-04-24,0,buy,sh603328,0.025,6.396389999999999,10500.0
2024-04-24,2,assign,sh603027,0.025,,0.0
2024-04-25,1,buy,sh600338,0.025,8.868859999999998,7300.0
2024-04-29,2,buy,sh603027,0.025,11.791779999999997,9100.0
2024-04-30,2,sell_stop,sh603027,0.025,10.96902,9100.0
2024-04-30,4,sell_stop,sz000058,0.025,6.23376,11500.0
2024-04-30,2,assign,sh603027,0.025,,0.0
2024-04-30,4,assign,sz000058,0.025,,0.0
2024-05-06,1,sell_stop,sh600338,0.025,9.77022,7300.0
2024-05-06,1,assign,sh600338,0.025,,0.0
2024-05-06,2,buy,sh603027,0.025,11.181169999999998,9000.0
2024-05-07,1,buy,sh600338,0.025,10.150139999999999,7000.0
2024-05-10,1,sell_stop,sh600338,0.025,10.23975,7000.0
2024-05-10,1,assign,sh600338,0.025,,0.0
2024-05-16,2,sell_stop,sh603027,0.025,11.01897,9000.0
2024-05-16,2,assign,sh603027,0.025,,0.0
2024-05-16,4,buy,sz000058,0.025,6.426419999999999,11100.0
2024-05-21,3,sell_stop,sz002892,0.025,7.66233,15100.0
2024-05-21,3,assign,sz002892,0.025,,0.0
2024-05-22,3,buy,sz002892,0.025,7.987979999999999,14500.0
2024-05-23,4,sell_stop,sz000058,0.025,6.27372,11100.0
2024-05-23,4,assign,sz000058,0.025,,0.0
2024-05-27,3,sell_stop,sz002892,0.025,7.54245,14500.0
2024-05-27,3,assign,sz002892,0.025,,0.0
2024-05-28,1,buy,sh600338,0.025,9.669659999999999,7400.0
2024-05-30,1,sell_stop,sh600338,0.025,10.139850000000001,7400.0
2024-05-30,1,assign,sh600338,0.025,,0.0
2024-05-30,3,buy,sz002892,0.025,7.947939999999999,13800.0
2024-05-31,1,buy,sh600338,0.025,10.610599999999998,7000.0
2024-06-03,0,sell_stop,sh603328,0.025,6.74325,10500.0
2024-06-03,1,sell_stop,sh600338,0.025,9.76023,7000.0
2024-06-03,3,sell_stop,sz002892,0.025,7.842149999999999,13800.0
2024-06-03,0,assign,sh603328,0.025,,0.0
2024-06-03,1,assign,sh600338,0.025,,0.0
2024-06-03,3,assign,sz002892,0.025,,0.0
2024-06-04,2,buy,sh603027,0.025,10.72071,9200.0
2024-06-05,3,buy,sz002892,0.025,7.877869999999999,13700.0
2024-06-06,3,sell_stop,sz002892,0.025,7.35264,13700.0
2024-06-06,3,assign,sz002892,0.025,,0.0
2024-06-07,2,sell_stop,sh603027,0.025,10.31967,9200.0
2024-06-07,2,assign,sh603027,0.025,,0.0
2024-06-07,4,buy,sz000058,0.025,5.66566,12300.0
2024-06-11,4,sell_stop,sz000058,0.025,5.50449,12300.0
2024-06-11,0,buy,sh603328,0.025,6.756749999999999,10400.0
2024-06-11,1,buy,sh600338,0.025,9.199189999999998,7500.0
2024-06-11,4,assign,sz000058,0.025,,0.0
2024-06-12,3,buy,sz002892,0.025,7.5675599999999985,13400.0
2024-06-19,3,sell_stop,sz002892,0.025,7.48251,13400.0
2024-06-19,3,assign,sz002892,0.025,,0.0
2024-06-21,3,buy,sz002892,0.025,7.5675599999999985,13200.0
2024-06-21,4,buy,sz000058,0.025,5.65565,12000.0
2024-06-24,1,sell_stop,sh600338,0.025,8.73126,7500.0
2024-06-24,4,sell_stop,sz000058,0.025,5.34465,12000.0
2024-06-24,1,assign,sh600338,0.025,,0.0
2024-06-24,4,assign,sz000058,0.025,,0.0
2024-06-25,0,sell_stop,sh603328,0.025,6.84315,10400.0
2024-06-25,0,assign,sh603328,0.025,,0.0
2024-06-26,3,sell_stop,sz002892,0.025,8.10189,13200.0
2024-06-26,0,buy,sh603328,0.025,7.087079999999999,10000.0
2024-06-26,1,buy,sh600338,0.025,8.9089,7300.0
2024-06-26,2,buy,sh603027,0.025,10.050039999999997,9500.0
2024-06-26,3,assign,sz002892,0.025,,0.0
2024-06-26,4,buy,sz000058,0.025,5.48548,11700.0
2024-06-27,1,sell_stop,sh600338,0.025,9.08091,7300.0
2024-06-27,2,sell_stop,sh603027,0.025,9.73026,9500.0
2024-06-27,1,assign,sh600338,0.025,,0.0
2024-06-27,2,assign,sh603027,0.025,,0.0
2024-06-28,1,buy,sh600338,0.025,9.3093,7100.0
2024-06-28,3,buy,sz002892,0.025,8.09809,13200.0
2024-07-01,0,sell_stop,sh603328,0.025,7.41258,10000.0
2024-07-01,3,sell_stop,sz002892,0.025,7.67232,13200.0
2024-07-01,0,assign,sh603328,0.025,,0.0
2024-07-01,2,buy,sh603027,0.025,9.679669999999998,9500.0
2024-07-01,3,assign,sz002892,0.025,,0.0
2024-07-01,3,buy,sz002892,0.025,8.08808,12500.0
2024-07-02,1,sell_stop,sh600338,0.025,10.35963,7100.0
2024-07-02,1,assign,sh600338,0.025,,0.0
2024-07-03,3,sell_stop,sz002892,0.025,7.90209,12500.0
2024-07-03,3,assign,sz002892,0.025,,0.0
2024-07-04,2,sell_stop,sh603027,0.025,9.28071,9500.0
2024-07-04,4,sell_stop,sz000058,0.025,5.41458,11700.0
2024-07-04,0,buy,sh603328,0.025,7.557549999999999,9800.0
2024-07-04,2,assign,sh603027,0.025,,0.0
2024-07-04,3,buy,sz002892,0.025,8.08808,12200.0
2024-07-04,4,assign,sz000058,0.025,,0.0
2024-07-05,0,sell_stop,sh603328,0.025,7.20279,9800.0
2024-07-05,3,sell_stop,sz002892,0.025,7.77222,12200.0
2024-07-05,0,assign,sh603328,0.025,,0.0
2024-07-05,3,assign,sz002892,0.025,,0.0
2024-07-09,0,buy,sh603328,0.025,7.217209999999999,9800.0
2024-07-09,1,buy,sh600338,0.025,9.008999999999999,8200.0
2024-07-09,3,buy,sz002892,0.025,7.33733,13000.0
2024-07-15,0,sell_stop,sh603328,0.025,8.131860000000001,9800.0
2024-07-15,3,sell_stop,sz002892,0.025,6.82317,13000.0
2024-07-15,0,assign,sh603328,0.025,,0.0
2024-07-15,3,assign,sz002892,0.025,,0.0
2024-07-16,0,buy,sh603328,0.025,8.348339999999999,9500.0
2024-07-17,0,sell_stop,sh603328,0.025,8.10189,9500.0
2024-07-17,0,assign,sh603328,0.025,,0.0
2024-07-17,2,buy,sh603027,0.025,9.699689999999999,9100.0
2024-07-17,4,buy,sz000058,0.025,5.315309999999999,11900.0
2024-07-19,3,buy,sz002892,0.025,6.556549999999999,13500.0
2024-07-22,2,sell_stop,sh603027,0.025,9.74025,9100.0
2024-07-22,2,assign,sh603027,0.025,,0.0
2024-07-23,1,sell_stop,sh600338,0.025,8.931059999999999,8200.0
2024-07-23,3,sell_stop,sz002892,0.025,6.553439999999999,13500.0
2024-07-23,1,assign,sh600338,0.025,,0.0
2024-07-23,3,assign,sz002892,0.025,,0.0
2024-07-25,1,buy,sh600338,0.025,8.96896,8100.0
2024-07-26,0,buy,sh603328,0.025,7.047039999999999,10900.0
2024-07-26,2,buy,sh603027,0.025,9.63963,9200.0
2024-07-26,3,buy,sz002892,0.025,6.556549999999999,13500.0
2024-08-02,0,sell_stop,sh603328,0.025,7.14285,10900.0
2024-08-02,0,assign,sh603328,0.025,,0.0
2024-08-05,3,sell_stop,sz002892,0.025,6.66333,13500.0
2024-08-05,3,assign,sz002892,0.025,,0.0
2024-08-09,0,buy,sh603328,0.025,6.91691,11300.0
2024-08-13,2,sell_stop,sh603027,0.025,9.74025,9200.0
2024-08-13,2,assign,sh603027,0.025,,0.0
2024-08-15,3,buy,sz002892,0.025,6.79679,13200.0
2024-08-19,3,sell_stop,sz002892,0.025,6.80319,13200.0
2024-08-19,3,assign,sz002892,0.025,,0.0
2024-08-20,0,sell_stop,sh603328,0.025,6.66333,11300.0
2024-08-20,1,sell_stop,sh600338,0.025,8.92107,8100.0
2024-08-20,4,sell_stop,sz000058,0.025,5.2947,11900.0
2024-08-20,0,assign,sh603328,0.025,,0.0
2024-08-20,1,assign,sh600338,0.025,,0.0
2024-08-20,4,assign,sz000058,0.025,,0.0
2024-08-21,0,buy,sh603328,0.025,6.806799999999999,11100.0
2024-08-21,1,buy,sh600338,0.025,9.14914,7900.0
2024-08-21,3,buy,sz002892,0.025,6.906899999999999,13000.0
2024-08-21,4,buy,sz000058,0.025,5.38538,11700.0
2024-08-22,1,sell_stop,sh600338,0.025,8.871120000000001,7900.0
2024-08-22,3,sell_stop,sz002892,0.025,6.6733199999999995,13000.0
2024-08-22,4,sell_stop,sz000058,0.025,5.354640000000001,11700.0
2024-08-22,1,assign,sh600338,0.025,,0.0
2024-08-22,3,assign,sz002892,0.025,,0.0
2024-08-22,4,assign,sz000058,0.025,,0.0
2024-08-23,3,buy,sz002892,0.025,6.566559999999999,13300.0
2024-08-23,4,buy,sz000058,0.025,5.375369999999999,11700.0
2024-08-26,1,buy,sh600338,0.025,9.35935,7500.0
2024-08-27,1,sell_stop,sh600338,0.025,9.04095,7500.0
2024-08-27,1,assign,sh600338,0.025,,0.0
2024-08-28,4,sell_stop,sz000058,0.025,5.804189999999999,11700.0
2024-08-28,4,assign,sz000058,0.025,,0.0
2024-08-28,4,buy,sz000058,0.025,6.11611,11000.0
2024-08-29,2,buy,sh603027,0.025,9.369359999999999,9600.0
2024-08-30,1,buy,sh600338,0.025,9.379369999999998,7300.0
2024-09-02,2,sell_stop,sh603027,0.025,8.641350000000001,9600.0
2024-09-02,4,sell_stop,sz000058,0.025,5.86413,11000.0
2024-09-02,2,assign,sh603027,0.025,,0.0
2024-09-02,4,assign,sz000058,0.025,,0.0
2024-09-03,4,buy,sz000058,0.025,6.066059999999999,10700.0
2024-09-04,4,sell_stop,sz000058,0.025,6.7932,10700.0
2024-09-04,4,assign,sz000058,0.025,,0.0
2024-09-06,4,buy,sz000058,0.025,6.896889999999999,10500.0
2024-09-09,4,sell_stop,sz000058,0.025,7.07292,10500.0
2024-09-09,4,assign,sz000058,0.025,,0.0
2024-09-10,1,sell_stop,sh600338,0.025,8.63136,7300.0
2024-09-10,1,assign,sh600338,0.025,,0.0
2024-09-11,1,buy,sh600338,0.025,9.049039999999998,6900.0
2024-09-11,4,buy,sz000058,0.025,6.766759999999999,10900.0
2024-09-13,4,sell_stop,sz000058,0.025,6.05394,10900.0
2024-09-13,4,assign,sz000058,0.025,,0.0
2024-09-18,0,sell_stop,sh603328,0.025,7.1128800000000005,11100.0
2024-09-18,3,sell_stop,sz002892,0.025,7.2927,13300.0
2024-09-18,0,assign,sh603328,0.025,,0.0
2024-09-18,3,assign,sz002892,0.025,,0.0
2024-09-19,2,buy,sh603027,0.025,7.317309999999999,11400.0
2024-09-19,4,buy,sz000058,0.025,6.056049999999999,11000.0
2024-09-20,3,buy,sz002892,0.025,7.587579999999999,12700.0
2024-09-24,3,sell_stop,sz002892,0.025,7.31268,12700.0
2024-09-24,0,buy,sh603328,0.025,7.57757,10300.0
2024-09-24,3,assign,sz002892,0.025,,0.0
2024-09-25,2,sell_stop,sh603027,0.025,7.6923,11400.0
2024-09-25,2,assign,sh603027,0.025,,0.0
2024-09-25,3,buy,sz002892,0.025,7.847839999999999,11800.0
2024-09-26,2,buy,sh603027,0.025,7.937929999999999,11000.0
2024-09-30,0,sell_stop,sh603328,0.025,8.26173,10300.0
2024-09-30,1,sell_stop,sh600338,0.025,10.62936,6900.0
2024-09-30,2,sell_stop,sh603027,0.025,9.44055,11000.0
2024-09-30,3,sell_stop,sz002892,0.025,8.68131,11800.0
2024-09-30,0,assign,sh603328,0.025,,0.0
2024-09-30,1,assign,sh600338,0.025,,0.0
2024-09-30,2,assign,sh603027,0.025,,0.0
2024-09-30,3,assign,sz002892,0.025,,0.0
2024-10-08,4,sell_stop,sz000058,0.025,7.8621300000000005,11000.0
2024-10-08,4,assign,sz000058,0.025,,0.0
2024-10-09,0,buy,sh603328,0.025,9.819809999999999,8600.0
2024-10-10,1,buy,sh600338,0.025,10.660649999999999,6900.0
2024-10-10,2,buy,sh603027,0.025,9.46946,10800.0
2024-10-10,3,buy,sz002892,0.025,9.35935,10900.0
2024-10-10,4,buy,sz000058,0.025,7.007,12200.0
2024-10-11,0,sell_stop,sh603328,0.025,9.300690000000001,8600.0
2024-10-11,1,sell_stop,sh600338,0.025,10.25973,6900.0
2024-10-11,2,sell_stop,sh603027,0.025,9.35064,10800.0
2024-10-11,3,sell_stop,sz002892,0.025,8.53146,10900.0
2024-10-11,4,sell_stop,sz000058,0.025,6.6733199999999995,12200.0
2024-10-11,0,assign,sh603328,0.025,,0.0
2024-10-11,1,assign,sh600338,0.025,,0.0
2024-10-11,1,buy,sh600338,0.025,10.82081,6500.0
2024-10-11,2,assign,sh603027,0.025,,0.0
2024-10-11,3,assign,sz002892,0.025,,0.0
2024-10-11,3,buy,sz002892,0.025,8.98898,10400.0
2024-10-11,4,assign,sz000058,0.025,,0.0
2024-10-11,4,buy,sz000058,0.025,7.047039999999999,11500.0
2024-10-14,0,buy,sh603328,0.025,9.11911,8800.0
2024-10-18,2,buy,sh603027,0.025,8.878869999999997,11400.0
2024-10-23,3,sell_stop,sz002892,0.025,9.33066,10400.0
2024-10-23,3,assign,sz002892,0.025,,0.0
2024-10-29,1,sell_stop,sh600338,0.025,11.34864,6500.0
2024-10-29,2,sell_stop,sh603027,0.025,8.961030000000001,11400.0
2024-10-29,4,sell_stop,sz000058,0.025,9.51048,11500.0
2024-10-29,1,assign,sh600338,0.025,,0.0
2024-10-29,2,assign,sh603027,0.025,,0.0
2024-10-29,3,buy,sz002892,0.025,9.73973,9900.0
2024-10-29,4,assign,sz000058,0.025,,0.0
2024-10-30,0,sell_stop,sh603328,0.025,9.300690000000001,8800.0
2024-10-30,0,assign,sh603328,0.025,,0.0
2024-10-30,4,buy,sz000058,0.025,9.699689999999999,11100.0
2024-10-31,4,sell_stop,sz000058,0.025,10.469520000000001,11100.0
2024-10-31,2,buy,sh603027,0.025,8.8088,11600.0
2024-10-31,4,assign,sz000058,0.025,,0.0
2024-11-01,3,sell_stop,sz002892,0.025,10.45953,9900.0
2024-11-01,1,buy,sh600338,0.025,11.19118,6600.0
2024-11-01,3,assign,sz002892,0.025,,0.0
2024-11-04,1,sell_stop,sh600338,0.025,11.418569999999999,6600.0
2024-11-04,0,buy,sh603328,0.025,9.14914,9000.0
2024-11-04,1,assign,sh600338,0.025,,0.0
2024-11-04,4,buy,sz000058,0.025,9.109099999999998,12700.0
2024-11-05,1,buy,sh600338,0.025,11.76175,6400.0
2024-11-07,3,buy,sz002892,0.025,14.704689999999998,7000.0
2024-11-08,1,sell_stop,sh600338,0.025,11.72826,6400.0
2024-11-08,2,sell_stop,sh603027,0.025,9.99,11600.0
2024-11-08,1,assign,sh600338,0.025,,0.0
2024-11-08,2,assign,sh603027,0.025,,0.0
2024-11-11,3,sell_stop,sz002892,0.025,14.125860000000001,7000.0
2024-11-11,1,buy,sh600338,0.025,11.891879999999999,6300.0
2024-11-11,3,assign,sz002892,0.025,,0.0
2024-11-11,3,buy,sz002892,0.025,14.894879999999999,6700.0
2024-11-12,3,sell_stop,sz002892,0.025,15.04494,6700.0
2024-11-12,3,assign,sz002892,0.025,,0.0
2024-11-13,4,sell_stop,sz000058,0.025,9.43056,12700.0
2024-11-13,3,buy,sz002892,0.025,14.294279999999997,7000.0
2024-11-13,4,assign,sz000058,0.025,,0.0
2024-11-14,0,sell_stop,sh603328,0.025,9.54045,9000.0
2024-11-14,3,sell_stop,sz002892,0.025,13.71627,7000.0
2024-11-14,0,assign,sh603328,0.025,,0.0
2024-11-14,3,assign,sz002892,0.025,,0.0
2024-11-14,3,buy,sz002892,0.025,14.464449999999998,6600.0
2024-11-15,3,sell_stop,sz002892,0.025,12.75723,6600.0
2024-11-15,3,assign,sz002892,0.025,,0.0
2024-11-15,3,buy,sz002892,0.025,13.443429999999998,6400.0
2024-11-18,1,sell_stop,sh600338,0.025,12.76722,6300.0
2024-11-18,3,sell_stop,sz002892,0.025,12.22776,6400.0
2024-11-18,1,assign,sh600338,0.025,,0.0
2024-11-18,3,assign,sz002892,0.025,,0.0
2024-11-18,4,buy,sz000058,0.025,9.049039999999998,13200.0
2024-11-19,4,sell_stop,sz000058,0.025,8.20179,13200.0
2024-11-19,0,buy,sh603328,0.025,9.109099999999998,9400.0
2024-11-19,1,buy,sh600338,0.025,12.552539999999997,6400.0
2024-11-19,3,buy,sz002892,0.025,12.202189999999998,6400.0
2024-11-19,4,assign,sz000058,0.025,,0.0
2024-11-20,1,sell_stop,sh600338,0.025,12.89709,6400.0
2024-11-20,1,assign,sh600338,0.025,,0.0
2024-11-20,4,buy,sz000058,0.025,8.66866,12600.0
2024-11-21,3,sell_stop,sz002892,0.025,12.917069999999999,6400.0
2024-11-21,3,assign,sz002892,0.025,,0.0
2024-11-22,0,sell_stop,sh603328,0.025,8.881110000000001,9400.0
2024-11-22,0,assign,sh603328,0.025,,0.0
2024-11-25,4,sell_stop,sz000058,0.025,8.25174,12600.0
2024-11-25,1,buy,sh600338,0.025,12.42241,6600.0
2024-11-25,4,assign,sz000058,0.025,,0.0
2024-11-25,4,buy,sz000058,0.025,8.708699999999999,12000.0
2024-11-26,1,sell_stop,sh600338,0.025,11.66832,6600.0
2024-11-26,1,assign,sh600338,0.025,,0.0
2024-11-27,1,buy,sh600338,0.025,11.90189,6500.0
2024-11-29,4,sell_stop,sz000058,0.025,9.64035,12000.0
2024-11-29,0,buy,sh603328,0.025,8.99899,9300.0
2024-11-29,2,buy,sh603027,0.025,9.019009999999998,12800.0
2024-11-29,3,buy,sz002892,0.025,11.97196,6900.0
2024-11-29,4,assign,sz000058,0.025,,0.0
2024-12-02,4,buy,sz000058,0.025,9.3093,12300.0
2024-12-03,4,sell_stop,sz000058,0.025,10.40958,12300.0
2024-12-03,4,assign,sz000058,0.025,,0.0
2024-12-04,1,sell_stop,sh600338,0.025,12.11787,6500.0
2024-12-04,1,assign,sh600338,0.025,,0.0
2024-12-04,4,buy,sz000058,0.025,10.06005,12700.0
2024-12-05,1,buy,sh600338,0.025,12.252239999999999,6400.0
2024-12-06,3,sell_stop,sz002892,0.025,13.56642,6900.0
2024-12-06,3,assign,sz002892,0.025,,0.0
2024-12-06,3,buy,sz002892,0.025,14.294279999999997,6500.0
2024-12-09,4,sell_stop,sz000058,0.025,9.390600000000001,12700.0
2024-12-09,4,assign,sz000058,0.025,,0.0
2024-12-10,1,sell_stop,sh600338,0.025,12.83715,6400.0
2024-12-10,1,assign,sh600338,0.025,,0.0
2024-12-11,3,sell_stop,sz002892,0.025,16.14384,6500.0
2024-12-11,3,assign,sz002892,0.025,,0.0
2024-12-11,4,buy,sz000058,0.025,9.629619999999997,12400.0
2024-12-12,1,buy,sh600338,0.025,12.862849999999998,6400.0
2024-12-12,3,buy,sz002892,0.025,16.216199999999997,6400.0
2024-12-13,1,sell_stop,sh600338,0.025,12.31767,6400.0
2024-12-13,2,sell_stop,sh603027,0.025,9.47052,12800.0
2024-12-13,4,sell_stop,sz000058,0.025,9.690299999999999,12400.0
2024-12-13,1,assign,sh600338,0.025,,0.0
2024-12-13,2,assign,sh603027,0.025,,0.0
2024-12-13,4,assign,sz000058,0.025,,0.0
2024-12-16,3,sell_stop,sz002892,0.025,14.525459999999999,6400.0
2024-12-16,3,assign,sz002892,0.025,,0.0
2024-12-16,4,buy,sz000058,0.025,9.799789999999998,12200.0
2024-12-17,4,sell_stop,sz000058,0.025,9.18081,12200.0
2024-12-17,4,assign,sz000058,0.025,,0.0
2024-12-20,1,buy,sh600338,0.025,11.76175,6700.0
2024-12-20,3,buy,sz002892,0.025,13.953939999999998,6700.0
2024-12-23,0,sell_stop,sh603328,0.025,9.98001,9300.0
2024-12-23,1,sell_stop,sh600338,0.025,11.278709999999998,6700.0
2024-12-23,3,sell_stop,sz002892,0.025,13.93605,6700.0
2024-12-23,0,assign,sh603328,0.025,,0.0
2024-12-23,1,assign,sh600338,0.025,,0.0
2024-12-23,3,assign,sz002892,0.025,,0.0
2024-12-24,0,buy,sh603328,0.025,10.20019,9000.0
2024-12-25,0,sell_stop,sh603328,0.025,9.80019,9000.0
2024-12-25,0,assign,sh603328,0.025,,0.0
2024-12-26,0,buy,sh603328,0.025,10.180169999999999,8700.0
2024-12-26,3,buy,sz002892,0.025,13.423409999999999,7000.0
2024-12-27,0,sell_stop,sh603328,0.025,9.99,8700.0
2024-12-27,0,assign,sh603328,0.025,,0.0
2024-12-27,4,buy,sz000058,0.025,8.358349999999998,13500.0
2024-12-30,3,sell_stop,sz002892,0.025,13.21677,7000.0
2024-12-30,4,sell_stop,sz000058,0.025,8.06193,13500.0
2024-12-30,3,assign,sz002892,0.025,,0.0
2024-12-30,4,assign,sz000058,0.025,,0.0
2025-01-02,1,buy,sh600338,0.025,10.780769999999999,7000.0
2025-01-02,3,assign,sh601208,0.025,,0.0
2025-01-02,4,assign,sh600552,0.025,,0.0
2025-01-03,1,sell_stop,sh600338,0.025,10.039950000000001,7000.0
2025-01-03,1,assign,sh600338,0.025,,0.0
2025-01-06,1,buy,sh600338,0.025,10.280269999999998,6900.0
2025-01-07,0,buy,sh603328,0.025,8.828819999999999,9800.0
2025-01-08,0,sell_stop,sh603328,0.025,8.56143,9800.0
2025-01-08,1,sell_stop,sh600338,0.025,10.029959999999999,6900.0
2025-01-08,0,assign,sh603328,0.025,,0.0
2025-01-08,1,assign,sh600338,0.025,,0.0
2025-01-09,0,buy,sh603328,0.025,8.858849999999999,9500.0
2025-01-09,3,buy,sh601208,0.025,6.926919999999999,13300.0
2025-01-10,0,sell_stop,sh603328,0.025,8.72127,9500.0
2025-01-10,0,assign,sh603328,0.025,,0.0
2025-01-13,1,buy,sh600338,0.025,10.040029999999998,6900.0
2025-01-14,0,buy,sh603328,0.025,8.78878,9400.0
2025-01-14,4,buy,sh600552,0.025,10.64063,10200.0
2025-01-15,3,sell_stop,sh601208,0.025,7.38261,13300.0
2025-01-15,3,assign,sh601208,0.025,,0.0
2025-01-16,2,buy,sh603027,0.025,8.18818,14700.0
2025-01-16,3,buy,sh601208,0.025,7.48748,13100.0
2025-01-21,2,sell_stop,sh603027,0.025,8.30169,14700.0
2025-01-21,2,assign,sh603027,0.025,,0.0
2025-01-27,3,sell_stop,sh601208,0.025,7.77222,13100.0
2025-01-27,4,sell_stop,sh600552,0.025,11.01897,10200.0
2025-01-27,3,assign,sh601208,0.025,,0.0
2025-01-27,4,assign,sh600552,0.025,,0.0
2025-02-05,0,sell_stop,sh603328,0.025,9.65034,9400.0
2025-02-05,0,assign,sh603328,0.025,,0.0
2025-02-05,4,buy,sh600552,0.025,11.371359999999997,9900.0
2025-02-06,0,buy,sh603328,0.025,9.88988,9200.0
2025-02-06,3,buy,sh601208,0.025,8.028019999999998,12600.0
2025-02-07,4,sell_stop,sh600552,0.025,11.94804,9900.0
2025-02-07,4,assign,sh600552,0.025,,0.0
2025-02-11,4,buy,sh600552,0.025,12.622609999999998,9300.0
2025-02-13,0,sell_stop,sh603328,0.025,10.11987,9200.0
2025-02-13,4,sell_stop,sh600552,0.025,12.47751,9300.0
2025-02-13,0,assign,sh603328,0.025,,0.0
2025-02-13,4,assign,sh600552,0.025,,0.0
2025-02-14,4,buy,sh600552,0.025,12.822809999999999,9100.0
2025-02-17,1,sell_stop,sh600338,0.025,10.39959,6900.0
2025-02-17,1,assign,sh600338,0.025,,0.0
2025-02-18,4,sell_stop,sh600552,0.025,12.44754,9100.0
2025-02-18,4,assign,sh600552,0.025,,0.0
2025-02-19,0,buy,sh603328,0.025,10.25024,9000.0
2025-02-19,4,buy,sh600552,0.025,12.66265,8900.0
2025-02-27,0,sell_stop,sh603328,0.025,10.5894,9000.0
2025-02-27,3,sell_stop,sh601208,0.025,9.31068,12600.0
2025-02-27,0,assign,sh601208,0.025,,0.0
2025-02-27,2,buy,sh603027,0.025,8.39839,14500.0
2025-02-27,3,assign,sh603328,0.025,,0.0
2025-02-28,4,sell_stop,sh600552,0.025,12.99699,8900.0
2025-02-28,4,assign,sh600552,0.025,,0.0
2025-03-03,1,buy,sh600338,0.025,10.120109999999999,7000.0
2025-03-03,4,buy,sh600552,0.025,13.283269999999998,8700.0
2025-03-05,0,buy,sh601208,0.025,9.13913,10400.0
2025-03-07,4,sell_stop,sh600552,0.025,12.927059999999999,8700.0
2025-03-07,4,assign,sh600552,0.025,,0.0
2025-03-11,3,buy,sh603328,0.025,10.17016,11500.0
2025-03-12,4,buy,sh600552,0.025,13.523509999999998,8300.0
2025-03-13,0,sell_stop,sh601208,0.025,9.710280000000001,10400.0
2025-03-13,4,sell_stop,sh600552,0.025,13.17681,8300.0
2025-03-13,0,assign,sh601208,0.025,,0.0
2025-03-13,4,assign,sh600552,0.025,,0.0
2025-03-14,0,buy,sh601208,0.025,9.819809999999999,10300.0
2025-03-14,4,buy,sh600552,0.025,13.613599999999998,8100.0
2025-03-17,4,sell_stop,sh600552,0.025,14.105879999999999,8100.0
2025-03-17,4,assign,sh600552,0.025,,0.0
2025-03-20,0,sell_stop,sh601208,0.025,9.23076,10300.0
2025-03-20,0,assign,sh601208,0.025,,0.0
2025-03-21,2,sell_stop,sh603027,0.025,7.992,14500.0
2025-03-21,2,assign,sh603027,0.025,,0.0
2025-03-24,2,buy,sh603027,0.025,8.42842,13800.0
2025-03-25,3,sell_stop,sh603328,0.025,10.09989,11500.0
2025-03-25,3,assign,sh603328,0.025,,0.0
2025-03-27,0,buy,sh601208,0.025,9.299289999999997,10200.0
2025-03-28,1,sell_stop,sh600338,0.025,10.05993,7000.0
2025-03-28,2,sell_stop,sh603027,0.025,8.01198,13800.0
2025-03-28,1,assign,sh600338,0.025,,0.0
2025-03-28,2,assign,sh603027,0.025,,0.0
2025-04-03,0,sell_stop,sh601208,0.025,9.06093,10200.0
2025-04-03,0,assign,sh601208,0.025,,0.0
2025-04-07,0,buy,sh601208,0.025,8.39839,11000.0
2025-04-08,0,sell_stop,sh601208,0.025,7.57242,11000.0
2025-04-08,0,assign,sh601208,0.025,,0.0
2025-04-08,0,buy,sh601208,0.025,7.987979999999999,10500.0
2025-04-08,2,buy,sh603027,0.025,7.627619999999999,14600.0
2025-04-08,3,buy,sh603328,0.025,8.03803,14400.0
2025-04-09,0,sell_stop,sh601208,0.025,7.45254,10500.0
2025-04-09,3,sell_stop,sh603328,0.025,7.042949999999999,14400.0
2025-04-09,0,assign,sh601208,0.025,,0.0
2025-04-09,0,buy,sh601208,0.025,7.867859999999999,10000.0
2025-04-09,1,buy,sh600338,0.025,8.878869999999997,8000.0
2025-04-09,3,assign,sh603328,0.025,,0.0
2025-04-09,3,buy,sh603328,0.025,7.437429999999999,13800.0
2025-04-09,4,buy,sh600552,0.025,9.98998,11400.0
2025-04-14,0,sell_stop,sh601208,0.025,8.48151,10000.0
2025-04-14,3,sell_stop,sh603328,0.025,8.211780000000001,13800.0
2025-04-14,0,assign,sh601208,0.025,,0.0
2025-04-14,3,assign,sh603328,0.025,,0.0
2025-04-16,1,sell_stop,sh600338,0.025,8.881110000000001,8000.0
2025-04-16,4,sell_stop,sh600552,0.025,10.40958,11400.0
2025-04-16,1,assign,sh600338,0.025,,0.0
2025-04-16,4,assign,sh600552,0.025,,0.0
2025-04-17,0,buy,sh601208,0.025,8.438429999999999,10000.0
2025-04-18,4,buy,sh600552,0.025,10.8108,10900.0
2025-04-25,0,sell_stop,sh601208,0.025,8.77122,10000.0
2025-04-25,0,assign,sh601208,0.025,,0.0
2025-04-25,0,buy,sh601208,0.025,9.249239999999999,9500.0
2025-04-25,3,buy,sh603328,0.025,8.39839,13400.0
2025-04-28,0,sell_stop,sh601208,0.025,8.611379999999999,9500.0
2025-04-28,0,assign,sh601208,0.025,,0.0
2025-04-29,0,buy,sh601208,0.025,8.89889,9200.0
2025-05-06,1,buy,sh600338,0.025,9.59959,7400.0
2025-05-09,4,sell_stop,sh600552,0.025,11.2887,10900.0
2025-05-09,4,assign,sh600552,0.025,,0.0
2025-05-15,4,buy,sh600552,0.025,11.871859999999998,10400.0
2025-05-19,4,sell_stop,sh600552,0.025,11.6883,10400.0
2025-05-19,4,assign,sh600552,0.025,,0.0
2025-05-22,0,sell_stop,sh601208,0.025,9.18081,9200.0
2025-05-22,0,assign,sh601208,0.025,,0.0
2025-06-04,0,buy,sh601208,0.025,9.249239999999999,9100.0
2025-06-10,0,sell_stop,sh601208,0.025,9.32067,9100.0
2025-06-10,0,assign,sh601208,0.025,,0.0
2025-06-11,0,buy,sh601208,0.025,9.39939,9000.0
2025-06-13,0,sell_stop,sh601208,0.025,8.91108,9000.0
2025-06-13,0,assign,sh601208,0.025,,0.0
2025-06-18,0,buy,sh601208,0.025,9.25925,8700.0
2025-06-24,4,buy,sh600552,0.025,11.07106,10900.0
2025-07-07,0,sell_stop,sh601208,0.025,10.73925,8700.0
2025-07-07,0,assign,sh601208,0.025,,0.0
2025-07-08,0,buy,sh601208,0.025,11.121109999999998,8300.0
2025-07-09,0,sell_stop,sh601208,0.025,11.57841,8300.0
2025-07-09,0,assign,sh601208,0.025,,0.0
2025-07-10,0,buy,sh601208,0.025,12.00199,8000.0
2025-07-22,0,sell_stop,sh601208,0.025,15.024959999999998,8000.0
2025-07-22,0,assign,sh601208,0.025,,0.0
2025-07-22,0,buy,sh601208,0.025,15.835819999999998,7500.0
2025-07-23,1,sell_stop,sh600338,0.025,12.14784,7400.0
2025-07-23,1,assign,sh600338,0.025,,0.0
2025-07-24,1,buy,sh600338,0.025,12.042029999999999,7300.0
2025-07-25,1,sell_stop,sh600338,0.025,12.397590000000001,7300.0
2025-07-25,1,assign,sh600338,0.025,,0.0
2025-07-31,0,sell_stop,sh601208,0.025,17.42256,7500.0
2025-07-31,3,sell_stop,sh603328,0.025,10.50948,13400.0
2025-07-31,0,assign,sh601208,0.025,,0.0
2025-07-31,3,assign,sh603328,0.025,,0.0
2025-08-04,0,buy,sh601208,0.025,16.506489999999996,7900.0
2025-08-06,3,buy,sh603328,0.025,10.430419999999998,13300.0
2025-08-07,0,sell_stop,sh601208,0.025,15.50448,7900.0
2025-08-07,3,sell_stop,sh603328,0.025,10.06992,13300.0
2025-08-07,0,assign,sh601208,0.025,,0.0
2025-08-07,3,assign,sh603328,0.025,,0.0
2025-08-08,0,buy,sh601208,0.025,16.18617,7600.0
2025-08-11,3,buy,sh603328,0.025,10.4104,12900.0
2025-08-12,0,sell_stop,sh601208,0.025,16.05393,7600.0
2025-08-12,0,assign,sh601208,0.025,,0.0
2025-08-13,0,buy,sh601208,0.025,16.6166,7300.0
2025-08-14,0,sell_stop,sh601208,0.025,17.792189999999998,7300.0
2025-08-14,3,sell_stop,sh603328,0.025,10.469520000000001,12900.0
2025-08-14,0,assign,sh601208,0.025,,0.0
2025-08-14,3,assign,sh603328,0.025,,0.0
2025-08-15,0,buy,sh601208,0.025,17.717699999999997,7300.0
2025-08-15,3,buy,sh603328,0.025,10.550539999999998,12800.0
2025-08-18,0,sell_stop,sh601208,0.025,19.840139999999998,7300.0
2025-08-18,0,assign,sh601208,0.025,,0.0
2025-08-20,1,buy,sh600338,0.025,12.27226,7400.0
2025-08-21,3,sell_stop,sh603328,0.025,11.02896,12800.0
2025-08-21,0,buy,sh601208,0.025,18.08807,8000.0
2025-08-21,3,assign,sh603328,0.025,,0.0
2025-08-25,0,sell_stop,sh601208,0.025,18.93105,8000.0
2025-08-25,4,sell_stop,sh600552,0.025,13.026959999999999,10900.0
2025-08-25,0,assign,sh601208,0.025,,0.0
2025-08-25,4,assign,sh600552,0.025,,0.0
2025-08-27,1,sell_stop,sh600338,0.025,12.257729999999999,7400.0
2025-08-27,2,sell_stop,sh603027,0.025,9.42057,14600.0
2025-08-27,0,buy,sh601208,0.025,18.378359999999997,8200.0
2025-08-27,1,assign,sh600338,0.025,,0.0
2025-08-27,2,assign,sh603027,0.025,,0.0
2025-08-27,3,buy,sh603328,0.025,11.48147,12300.0
2025-08-28,4,buy,sh600552,0.025,13.113099999999998,10800.0
2025-08-29,3,sell_stop,sh603328,0.025,11.39859,12300.0
2025-08-29,1,buy,sh600338,0.025,12.48247,7300.0
2025-08-29,2,buy,sh603027,0.025,9.279269999999999,14600.0
2025-08-29,3,assign,sh603328,0.025,,0.0
2025-09-01,0,sell_stop,sh601208,0.025,19.360619999999997,8200.0
2025-09-01,0,assign,sh601208,0.025,,0.0
2025-09-02,4,sell_stop,sh600552,0.025,12.75723,10800.0
2025-09-02,4,assign,sh600552,0.025,,0.0
2025-09-03,1,sell_stop,sh600338,0.025,12.65733,7300.0
2025-09-03,1,assign,sh600338,0.025,,0.0
2025-09-04,0,buy,sh601208,0.025,17.6176,9000.0
2025-09-04,1,buy,sh600338,0.025,12.832819999999998,7200.0
2025-09-04,3,buy,sh603328,0.025,10.86085,12900.0
2025-09-05,4,buy,sh600552,0.025,12.492479999999999,11000.0
2025-09-09,0,sell_stop,sh601208,0.025,16.983,9000.0
2025-09-09,3,sell_stop,sh603328,0.025,10.6893,12900.0
2025-09-09,4,sell_stop,sh600552,0.025,12.40758,11000.0
2025-09-09,0,assign,sh601208,0.025,,0.0
2025-09-09,3,assign,sh603328,0.025,,0.0
2025-09-09,4,assign,sh600552,0.025,,0.0
2025-09-10,0,buy,sh601208,0.025,17.06705,8900.0
2025-09-10,3,buy,sh603328,0.025,11.051039999999999,12400.0
2025-09-11,3,sell_stop,sh603328,0.025,11.80818,12400.0
2025-09-11,3,assign,sh603328,0.025,,0.0
2025-09-11,4,buy,sh600552,0.025,12.492479999999999,10900.0
2025-09-12,3,buy,sh603328,0.025,12.162149999999999,12000.0
2025-09-16,0,sell_stop,sh601208,0.025,20.81916,8900.0
2025-09-16,1,sell_stop,sh600338,0.025,13.29669,7200.0
2025-09-16,0,assign,sh601208,0.025,,0.0
2025-09-16,1,assign,sh600338,0.025,,0.0
2025-09-17,0,buy,sh601208,0.025,21.15113,8700.0
2025-09-18,0,sell_stop,sh601208,0.025,20.19978,8700.0
2025-09-18,0,assign,sh601208,0.025,,0.0
2025-09-19,0,buy,sh601208,0.025,21.241219999999995,8300.0
2025-09-19,1,buy,sh600338,0.025,13.033019999999999,7300.0
2025-09-22,0,sell_stop,sh601208,0.025,20.40957,8300.0
2025-09-22,1,sell_stop,sh600338,0.025,12.617370000000001,7300.0
2025-09-22,0,assign,sh601208,0.025,,0.0
2025-09-22,0,buy,sh601208,0.025,21.511489999999995,7900.0
2025-09-22,1,assign,sh600338,0.025,,0.0
2025-09-23,0,sell_stop,sh601208,0.025,22.7772,7900.0
2025-09-23,3,sell_stop,sh603328,0.025,12.01797,12000.0
2025-09-23,4,sell_stop,sh600552,0.025,12.82716,10900.0
2025-09-23,0,assign,sh601208,0.025,,0.0
2025-09-23,3,assign,sh603328,0.025,,0.0
2025-09-23,4,assign,sh600552,0.025,,0.0
2025-09-24,1,buy,sh600338,0.025,12.57256,7300.0
2025-09-24,4,buy,sh600552,0.025,12.99298,10800.0
2025-09-29,0,buy,sh601208,0.025,20.73071,8600.0
2025-10-09,3,buy,sh603328,0.025,11.921909999999999,12100.0
2025-10-10,0,sell_stop,sh601208,0.025,19.75023,8600.0
2025-10-10,1,sell_stop,sh600338,0.025,13.63635,7300.0
2025-10-10,3,sell_stop,sh603328,0.025,11.548440000000001,12100.0
2025-10-10,4,sell_stop,sh600552,0.025,12.43755,10800.0
2025-10-10,0,assign,sh601208,0.025,,0.0
2025-10-10,1,assign,sh603328,0.025,,0.0
2025-10-10,3,assign,sh600338,0.025,,0.0
2025-10-10,4,assign,sh600552,0.025,,0.0
2025-10-13,0,buy,sh601208,0.025,18.32831,9300.0
2025-10-13,3,buy,sh600338,0.025,13.47346,10400.0
2025-10-13,4,buy,sh600552,0.025,12.06205,11100.0
2025-10-14,0,sell_stop,sh601208,0.025,18.401580000000003,9300.0
2025-10-14,3,sell_stop,sh600338,0.025,13.55643,10400.0
2025-10-14,4,sell_stop,sh600552,0.025,11.77821,11100.0
2025-10-14,0,assign,sh601208,0.025,,0.0
2025-10-14,3,assign,sh600338,0.025,,0.0
2025-10-14,4,assign,sh600552,0.025,,0.0
2025-10-14,4,buy,sh600552,0.025,12.42241,10500.0
2025-10-15,0,buy,sh601208,0.025,18.228209999999997,9400.0
2025-10-15,1,buy,sh603328,0.025,10.840829999999999,9200.0
2025-10-17,0,sell_stop,sh601208,0.025,17.852130000000002,9400.0
2025-10-17,1,sell_stop,sh603328,0.025,10.379610000000001,9200.0
2025-10-17,4,sell_stop,sh600552,0.025,11.37861,10500.0
2025-10-17,0,assign,sh601208,0.025,,0.0
2025-10-17,1,assign,sh603328,0.025,,0.0
2025-10-17,3,buy,sh600338,0.025,13.853839999999998,10200.0
2025-10-17,4,assign,sh600552,0.025,,0.0
2025-10-20,0,buy,sh601208,0.025,18.27826,9200.0
2025-10-21,1,buy,sh603328,0.025,10.660649999999999,8900.0
2025-10-23,0,sell_stop,sh601208,0.025,18.80118,9200.0
2025-10-23,0,assign,sh601208,0.025,,0.0
2025-10-28,0,buy,sh601208,0.025,18.738719999999997,9200.0
2025-10-28,4,buy,sh600552,0.025,12.082069999999998,10000.0
2025-10-30,0,sell_stop,sh601208,0.025,20.939040000000002,9200.0
2025-10-30,1,sell_stop,sh603328,0.025,11.35863,8900.0
2025-10-30,0,assign,sh601208,0.025,,0.0
2025-10-30,1,assign,sh603328,0.025,,0.0
2025-11-03,3,sell_stop,sh600338,0.025,13.81617,10200.0
2025-11-03,3,assign,sh600338,0.025,,0.0
2025-11-04,0,buy,sh601208,0.025,19.68967,9700.0
2025-11-05,0,sell_stop,sh601208,0.025,18.21177,9700.0
2025-11-05,0,assign,sh601208,0.025,,0.0
2025-11-05,3,buy,sh600338,0.025,14.003989999999998,10000.0
2025-11-06,0,buy,sh601208,0.025,19.169149999999995,9200.0
2025-11-07,0,sell_stop,sh601208,0.025,18.90108,9200.0
2025-11-07,0,assign,sh601208,0.025,,0.0
2025-11-13,0,buy,sh601208,0.025,18.35834,9500.0
2025-11-14,0,sell_stop,sh601208,0.025,17.1828,9500.0
2025-11-14,0,assign,sh601208,0.025,,0.0
2025-11-18,3,sell_stop,sh600338,0.025,16.273709999999998,10000.0
2025-11-18,3,assign,sh600338,0.025,,0.0
2025-11-18,3,buy,sh600338,0.025,17.147129999999997,9400.0
2025-11-19,4,sell_stop,sh600552,0.025,11.42856,10000.0
2025-11-19,4,assign,sh600552,0.025,,0.0
2025-11-20,0,buy,sh601208,0.025,17.97796,9100.0
2025-11-21,0,sell_stop,sh601208,0.025,17.24274,9100.0
2025-11-21,3,sell_stop,sh600338,0.025,15.2847,9400.0
2025-11-21,0,assign,sh601208,0.025,,0.0
2025-11-21,3,assign,sh600338,0.025,,0.0
2025-11-24,0,buy,sh601208,0.025,18.08807,8700.0
2025-11-25,1,buy,sh603328,0.025,10.56055,9600.0
2025-11-25,3,buy,sh600338,0.025,14.234219999999999,10200.0
2025-11-26,3,sell_stop,sh600338,0.025,14.23575,10200.0
2025-11-26,3,assign,sh600338,0.025,,0.0
2025-11-27,4,buy,sh600552,0.025,11.441429999999999,10000.0
2025-11-28,3,buy,sh600338,0.025,14.40439,10100.0
2025-12-03,3,sell_stop,sh600338,0.025,13.94604,10100.0
2025-12-03,3,assign,sh600338,0.025,,0.0
2025-12-04,2,sell_stop,sh603027,0.025,8.971020000000001,14600.0
2025-12-04,2,assign,sh603027,0.025,,0.0
2025-12-08,3,buy,sh600338,0.025,14.34433,9800.0
2025-12-09,3,sell_stop,sh600338,0.025,13.82616,9800.0
2025-12-09,3,assign,sh600338,0.025,,0.0
2025-12-10,0,sell_stop,sh601208,0.025,19.87011,8700.0
2025-12-10,0,assign,sh601208,0.025,,0.0
2025-12-11,0,buy,sh601208,0.025,20.70068,8300.0
2025-12-12,0,sell_stop,sh601208,0.025,19.2807,8300.0
2025-12-12,0,assign,sh601208,0.025,,0.0
2025-12-15,0,buy,sh601208,0.025,19.969949999999997,8100.0
2025-12-16,0,sell_stop,sh601208,0.025,20.769209999999998,8100.0
2025-12-16,0,assign,sh601208,0.025,,0.0
2025-12-17,0,buy,sh601208,0.025,21.521499999999996,7800.0
2025-12-17,3,buy,sh600338,0.025,13.543529999999999,10000.0
2025-12-18,2,buy,sh603027,0.025,9.379369999999998,14000.0
2025-12-19,0,sell_stop,sh601208,0.025,22.177799999999998,7800.0
2025-12-19,0,assign,sh601208,0.025,,0.0
2025-12-22,0,buy,sh601208,0.025,22.552529999999997,7600.0
2025-12-26,0,sell_stop,sh601208,0.025,28.75122,7600.0
2025-12-26,0,assign,sh601208,0.025,,0.0
2025-12-31,0,buy,sh601208,0.025,27.84782,7800.0
2026-01-05,3,sell_stop,sh600338,0.025,15.07491,10000.0
2026-01-05,4,sell_stop,sh600552,0.025,12.04794,10000.0
2026-01-05,3,assign,sh600338,0.025,,0.0
2026-01-05,4,assign,sh600552,0.025,,0.0
2026-01-06,0,sell_stop,sh601208,0.025,26.753220000000002,7800.0
2026-01-06,0,assign,sh601208,0.025,,0.0
2026-01-06,3,buy,sh600338,0.025,15.985969999999998,9400.0
2026-01-06,4,buy,sh600552,0.025,12.42241,9600.0
2026-01-07,0,buy,sh601208,0.025,27.317289999999996,7600.0
2026-01-08,0,sell_stop,sh601208,0.025,26.88309,7600.0
2026-01-08,0,assign,sh601208,0.025,,0.0
2026-01-13,1,sell_stop,sh603328,0.025,10.96902,9600.0
2026-01-13,4,sell_stop,sh600552,0.025,15.22476,9600.0
2026-01-13,1,assign,sh603328,0.025,,0.0
2026-01-13,4,assign,sh600552,0.025,,0.0
2026-01-14,3,sell_stop,sh600338,0.025,18.70128,9400.0
2026-01-14,0,buy,sh601208,0.025,26.64662,7700.0
2026-01-14,3,assign,sh600338,0.025,,0.0
2026-01-14,4,buy,sh600552,0.025,14.944929999999998,9700.0
2026-01-15,4,sell_stop,sh600552,0.025,14.17581,9700.0
2026-01-15,3,buy,sh600338,0.025,19.40939,9000.0
2026-01-15,4,assign,sh600552,0.025,,0.0
2026-01-16,0,sell_stop,sh601208,0.025,28.891080000000002,7700.0
2026-01-16,2,sell_stop,sh603027,0.025,9.55044,14000.0
2026-01-16,3,sell_stop,sh600338,0.025,18.57141,9000.0
2026-01-16,0,assign,sh601208,0.025,,0.0
2026-01-16,2,assign,sh600338,0.025,,0.0
2026-01-16,2,buy,sh600338,0.025,19.56955,6800.0
2026-01-16,3,assign,sz000811,0.025,,0.0
2026-01-19,2,sell_stop,sh600338,0.025,17.63235,6800.0
2026-01-19,0,buy,sh601208,0.025,28.69867,7700.0
2026-01-19,2,assign,sh600338,0.025,,0.0
2026-01-19,3,buy,sz000811,0.025,16.38637,10200.0
2026-01-20,0,sell_stop,sh601208,0.025,25.68429,7700.0
2026-01-20,0,assign,sh601208,0.025,,0.0
2026-01-21,0,buy,sh601208,0.025,27.03701,7300.0
2026-01-21,1,buy,sh603328,0.025,11.411399999999999,9200.0
2026-01-21,2,buy,sh600338,0.025,18.68867,6400.0
2026-01-23,0,sell_stop,sh601208,0.025,26.803169999999998,7300.0
2026-01-23,0,assign,sh601208,0.025,,0.0
2026-01-23,4,buy,sh600552,0.025,14.354339999999999,9600.0
2026-01-26,1,sell_stop,sh603328,0.025,11.34864,9200.0
2026-01-26,2,sell_stop,sh600338,0.025,21.2787,6400.0
2026-01-26,4,sell_stop,sh600552,0.025,15.604379999999999,9600.0
2026-01-26,1,assign,sh603328,0.025,,0.0
2026-01-26,2,assign,sh600338,0.025,,0.0
2026-01-26,4,assign,sh600552,0.025,,0.0
2026-01-27,4,buy,sh600552,0.025,15.545529999999998,9600.0
2026-01-28,4,sell_stop,sh600552,0.025,15.194790000000001,9600.0
2026-01-28,0,buy,sh601208,0.025,25.935909999999996,7600.0
2026-01-28,2,buy,sh600338,0.025,21.09107,6400.0
2026-01-28,4,assign,sh600552,0.025,,0.0
2026-01-29,2,sell_stop,sh600338,0.025,21.04893,6400.0
2026-01-29,3,sell_stop,sz000811,0.025,16.273709999999998,10200.0
2026-01-29,2,assign,sh600338,0.025,,0.0
2026-01-29,3,assign,sz000811,0.025,,0.0
2026-02-02,0,sell_stop,sh601208,0.025,28.211759999999998,7600.0
2026-02-02,0,assign,sh601208,0.025,,0.0
2026-02-02,2,buy,sh600338,0.025,17.927909999999997,7600.0
2026-02-02,3,buy,sz000811,0.025,16.306289999999997,10100.0
2026-02-02,4,buy,sh600552,0.025,14.874859999999998,9800.0
2026-02-03,0,buy,sh601208,0.025,27.607579999999995,7700.0
2026-02-04,0,sell_stop,sh601208,0.025,26.85312,7700.0
2026-02-04,2,sell_stop,sh600338,0.025,18.13185,7600.0
2026-02-04,0,assign,sh601208,0.025,,0.0
2026-02-04,2,assign,sh600338,0.025,,0.0
2026-02-05,3,sell_stop,sz000811,0.025,17.132849999999998,10100.0
2026-02-05,4,sell_stop,sh600552,0.025,14.5854,9800.0
2026-02-05,3,assign,sh600552,0.025,,0.0
2026-02-05,4,assign,sz000811,0.025,,0.0
2026-02-06,1,buy,sh603328,0.025,11.10109,9400.0
2026-02-06,2,buy,sh600338,0.025,16.97696,8100.0
2026-02-09,3,buy,sh600552,0.025,15.355339999999998,11300.0
2026-02-09,4,buy,sz000811,0.025,17.60759,8100.0
2026-02-10,3,sell_stop,sh600552,0.025,14.63535,11300.0
2026-02-10,0,buy,sh601208,0.025,27.03701,7700.0
2026-02-10,3,assign,sh600552,0.025,,0.0
2026-02-12,3,buy,sh600552,0.025,14.82481,11200.0
2026-02-13,3,sell_stop,sh600552,0.025,14.2857,11200.0
2026-02-13,3,assign,sh600552,0.025,,0.0
2026-02-26,0,sell_stop,sh601208,0.025,32.09787,7700.0
2026-02-26,2,sell_stop,sh600338,0.025,19.30068,8100.0
2026-02-26,0,assign,sh601208,0.025,,0.0
2026-02-26,2,assign,sh600338,0.025,,0.0
2026-02-27,2,buy,sh600338,0.025,19.329309999999996,8000.0
2026-03-02,2,sell_stop,sh600338,0.025,19.62036,8000.0
2026-03-02,2,assign,sh600338,0.025,,0.0
2026-03-03,1,sell_stop,sh603328,0.025,12.257729999999999,9400.0
2026-03-03,4,sell_stop,sz000811,0.025,20.98899,8100.0
2026-03-03,1,assign,sh603328,0.025,,0.0
2026-03-03,4,assign,sz000811,0.025,,0.0
2026-03-04,0,buy,sh601208,0.025,31.751719999999995,7700.0
2026-03-04,1,buy,sh603328,0.025,12.082069999999998,9500.0
2026-03-04,2,buy,sh600338,0.025,17.95794,8700.0
2026-03-04,3,buy,sh600552,0.025,13.293279999999998,12000.0
2026-03-04,4,buy,sz000811,0.025,20.13011,8400.0
2026-03-05,0,sell_stop,sh601208,0.025,31.5684,7700.0
2026-03-05,2,sell_stop,sh600338,0.025,17.96202,8700.0
2026-03-05,0,assign,sh601208,0.025,,0.0
2026-03-05,2,assign,sh600338,0.025,,0.0
2026-03-06,0,buy,sh601208,0.025,31.441409999999998,7700.0
2026-03-09,0,sell_stop,sh601208,0.025,28.961009999999998,7700.0
2026-03-09,1,sell_stop,sh603328,0.025,11.548440000000001,9500.0
2026-03-09,3,sell_stop,sh600552,0.025,12.687299999999999,12000.0
2026-03-09,4,sell_stop,sz000811,0.025,19.83015,8400.0
2026-03-09,0,assign,sh601208,0.025,,0.0
2026-03-09,1,assign,sh603328,0.025,,0.0
2026-03-09,2,buy,sh600338,0.025,17.78777,8800.0
2026-03-09,3,assign,sh600552,0.025,,0.0
2026-03-09,4,assign,sz000811,0.025,,0.0
2026-03-10,0,buy,sh601208,0.025,31.261229999999998,7200.0
2026-03-10,1,buy,sh603328,0.025,12.352339999999998,8900.0
2026-03-10,3,buy,sh600552,0.025,13.713699999999998,11100.0
2026-03-10,4,buy,sz000811,0.025,20.900879999999997,8000.0
2026-03-11,4,sell_stop,sz000811,0.025,20.42955,8000.0
2026-03-11,4,assign,sz000811,0.025,,0.0
2026-03-12,1,sell_stop,sh603328,0.025,12.207780000000001,8900.0
2026-03-12,2,sell_stop,sh600338,0.025,18.2817,8800.0
2026-03-12,1,assign,sh603328,0.025,,0.0
2026-03-12,2,assign,sh600338,0.025,,0.0
2026-03-13,1,buy,sh603328,0.025,12.582569999999999,8600.0
2026-03-13,2,buy,sh600338,0.025,18.968949999999996,8500.0
2026-03-16,0,sell_stop,sh601208,0.025,32.28768,7200.0
2026-03-16,2,sell_stop,sh600338,0.025,17.57241,8500.0
2026-03-16,3,sell_stop,sh600552,0.025,13.106879999999999,11100.0
2026-03-16,0,assign,sh601208,0.025,,0.0
2026-03-16,2,assign,sh600338,0.025,,0.0
2026-03-16,3,assign,sh600552,0.025,,0.0
2026-03-17,1,sell_stop,sh603328,0.025,12.44754,8600.0
2026-03-17,1,assign,sh603328,0.025,,0.0
2026-03-17,2,buy,sh600338,0.025,18.108089999999997,8300.0
2026-03-18,2,sell_stop,sh600338,0.025,16.83315,8300.0
2026-03-18,0,buy,sh601208,0.025,31.851819999999996,7300.0
2026-03-18,1,buy,sh603328,0.025,12.5125,8600.0
2026-03-18,2,assign,sh600338,0.025,,0.0
2026-03-19,1,sell_stop,sh603328,0.025,12.07791,8600.0
2026-03-19,1,assign,sh603328,0.025,,0.0
2026-03-20,2,buy,sh600338,0.025,16.096079999999997,8700.0
2026-03-23,0,sell_stop,sh601208,0.025,28.891080000000002,7300.0
2026-03-23,2,sell_stop,sh600338,0.025,14.5854,8700.0
2026-03-23,0,assign,sh601208,0.025,,0.0
2026-03-23,2,assign,sh600338,0.025,,0.0
2026-03-23,2,buy,sh600338,0.025,15.375359999999997,8300.0
2026-03-24,4,buy,sz000811,0.025,17.20719,9500.0
2026-03-25,0,buy,sh601208,0.025,30.460429999999995,6900.0
2026-03-25,1,buy,sh603328,0.025,11.611599999999997,8900.0
2026-03-26,4,sell_stop,sz000811,0.025,18.36162,9500.0
2026-03-26,4,assign,sz000811,0.025,,0.0
2026-03-27,3,buy,sh600552,0.025,11.961949999999998,12200.0
2026-03-27,4,buy,sz000811,0.025,18.27826,9500.0
2026-03-31,0,sell_stop,sh601208,0.025,29.55042,6900.0
2026-03-31,1,sell_stop,sh603328,0.025,10.91907,8900.0
2026-03-31,2,sell_stop,sh600338,0.025,17.15283,8300.0
2026-03-31,3,sell_stop,sh600552,0.025,11.66832,12200.0
2026-03-31,4,sell_stop,sz000811,0.025,17.16282,9500.0
2026-03-31,0,assign,sh601208,0.025,,0.0
2026-03-31,1,assign,sh603328,0.025,,0.0
2026-03-31,2,assign,sh600338,0.025,,0.0
2026-03-31,3,assign,sh600552,0.025,,0.0
2026-03-31,4,assign,sz000811,0.025,,0.0
2026-04-01,1,buy,sh603328,0.025,11.531519999999999,8500.0
2026-04-02,1,sell_stop,sh603328,0.025,11.2887,8500.0
2026-04-02,1,assign,sh603328,0.025,,0.0
2026-04-02,2,buy,sh600338,0.025,17.22721,8200.0
2026-04-03,2,sell_stop,sh600338,0.025,16.64334,8200.0
2026-04-03,0,buy,sh601208,0.025,30.450419999999998,6700.0
2026-04-03,2,assign,sh600338,0.025,,0.0
2026-04-07,3,buy,sh600552,0.025,12.222209999999999,11700.0
2026-04-08,0,sell_stop,sh601208,0.025,32.63733,6700.0
2026-04-08,0,assign,sh601208,0.025,,0.0
2026-04-08,1,buy,sh603328,0.025,11.66165,8200.0
2026-04-08,2,buy,sh600338,0.025,17.597579999999997,7700.0
2026-04-08,4,buy,sz000811,0.025,17.63762,9200.0
2026-04-09,0,buy,sh601208,0.025,33.48345,6500.0
2026-04-14,0,sell_stop,sh601208,0.025,34.455510000000004,6500.0
2026-04-14,0,assign,sh601208,0.025,,0.0
2026-04-15,1,sell_stop,sh603328,0.025,12.47751,8200.0
2026-04-15,2,sell_stop,sh600338,0.025,19.180799999999998,7700.0
2026-04-15,1,assign,sh603328,0.025,,0.0
2026-04-15,2,assign,sh600338,0.025,,0.0
2026-04-16,0,buy,sh601208,0.025,33.90386999999999,6600.0
2026-04-16,1,buy,sh603328,0.025,12.8128,7900.0
2026-04-16,2,buy,sh600338,0.025,19.819799999999997,7400.0
2026-04-20,0,sell_stop,sh601208,0.025,35.51445,6600.0
2026-04-20,4,sell_stop,sz000811,0.025,19.05093,9200.0
2026-04-20,0,assign,sh601208,0.025,,0.0
2026-04-20,4,assign,sz000811,0.025,,0.0
2026-04-21,2,sell_stop,sh600338,0.025,21.15882,7400.0
2026-04-21,3,sell_stop,sh600552,0.025,14.5854,11700.0
2026-04-21,0,buy,sh601208,0.025,36.02599,6500.0
2026-04-21,2,assign,sh600338,0.025,,0.0
2026-04-21,3,assign,sh600552,0.025,,0.0
2026-04-21,4,buy,sz000811,0.025,19.64963,8900.0
2026-04-22,2,buy,sh600338,0.025,21.521499999999996,7300.0
2026-04-22,3,buy,sh600552,0.025,14.864849999999999,11400.0
2026-04-23,0,sell_stop,sh601208,0.025,35.654309999999995,6500.0
2026-04-23,1,sell_stop,sh603328,0.025,13.6863,7900.0
2026-04-23,2,sell_stop,sh600338,0.025,21.398580000000003,7300.0
2026-04-23,3,sell_stop,sh600552,0.025,15.34464,11400.0
2026-04-23,4,sell_stop,sz000811,0.025,22.18779,8900.0
2026-04-23,0,assign,sh601208,0.025,,0.0
2026-04-23,1,assign,sh603328,0.025,,0.0
2026-04-23,2,assign,sh600338,0.025,,0.0
2026-04-23,3,assign,sh600552,0.025,,0.0
2026-04-23,4,assign,sz000811,0.025,,0.0
2026-04-24,2,buy,sh600338,0.025,19.759739999999997,7900.0
2026-04-24,3,buy,sh600552,0.025,15.24523,11400.0
2026-04-27,0,buy,sh601208,0.025,35.77574,6500.0
2026-04-27,4,buy,sz000811,0.025,22.932909999999996,8600.0
2026-04-28,0,sell_stop,sh601208,0.025,35.184779999999996,6500.0
2026-04-28,3,sell_stop,sh600552,0.025,15.34464,11400.0
2026-04-28,0,assign,sh601208,0.025,,0.0
2026-04-28,3,assign,sh600552,0.025,,0.0
2026-04-29,4,sell_stop,sz000811,0.025,23.49648,8600.0
2026-04-29,0,buy,sh601208,0.025,36.47644,6200.0
2026-04-29,1,buy,sh603328,0.025,11.891879999999999,9100.0
2026-04-29,3,buy,sh600552,0.025,15.555539999999997,11200.0
2026-04-29,4,assign,sz000811,0.025,,0.0
2026-04-30,0,sell_stop,sh601208,0.025,37.93203,6200.0
2026-04-30,1,sell_stop,sh603328,0.025,11.59839,9100.0
2026-04-30,2,sell_stop,sh600338,0.025,27.16281,7900.0
2026-04-30,0,assign,sh601208,0.025,,0.0
2026-04-30,1,assign,sh603328,0.025,,0.0
2026-04-30,2,assign,sh600338,0.025,,0.0
2026-05-06,1,buy,sh603328,0.025,11.771759999999999,9000.0
2026-05-06,4,buy,sz000811,0.025,26.066039999999997,7700.0
2026-05-07,4,sell_stop,sz000811,0.025,26.25372,7700.0
2026-05-07,4,assign,sz000811,0.025,,0.0
2026-05-08,2,buy,sh600338,0.025,26.226199999999995,8000.0
2026-05-08,4,buy,sz000811,0.025,26.336309999999997,7700.0
2026-05-11,1,sell_stop,sh603328,0.025,12.46752,9000.0
2026-05-11,2,sell_stop,sh600338,0.025,24.02595,8000.0
2026-05-11,3,sell_stop,sh600552,0.025,16.79319,11200.0
2026-05-11,1,assign,sh603328,0.025,,0.0
2026-05-11,2,assign,sh600338,0.025,,0.0
2026-05-11,3,assign,sh600552,0.025,,0.0
2026-05-12,4,sell_stop,sz000811,0.025,28.38159,7700.0
2026-05-12,0,buy,sh601208,0.025,47.66761999999999,4900.0
2026-05-12,3,buy,sh600552,0.025,17.377359999999996,10800.0
2026-05-12,4,assign,sz000811,0.025,,0.0
2026-05-13,4,buy,sz000811,0.025,29.109079999999995,7400.0
2026-05-14,0,sell_stop,sh601208,0.025,47.77218,4900.0
2026-05-14,3,sell_stop,sh600552,0.025,17.772209999999998,10800.0
2026-05-14,0,assign,sh601208,0.025,,0.0
2026-05-14,3,assign,sh600552,0.025,,0.0
2026-05-15,4,sell_stop,sz000811,0.025,32.60736,7400.0
2026-05-15,2,buy,sh600338,0.025,22.132109999999997,8800.0
2026-05-15,4,assign,sz000811,0.025,,0.0
2026-05-18,2,sell_stop,sh600338,0.025,20.45952,8800.0
2026-05-18,1,buy,sh603328,0.025,12.011999999999999,9300.0
2026-05-18,2,assign,sh600338,0.025,,0.0
2026-05-18,2,buy,sh600338,0.025,21.561539999999997,8400.0
2026-05-18,3,buy,sh600552,0.025,17.63762,10900.0
2026-05-18,4,buy,sz000811,0.025,33.703669999999995,7100.0
2026-05-19,1,sell_stop,sh603328,0.025,11.67831,9300.0
2026-05-19,2,sell_stop,sh600338,0.025,20.46951,8400.0
2026-05-19,0,buy,sh601208,0.025,46.75671,5000.0
2026-05-19,1,assign,sh603328,0.025,,0.0
2026-05-19,2,assign,sh600338,0.025,,0.0
2026-05-20,4,sell_stop,sz000811,0.025,35.474489999999996,7100.0
2026-05-20,2,buy,sh600338,0.025,20.79077,8300.0
2026-05-20,4,assign,sz000811,0.025,,0.0
2026-05-21,0,sell_stop,sh601208,0.025,50.19975,5000.0
2026-05-21,2,sell_stop,sh600338,0.025,20.15982,8300.0
2026-05-21,3,sell_stop,sh600552,0.025,18.601380000000002,10900.0
2026-05-21,0,assign,sh601208,0.025,,0.0
2026-05-21,2,assign,sh600338,0.025,,0.0
2026-05-21,3,assign,sh600552,0.025,,0.0
2026-05-21,3,buy,sh600552,0.025,19.599579999999996,10300.0
2026-05-22,3,sell_stop,sh600552,0.025,17.882099999999998,10300.0
2026-05-22,0,buy,sh601208,0.025,49.789739999999995,5100.0
2026-05-22,1,buy,sh603328,0.025,11.931919999999998,9100.0
2026-05-22,3,assign,sh600552,0.025,,0.0
2026-05-22,3,buy,sh600552,0.025,18.83882,9800.0
2026-05-25,4,buy,sz000811,0.025,35.505469999999995,7100.0
2026-05-26,4,sell_stop,sz000811,0.025,32.847120000000004,7100.0
2026-05-26,4,assign,sz000811,0.025,,0.0
2026-05-27,0,sell_stop,sh601208,0.025,52.0479,5100.0
2026-05-27,1,sell_stop,sh603328,0.025,12.33765,9100.0
2026-05-27,3,sell_stop,sh600552,0.025,19.57041,9800.0
2026-05-27,0,assign,sh601208,0.025,,0.0
2026-05-27,0,buy,sh601208,0.025,54.834779999999995,4800.0
2026-05-27,1,assign,sh603328,0.025,,0.0
2026-05-27,3,assign,sh600552,0.025,,0.0
2026-05-27,4,buy,sz000811,0.025,33.59356,7000.0
2026-05-28,0,sell_stop,sh601208,0.025,50.41953,4800.0
2026-05-28,4,sell_stop,sz000811,0.025,33.13683,7000.0
2026-05-28,0,assign,sh601208,0.025,,0.0
2026-05-28,0,buy,sh601208,0.025,53.12306999999999,4600.0
2026-05-28,1,buy,sh603328,0.025,12.72271,8800.0
2026-05-28,4,assign,sz000811,0.025,,0.0
2026-05-29,0,sell_stop,sh601208,0.025,48.88107,4600.0
2026-05-29,1,sell_stop,sh603328,0.025,12.47751,8800.0
2026-05-29,0,assign,sh601208,0.025,,0.0
2026-05-29,1,assign,sh603328,0.025,,0.0
2026-06-01,3,buy,sh600552,0.025,18.308289999999996,10400.0
2026-06-02,0,buy,sh601208,0.025,49.429379999999995,4500.0
2026-06-02,1,buy,sh603328,0.025,12.712699999999998,8600.0
2026-06-03,3,sell_stop,sh600552,0.025,18.26172,10400.0
2026-06-03,2,buy,sh600338,0.025,18.08807,9200.0
2026-06-03,3,assign,sh600552,0.025,,0.0
2026-06-03,4,buy,sz000811,0.025,32.39236,7100.0
2026-06-04,2,sell_stop,sh600338,0.025,17.06292,9200.0
2026-06-04,2,assign,sh600338,0.025,,0.0
2026-06-04,3,buy,sh600552,0.025,18.72871,10200.0
2026-06-05,0,sell_stop,sh601208,0.025,57.55239,4500.0
2026-06-05,1,sell_stop,sh603328,0.025,12.45753,8600.0
2026-06-05,4,sell_stop,sz000811,0.025,30.549419999999998,7100.0
2026-06-05,0,assign,sh601208,0.025,,0.0
2026-06-05,1,assign,sh603328,0.025,,0.0
2026-06-05,2,buy,sh600338,0.025,17.6176,8900.0
2026-06-05,4,assign,sz000811,0.025,,0.0
2026-06-08,2,sell_stop,sh600338,0.025,16.22376,8900.0
2026-06-08,0,buy,sh601208,0.025,53.623569999999994,4800.0
2026-06-08,2,assign,sh600338,0.025,,0.0
2026-06-08,2,buy,sh600338,0.025,17.097079999999995,8500.0
2026-06-08,4,buy,sz000811,0.025,30.31028,7200.0
2026-06-09,2,sell_stop,sh600338,0.025,15.79419,8500.0
2026-06-09,3,sell_stop,sh600552,0.025,21.598380000000002,10200.0
2026-06-09,1,buy,sh603328,0.025,13.213199999999997,8100.0
2026-06-09,2,assign,sh600338,0.025,,0.0
2026-06-09,2,buy,sh600338,0.025,16.64663,8100.0
2026-06-09,3,assign,sh600552,0.025,,0.0
2026-06-10,1,sell_stop,sh603328,0.025,13.016969999999999,8100.0
2026-06-10,4,sell_stop,sz000811,0.025,31.208759999999998,7200.0
2026-06-10,1,assign,sh603328,0.025,,0.0
2026-06-10,4,assign,sz000811,0.025,,0.0
2026-06-11,0,sell_stop,sh601208,0.025,59.88006,4800.0
2026-06-11,0,assign,sh601208,0.025,,0.0
2026-06-11,0,buy,sh601208,0.025,63.08302,4500.0
2026-06-11,1,buy,sh603328,0.025,12.90289,8200.0
2026-06-11,3,buy,sh600552,0.025,20.650629999999996,10600.0
2026-06-12,1,sell_stop,sh603328,0.025,13.27671,8200.0
2026-06-12,3,sell_stop,sh600552,0.025,20.08989,10600.0
2026-06-12,1,assign,sh603328,0.025,,0.0
2026-06-12,3,assign,sh600552,0.025,,0.0
2026-06-12,3,buy,sh600552,0.025,21.171149999999997,10000.0
2026-06-15,2,sell_stop,sh600338,0.025,17.50248,8100.0
2026-06-15,1,buy,sh603328,0.025,13.663649999999999,8000.0
2026-06-15,2,assign,sh600338,0.025,,0.0
2026-06-15,4,buy,sz000811,0.025,32.562529999999995,6900.0
2026-06-16,4,sell_stop,sz000811,0.025,33.49647,6900.0
2026-06-16,2,buy,sh600338,0.025,18.26825,7700.0
2026-06-16,4,assign,sz000811,0.025,,0.0
2026-06-17,2,sell_stop,sh600338,0.025,17.84214,7700.0
2026-06-17,2,assign,sh600338,0.025,,0.0
2026-06-18,3,sell_stop,sh600552,0.025,23.3766,10000.0
2026-06-18,3,assign,sh600552,0.025,,0.0
2026-06-22,1,sell_stop,sh603328,0.025,14.56542,8000.0
2026-06-22,1,assign,sh603328,0.025,,0.0
2026-06-22,2,buy,sh600338,0.025,17.43742,7900.0
2026-06-23,0,sell_stop,sh601208,0.025,75.88404,4500.0
2026-06-23,2,sell_stop,sh600338,0.025,17.982,7900.0
2026-06-23,0,assign,sh601208,0.025,,0.0
2026-06-23,2,assign,sh600338,0.025,,0.0
2026-06-23,4,buy,sz000811,0.025,46.21617,5000.0
2026-06-24,0,buy,sh601208,0.025,73.53345999999999,4600.0
2026-06-24,1,buy,sh603328,0.025,13.4134,8600.0
2026-06-24,2,buy,sh600338,0.025,17.67766,8100.0
2026-06-24,3,buy,sh600552,0.025,26.015989999999995,9000.0
2026-06-25,0,sell_stop,sh601208,0.025,72.95697,4600.0
2026-06-25,2,sell_stop,sh600338,0.025,17.112869999999997,8100.0
2026-06-25,3,sell_stop,sh600552,0.025,27.0729,9000.0
2026-06-25,0,assign,sh601208,0.025,,0.0
2026-06-25,2,assign,sh600338,0.025,,0.0
2026-06-25,3,assign,sh600552,0.025,,0.0
2026-06-26,1,sell_stop,sh603328,0.025,13.31667,8600.0
2026-06-26,4,sell_stop,sz000811,0.025,53.05689,5000.0
2026-06-26,1,assign,sh603328,0.025,,0.0
2026-06-26,3,buy,sh600552,0.025,27.637609999999995,8700.0
2026-06-26,4,assign,sz000811,0.025,,0.0
2026-06-29,3,sell_stop,sh600552,0.025,30.17979,8700.0
2026-06-29,3,assign,sh600552,0.025,,0.0
2026-06-30,0,buy,sh601208,0.025,69.68961999999999,4800.0
2026-06-30,1,buy,sh603328,0.025,12.402389999999999,9300.0
2026-06-30,2,buy,sh600338,0.025,14.964949999999998,9200.0
2026-06-30,4,buy,sz000811,0.025,51.881829999999994,5000.0
2026-07-01,0,sell_stop,sh601208,0.025,68.87106,4800.0
2026-07-01,2,sell_stop,sh600338,0.025,14.875110000000001,9200.0
2026-07-01,4,sell_stop,sz000811,0.025,56.78316,5000.0
2026-07-01,0,assign,sh601208,0.025,,0.0
2026-07-01,2,assign,sh600338,0.025,,0.0
2026-07-01,4,assign,sz000811,0.025,,0.0
2026-07-02,1,sell_stop,sh603328,0.025,11.878110000000001,9300.0
2026-07-02,0,buy,sh601208,0.025,65.59553,5100.0
2026-07-02,1,assign,sh603328,0.025,,0.0
2026-07-02,3,buy,sh600552,0.025,28.298269999999995,9300.0
2026-07-02,4,buy,sz000811,0.025,52.64259,5400.0
2026-07-03,3,sell_stop,sh600552,0.025,25.72425,9300.0
2026-07-03,3,assign,sh600552,0.025,,0.0
2026-07-06,0,sell_stop,sh601208,0.025,63.22671,5100.0
2026-07-06,0,assign,sh601208,0.025,,0.0
2026-07-06,0,buy,sh601208,0.025,66.61654999999999,4800.0
2026-07-06,2,buy,sh600338,0.025,15.455439999999998,8900.0
2026-07-06,3,buy,sh600552,0.025,25.765739999999994,9300.0
2026-07-07,0,sell_stop,sh601208,0.025,60.82911,4800.0
2026-07-07,2,sell_stop,sh600338,0.025,14.40558,8900.0
2026-07-07,4,sell_stop,sz000811,0.025,52.357589999999995,5400.0
2026-07-07,0,assign,sh601208,0.025,,0.0
2026-07-07,2,assign,sh600338,0.025,,0.0
2026-07-07,4,assign,sz000811,0.025,,0.0
2026-07-07,4,buy,sz000811,0.025,55.16510999999999,5100.0
2026-07-08,3,sell_stop,sh600552,0.025,22.86711,9300.0
2026-07-08,4,sell_stop,sz000811,0.025,51.888059999999996,5100.0
2026-07-08,3,assign,sh600552,0.025,,0.0
2026-07-08,4,assign,sz000811,0.025,,0.0
2026-07-08,4,buy,sz000811,0.025,54.67461999999999,4900.0
2026-07-09,0,buy,sh601208,0.025,58.148089999999996,5100.0
2026-07-09,3,buy,sh600552,0.025,22.882859999999997,9400.0
2026-07-10,0,sell_stop,sh601208,0.025,57.29265,5100.0
2026-07-10,3,sell_stop,sh600552,0.025,22.927049999999998,9400.0
2026-07-10,4,sell_stop,sz000811,0.025,55.51443,4900.0
2026-07-10,0,assign,sh601208,0.025,,0.0
2026-07-10,1,buy,sh603328,0.025,11.451439999999998,9600.0
2026-07-10,3,assign,sh600552,0.025,,0.0
2026-07-10,4,assign,sz000811,0.025,,0.0
2026-07-13,1,sell_stop,sh603328,0.025,10.40958,9600.0
2026-07-13,1,assign,sh603328,0.025,,0.0
2026-07-13,4,buy,sz000811,0.025,54.304249999999996,5000.0
2026-07-14,0,buy,sh601208,0.025,50.71065999999999,5800.0
2026-07-14,1,buy,sh603328,0.025,10.23022,9800.0
2026-07-14,3,buy,sh600552,0.025,20.73071,10400.0
2026-07-15,0,sell_stop,sh601208,0.025,54.485459999999996,5800.0
2026-07-15,1,sell_stop,sh603328,0.025,9.8901,9800.0
2026-07-15,3,sell_stop,sh600552,0.025,20.44953,10400.0
2026-07-15,4,sell_stop,sz000811,0.025,51.65829,5000.0
2026-07-15,0,assign,sh601208,0.025,,0.0
2026-07-15,1,assign,sh603328,0.025,,0.0
2026-07-15,3,assign,sh600552,0.025,,0.0
2026-07-15,4,assign,sz000811,0.025,,0.0
2026-07-16,0,buy,sh601208,0.025,51.121069999999996,6100.0
2026-07-16,1,buy,sh603328,0.025,9.77977,10000.0
2026-07-17,0,sell_stop,sh601208,0.025,47.48247,6100.0
2026-07-17,1,sell_stop,sh603328,0.025,9.23076,10000.0
2026-07-17,0,assign,sh601208,0.025,,0.0
2026-07-17,1,assign,sh603328,0.025,,0.0
2026-07-20,4,buy,sz000811,0.025,46.376329999999996,5600.0
2026-07-21,4,sell_stop,sz000811,0.025,39.31065,5600.0
2026-07-21,0,buy,sh601208,0.025,39.71968,7300.0
2026-07-21,1,buy,sh603328,0.025,8.688679999999998,10600.0
2026-07-21,2,buy,sh600338,0.025,11.48147,11200.0
2026-07-21,3,buy,sh600552,0.025,15.175159999999998,14000.0
2026-07-21,4,assign,sz000811,0.025,,0.0
2026-07-21,4,buy,sz000811,0.025,41.41136999999999,5300.0
2026-07-22,0,sell_stop,sh601208,0.025,41.81814,7300.0
2026-07-22,1,sell_stop,sh603328,0.025,8.551440000000001,10600.0
2026-07-22,4,sell_stop,sz000811,0.025,43.12683,5300.0
2026-07-22,0,assign,sh601208,0.025,,0.0
2026-07-22,1,assign,sh603328,0.025,,0.0
2026-07-22,4,assign,sz000811,0.025,,0.0
2026-07-23,3,sell_stop,sh600552,0.025,16.17381,14000.0
2026-07-23,0,buy,sh601208,0.025,42.97293,7100.0
2026-07-23,3,assign,sh600552,0.025,,0.0
2026-07-23,4,buy,sz000811,0.025,44.31427,5200.0
2026-07-24,0,sell_stop,sh601208,0.025,40.34961,7100.0
2026-07-24,2,sell_stop,sh600338,0.025,12.21777,11200.0
2026-07-24,0,assign,sh601208,0.025,,0.0
2026-07-24,0,buy,sh601208,0.025,42.51246999999999,6800.0
2026-07-24,2,assign,sh600338,0.025,,0.0
2026-07-27,4,sell_stop,sz000811,0.025,40.56939,5200.0
2026-07-27,1,buy,sh603328,0.025,8.72872,10400.0
2026-07-27,2,buy,sh600338,0.025,12.57256,10800.0
2026-07-27,3,buy,sh600552,0.025,15.965949999999998,14100.0
2026-07-27,4,assign,sz000811,0.025,,0.0
2026-07-28,0,sell_stop,sh601208,0.025,38.90106,6800.0
2026-07-28,3,sell_stop,sh600552,0.025,16.06392,14100.0
2026-07-28,0,assign,sh601208,0.025,,0.0
2026-07-28,3,assign,sh600552,0.025,,0.0
2026-07-31,3,buy,sh600552,0.025,15.90589,14200.0
2026-08-04,0,buy,sh601208,0.025,33.86382999999999,7800.0
2026-08-04,4,buy,sz000811,0.025,35.195159999999994,6000.0
2026-08-06,2,sell_stop,sh600338,0.025,13.40658,10800.0
2026-08-06,2,assign,sh600338,0.025,,0.0
2026-08-07,4,sell_stop,sz000811,0.025,39.42054,6000.0
2026-08-07,2,buy,sh600338,0.025,13.803789999999998,10500.0
2026-08-07,4,assign,sz000811,0.025,,0.0
2026-08-10,0,sell_stop,sh601208,0.025,45.973980000000005,7800.0
2026-08-10,1,sell_stop,sh603328,0.025,11.62836,10400.0
2026-08-10,3,sell_stop,sh600552,0.025,17.73225,14200.0
2026-08-10,0,assign,sh601208,0.025,,0.0
2026-08-10,1,assign,sh603328,0.025,,0.0
2026-08-10,3,assign,sh600552,0.025,,0.0
2026-08-11,2,sell_stop,sh600338,0.025,13.8861,10500.0
2026-08-11,0,buy,sh601208,0.025,46.33628999999999,7600.0
2026-08-11,1,buy,sh603328,0.025,11.291279999999999,10600.0
2026-08-11,2,assign,sh600338,0.025,,0.0
2026-08-11,3,buy,sh600552,0.025,18.038019999999996,13900.0
