year,thr_mode,ret,mdd,sharpe,thrs,names
2023,adapt,-12.6052,20.2085,-1.1166,"2.5%,3.0%,3.0%,2.5%,2.5%",西藏珠峰、恒顺醋业、依顿电子、中国重汽、京运通
2024,adapt,20.2514,12.8573,0.9908,"2.0%,2.0%,2.5%,2.0%,2.0%",依顿电子、西藏珠峰、千禾味业、科力尔、深赛格
2025,adapt,61.5101,8.6785,3.4513,"2.5%,2.5%,2.5%,2.5%,3.0%",东材科技、依顿电子、西藏珠峰、千禾味业、凯盛科技
2026,adapt,43.2802,19.3171,2.7704,"2.0%,2.5%,2.5%,3.0%,3.0%",东材科技、依顿电子、西藏珠峰、凯盛科技、冰轮环境
2023,0.02,-14.6505,20.1704,-1.2303,"2.0%,2.0%,2.0%,2.0%,2.0%",西藏珠峰、恒顺醋业、依顿电子、中国重汽、京运通
2024,0.02,18.1238,12.9621,0.8740,"2.0%,2.0%,2.0%,2.0%,2.0%",依顿电子、西藏珠峰、千禾味业、科力尔、深赛格
2025,0.02,43.8794,11.0517,2.3692,"2.0%,2.0%,2.0%,2.0%,2.0%",东材科技、依顿电子、西藏珠峰、千禾味业、凯盛科技
2026,0.02,44.9506,23.7446,2.7999,"2.0%,2.0%,2.0%,2.0%,2.0%",东材科技、依顿电子、西藏珠峰、凯盛科技、冰轮环境
2023,0.025,-14.1726,21.9298,-1.1947,"2.5%,2.5%,2.5%,2.5%,2.5%",西藏珠峰、恒顺醋业、依顿电子、中国重汽、京运通
2024,0.025,35.8377,11.9367,1.6668,"2.5%,2.5%,2.5%,2.5%,2.5%",依顿电子、西藏珠峰、千禾味业、科力尔、深赛格
2025,0.025,59.2169,8.6276,3.2726,"2.5%,2.5%,2.5%,2.5%,2.5%",东材科技、依顿电子、西藏珠峰、千禾味业、凯盛科技
2026,0.025,69.0535,15.4706,4.7671,"2.5%,2.5%,2.5%,2.5%,2.5%",东材科技、依顿电子、西藏珠峰、凯盛科技、冰轮环境
2023,0.03,-16.0299,24.0031,-1.4392,"3.0%,3.0%,3.0%,3.0%,3.0%",西藏珠峰、恒顺醋业、依顿电子、中国重汽、京运通
2024,0.03,32.8551,14.9192,1.4826,"3.0%,3.0%,3.0%,3.0%,3.0%",依顿电子、西藏珠峰、千禾味业、科力尔、深赛格
2025,0.03,52.9997,10.8572,2.9790,"3.0%,3.0%,3.0%,3.0%,3.0%",东材科技、依顿电子、西藏珠峰、千禾味业、凯盛科技
2026,0.03,57.9023,15.6779,3.9124,"3.0%,3.0%,3.0%,3.0%,3.0%",东材科技、依顿电子、西藏珠峰、凯盛科技、冰轮环境
