date,open,high,low,close,volume,symbol
2025-05-26 15:00:00+08:00,11.12,11.25,11.08,11.19,13863762.0,sh600552
2025-05-27 15:00:00+08:00,11.17,11.17,10.87,10.91,17679451.0,sh600552
2025-05-28 15:00:00+08:00,10.94,11.0,10.88,10.93,11135401.0,sh600552
2025-05-29 15:00:00+08:00,10.94,11.15,10.92,11.11,14794900.0,sh600552
2025-05-30 15:00:00+08:00,11.05,11.07,10.85,10.89,13603900.0,sh600552
2025-06-03 15:00:00+08:00,10.82,10.93,10.78,10.86,9071400.0,sh600552
2025-06-04 15:00:00+08:00,10.88,11.08,10.86,11.05,13670625.0,sh600552
2025-06-05 15:00:00+08:00,11.06,11.14,10.93,11.08,17750400.0,sh600552
2025-06-06 15:00:00+08:00,11.1,11.11,10.99,11.03,10510785.0,sh600552
2025-06-09 15:00:00+08:00,11.07,11.11,11.02,11.06,12156528.0,sh600552
2025-06-10 15:00:00+08:00,11.09,11.13,10.77,10.87,16950700.0,sh600552
2025-06-11 15:00:00+08:00,10.88,11.02,10.87,10.96,10333528.0,sh600552
2025-06-12 15:00:00+08:00,10.93,10.96,10.84,10.86,10502100.0,sh600552
2025-06-13 15:00:00+08:00,10.87,10.87,10.6,10.62,13778866.0,sh600552
2025-06-16 15:00:00+08:00,10.61,10.77,10.55,10.72,7920860.0,sh600552
2025-06-17 15:00:00+08:00,10.73,10.79,10.65,10.76,6945139.0,sh600552
2025-06-18 15:00:00+08:00,10.72,10.81,10.68,10.77,8005412.0,sh600552
2025-06-19 15:00:00+08:00,10.77,11.01,10.72,10.74,19557128.0,sh600552
2025-06-20 15:00:00+08:00,10.74,10.9,10.62,10.64,10067142.0,sh600552
2025-06-23 15:00:00+08:00,10.57,10.79,10.48,10.77,12039000.0,sh600552
2025-06-24 15:00:00+08:00,10.79,11.09,10.79,11.08,19137793.0,sh600552
2025-06-25 15:00:00+08:00,11.08,11.16,11.04,11.15,18363900.0,sh600552
2025-06-26 15:00:00+08:00,11.2,11.27,11.1,11.13,17607800.0,sh600552
2025-06-27 15:00:00+08:00,11.16,11.29,11.13,11.19,12744100.0,sh600552
2025-06-30 15:00:00+08:00,11.18,11.29,11.18,11.27,14596119.0,sh600552
2025-07-01 15:00:00+08:00,11.26,11.37,11.16,11.29,18270000.0,sh600552
2025-07-02 15:00:00+08:00,11.27,11.29,11.17,11.24,13427450.0,sh600552
2025-07-03 15:00:00+08:00,11.26,11.55,11.24,11.53,28903266.0,sh600552
2025-07-04 15:00:00+08:00,11.53,11.53,11.26,11.27,19094700.0,sh600552
2025-07-07 15:00:00+08:00,11.29,11.41,11.21,11.26,10189984.0,sh600552
2025-07-08 15:00:00+08:00,11.23,11.59,11.2,11.48,22256400.0,sh600552
2025-07-09 15:00:00+08:00,11.44,11.47,11.3,11.34,18741974.0,sh600552
2025-07-10 15:00:00+08:00,11.33,11.38,11.21,11.31,13132700.0,sh600552
2025-07-11 15:00:00+08:00,11.32,11.37,11.17,11.32,14274600.0,sh600552
2025-07-14 15:00:00+08:00,11.34,11.45,11.29,11.38,10958174.0,sh600552
2025-07-15 15:00:00+08:00,11.38,11.46,11.19,11.4,14320800.0,sh600552
2025-07-16 15:00:00+08:00,11.35,11.47,11.28,11.37,11181300.0,sh600552
2025-07-17 15:00:00+08:00,11.36,11.62,11.33,11.6,20795451.0,sh600552
2025-07-18 15:00:00+08:00,11.63,11.67,11.42,11.53,13971100.0,sh600552
2025-07-21 15:00:00+08:00,11.54,11.59,11.46,11.54,15684900.0,sh600552
2025-07-22 15:00:00+08:00,11.53,11.64,11.47,11.52,13938358.0,sh600552
2025-07-23 15:00:00+08:00,11.51,11.57,11.4,11.42,15258566.0,sh600552
2025-07-24 15:00:00+08:00,11.42,11.6,11.42,11.59,16168002.0,sh600552
2025-07-25 15:00:00+08:00,11.59,11.67,11.51,11.55,14301400.0,sh600552
2025-07-28 15:00:00+08:00,11.54,11.66,11.52,11.6,15861767.0,sh600552
2025-07-29 15:00:00+08:00,11.6,11.7,11.47,11.63,17968065.0,sh600552
2025-07-30 15:00:00+08:00,11.71,12.17,11.71,11.8,40351106.0,sh600552
2025-07-31 15:00:00+08:00,11.78,12.09,11.78,11.93,36088773.0,sh600552
2025-08-01 15:00:00+08:00,11.82,12.11,11.75,11.85,28402410.0,sh600552
2025-08-04 15:00:00+08:00,11.77,11.91,11.66,11.81,21873300.0,sh600552
2025-08-05 15:00:00+08:00,11.87,12.24,11.87,12.06,35453846.0,sh600552
2025-08-06 15:00:00+08:00,12.09,12.14,11.98,12.11,21849236.0,sh600552
2025-08-07 15:00:00+08:00,12.11,12.34,12.05,12.13,27221104.0,sh600552
2025-08-08 15:00:00+08:00,12.14,12.15,11.94,11.96,20458700.0,sh600552
2025-08-11 15:00:00+08:00,11.95,12.62,11.93,12.34,37468980.0,sh600552
2025-08-12 15:00:00+08:00,12.3,12.39,12.17,12.26,21337186.0,sh600552
2025-08-13 15:00:00+08:00,12.26,12.37,12.18,12.3,23016916.0,sh600552
2025-08-14 15:00:00+08:00,12.32,12.47,12.04,12.12,23534700.0,sh600552
2025-08-15 15:00:00+08:00,12.1,12.74,12.08,12.72,53157702.0,sh600552
2025-08-18 15:00:00+08:00,12.62,12.82,12.6,12.67,42552754.0,sh600552
2025-08-19 15:00:00+08:00,12.6,12.84,12.55,12.83,33644852.0,sh600552
2025-08-20 15:00:00+08:00,12.8,13.22,12.69,13.13,53400543.0,sh600552
2025-08-21 15:00:00+08:00,13.27,13.82,13.04,13.51,81770855.0,sh600552
2025-08-22 15:00:00+08:00,13.4,13.54,13.22,13.37,51463899.0,sh600552
2025-08-25 15:00:00+08:00,13.38,13.54,13.04,13.16,57864853.0,sh600552
2025-08-26 15:00:00+08:00,13.14,13.31,13.0,13.13,34456996.0,sh600552
2025-08-27 15:00:00+08:00,13.3,13.63,12.82,12.82,53468274.0,sh600552
2025-08-28 15:00:00+08:00,12.78,13.15,12.69,13.1,47497215.0,sh600552
2025-08-29 15:00:00+08:00,13.24,13.29,12.94,13.05,32424580.0,sh600552
2025-09-01 15:00:00+08:00,13.1,13.21,12.81,13.1,38029462.0,sh600552
2025-09-02 15:00:00+08:00,13.1,13.12,12.31,12.43,45378539.0,sh600552
2025-09-03 15:00:00+08:00,12.86,13.11,12.33,12.38,47240025.0,sh600552
2025-09-04 15:00:00+08:00,12.55,12.82,11.87,12.13,43911049.0,sh600552
2025-09-05 15:00:00+08:00,12.17,12.72,12.03,12.63,43696248.0,sh600552
2025-09-08 15:00:00+08:00,12.59,13.09,12.59,12.83,39826024.0,sh600552
2025-09-09 15:00:00+08:00,12.74,12.77,12.33,12.36,28892354.0,sh600552
2025-09-10 15:00:00+08:00,12.3,12.43,12.12,12.19,25706941.0,sh600552
2025-09-11 15:00:00+08:00,12.17,13.05,12.03,12.86,52072693.0,sh600552
2025-09-12 15:00:00+08:00,12.78,12.94,12.6,12.61,27488877.0,sh600552
2025-09-15 15:00:00+08:00,12.61,12.68,12.31,12.33,24571759.0,sh600552
2025-09-16 15:00:00+08:00,12.42,12.91,12.39,12.81,43126628.0,sh600552
2025-09-17 15:00:00+08:00,12.77,13.21,12.68,13.13,46174190.0,sh600552
2025-09-18 15:00:00+08:00,13.26,14.01,13.24,13.4,82860310.0,sh600552
2025-09-19 15:00:00+08:00,13.38,13.64,13.19,13.32,37295178.0,sh600552
2025-09-22 15:00:00+08:00,13.36,13.46,13.1,13.22,31235310.0,sh600552
2025-09-23 15:00:00+08:00,13.17,13.26,12.48,12.81,38774183.0,sh600552
2025-09-24 15:00:00+08:00,12.66,13.04,12.58,13.01,29013907.0,sh600552
2025-09-25 15:00:00+08:00,12.97,13.06,12.72,12.83,28024151.0,sh600552
2025-09-26 15:00:00+08:00,12.73,13.11,12.57,12.78,37683312.0,sh600552
2025-09-29 15:00:00+08:00,12.72,13.25,12.69,13.1,41976722.0,sh600552
2025-09-30 15:00:00+08:00,13.1,13.31,12.89,12.96,29710025.0,sh600552
2025-10-09 15:00:00+08:00,12.97,13.11,12.77,12.82,29891571.0,sh600552
2025-10-10 15:00:00+08:00,12.77,12.85,12.34,12.38,35095048.0,sh600552
2025-10-13 15:00:00+08:00,11.75,12.08,11.58,12.03,37044030.0,sh600552
2025-10-14 15:00:00+08:00,12.1,12.41,11.68,11.75,33249068.0,sh600552
2025-10-15 15:00:00+08:00,11.75,11.87,11.5,11.85,24540800.0,sh600552
2025-10-16 15:00:00+08:00,11.82,11.83,11.58,11.63,16729876.0,sh600552
2025-10-17 15:00:00+08:00,11.69,11.71,11.13,11.18,24065700.0,sh600552
2025-10-20 15:00:00+08:00,11.34,11.44,11.27,11.37,13674600.0,sh600552
2025-10-21 15:00:00+08:00,11.45,11.68,11.34,11.56,15510644.0,sh600552
2025-10-22 15:00:00+08:00,11.57,11.57,11.41,11.48,9912700.0,sh600552
2025-10-23 15:00:00+08:00,11.46,11.54,11.3,11.5,10685080.0,sh600552
2025-10-24 15:00:00+08:00,11.56,11.72,11.52,11.68,13256300.0,sh600552
2025-10-27 15:00:00+08:00,11.76,11.87,11.68,11.79,15723200.0,sh600552
2025-10-28 15:00:00+08:00,11.77,12.3,11.68,12.06,26367700.0,sh600552
2025-10-29 15:00:00+08:00,12.07,12.22,11.92,12.17,16554600.0,sh600552
2025-10-30 15:00:00+08:00,12.12,12.26,12.03,12.1,16193549.0,sh600552
2025-10-31 15:00:00+08:00,12.36,12.45,12.21,12.23,22304057.0,sh600552
2025-11-03 15:00:00+08:00,12.27,12.55,12.14,12.48,25118570.0,sh600552
2025-11-04 15:00:00+08:00,12.44,12.52,12.19,12.27,15459206.0,sh600552
2025-11-05 15:00:00+08:00,12.15,12.34,12.09,12.28,11891485.0,sh600552
2025-11-06 15:00:00+08:00,12.24,12.38,12.21,12.27,11509689.0,sh600552
2025-11-07 15:00:00+08:00,12.22,12.33,12.15,12.24,10497339.0,sh600552
2025-11-10 15:00:00+08:00,12.22,12.33,12.1,12.2,11743400.0,sh600552
2025-11-11 15:00:00+08:00,12.14,12.27,12.1,12.11,10210700.0,sh600552
2025-11-12 15:00:00+08:00,12.09,12.11,11.82,11.94,12911919.0,sh600552
2025-11-13 15:00:00+08:00,11.96,12.22,11.89,12.12,12579033.0,sh600552
2025-11-14 15:00:00+08:00,12.1,12.14,11.85,11.86,13120500.0,sh600552
2025-11-17 15:00:00+08:00,11.77,11.93,11.77,11.88,12333900.0,sh600552
2025-11-18 15:00:00+08:00,11.85,11.9,11.64,11.69,12833696.0,sh600552
2025-11-19 15:00:00+08:00,11.74,11.78,11.42,11.53,13839405.0,sh600552
2025-11-20 15:00:00+08:00,11.56,11.72,11.5,11.56,11576300.0,sh600552
2025-11-21 15:00:00+08:00,11.5,11.57,11.11,11.11,17452299.0,sh600552
2025-11-24 15:00:00+08:00,11.25,11.32,11.1,11.3,9859499.0,sh600552
2025-11-25 15:00:00+08:00,11.38,11.5,11.27,11.27,14745299.0,sh600552
2025-11-26 15:00:00+08:00,11.28,11.32,11.1,11.14,12495802.0,sh600552
2025-11-27 15:00:00+08:00,11.15,11.45,11.15,11.24,13218616.0,sh600552
2025-11-28 15:00:00+08:00,11.23,11.29,11.15,11.21,10533200.0,sh600552
2025-12-01 15:00:00+08:00,11.25,11.42,11.17,11.38,15964073.0,sh600552
2025-12-02 15:00:00+08:00,11.39,11.47,11.26,11.3,11748720.0,sh600552
2025-12-03 15:00:00+08:00,11.32,11.34,11.17,11.22,9414500.0,sh600552
2025-12-04 15:00:00+08:00,11.18,11.27,11.01,11.17,11271120.0,sh600552
2025-12-05 15:00:00+08:00,11.17,11.35,11.07,11.33,9888800.0,sh600552
2025-12-08 15:00:00+08:00,11.32,11.47,11.29,11.36,14138239.0,sh600552
2025-12-09 15:00:00+08:00,11.33,11.45,11.28,11.34,11091111.0,sh600552
2025-12-10 15:00:00+08:00,11.3,11.34,11.15,11.26,11767172.0,sh600552
2025-12-11 15:00:00+08:00,11.3,11.3,11.12,11.12,13675485.0,sh600552
2025-12-12 15:00:00+08:00,11.12,11.18,11.03,11.06,12850347.0,sh600552
2025-12-15 15:00:00+08:00,11.05,11.12,10.89,10.9,16423943.0,sh600552
2025-12-16 15:00:00+08:00,10.92,10.94,10.7,10.72,12636680.0,sh600552
2025-12-17 15:00:00+08:00,10.73,10.85,10.53,10.83,16013512.0,sh600552
2025-12-18 15:00:00+08:00,10.79,11.01,10.73,10.79,13595100.0,sh600552
2025-12-19 15:00:00+08:00,10.82,10.89,10.78,10.84,12947811.0,sh600552
2025-12-22 15:00:00+08:00,10.83,10.92,10.83,10.86,14069311.0,sh600552
2025-12-23 15:00:00+08:00,10.85,11.51,10.78,11.24,44472464.0,sh600552
2025-12-24 15:00:00+08:00,11.27,11.56,11.19,11.55,28226286.0,sh600552
2025-12-25 15:00:00+08:00,11.53,11.68,11.36,11.44,19842100.0,sh600552
2025-12-26 15:00:00+08:00,11.53,11.53,11.3,11.37,17122808.0,sh600552
2025-12-29 15:00:00+08:00,11.37,11.4,11.22,11.27,13808800.0,sh600552
2025-12-30 15:00:00+08:00,11.22,12.4,11.2,12.4,100289354.0,sh600552
2025-12-31 15:00:00+08:00,12.47,12.73,12.3,12.37,85267065.0,sh600552
2026-01-05 15:00:00+08:00,12.37,12.44,12.06,12.12,47290180.0,sh600552
2026-01-06 15:00:00+08:00,12.1,12.46,12.08,12.36,47621285.0,sh600552
2026-01-07 15:00:00+08:00,12.5,12.7,12.36,12.57,51102939.0,sh600552
2026-01-08 15:00:00+08:00,12.56,13.8,12.42,13.54,93413809.0,sh600552
2026-01-09 15:00:00+08:00,13.61,14.43,13.61,13.87,115212126.0,sh600552
2026-01-12 15:00:00+08:00,14.46,15.26,14.36,15.26,120954299.0,sh600552
2026-01-13 15:00:00+08:00,15.64,15.64,14.24,14.42,103643791.0,sh600552
2026-01-14 15:00:00+08:00,14.56,15.14,14.43,14.57,76001666.0,sh600552
2026-01-15 15:00:00+08:00,14.56,14.7,13.92,14.51,66376486.0,sh600552
2026-01-16 15:00:00+08:00,14.86,15.02,14.34,14.82,61116890.0,sh600552
2026-01-19 15:00:00+08:00,14.86,14.96,14.48,14.53,43961466.0,sh600552
2026-01-20 15:00:00+08:00,14.44,14.75,13.89,14.11,50584029.0,sh600552
2026-01-21 15:00:00+08:00,14.07,14.24,13.93,14.09,29262600.0,sh600552
2026-01-22 15:00:00+08:00,14.18,14.2,13.78,13.85,32838818.0,sh600552
2026-01-23 15:00:00+08:00,13.99,15.24,13.97,15.24,75307663.0,sh600552
2026-01-26 15:00:00+08:00,16.03,16.73,15.37,15.46,131631005.0,sh600552
2026-01-27 15:00:00+08:00,15.15,15.94,14.94,15.61,88776749.0,sh600552
2026-01-28 15:00:00+08:00,15.61,15.67,15.06,15.16,53417752.0,sh600552
2026-01-29 15:00:00+08:00,15.08,15.38,14.7,14.82,50709941.0,sh600552
2026-01-30 15:00:00+08:00,14.74,14.82,13.97,14.5,46237415.0,sh600552
2026-02-02 15:00:00+08:00,14.49,14.98,14.16,14.2,34364864.0,sh600552
2026-02-03 15:00:00+08:00,14.36,15.4,14.36,15.11,56410270.0,sh600552
2026-02-04 15:00:00+08:00,15.1,15.47,14.95,15.28,53756233.0,sh600552
2026-02-05 15:00:00+08:00,14.98,15.1,14.59,14.7,36025696.0,sh600552
2026-02-06 15:00:00+08:00,14.51,14.87,14.33,14.58,30415045.0,sh600552
2026-02-09 15:00:00+08:00,14.96,15.39,14.91,15.1,41791955.0,sh600552
2026-02-10 15:00:00+08:00,15.03,15.21,14.6,14.63,32133667.0,sh600552
2026-02-11 15:00:00+08:00,14.57,14.91,14.36,14.41,31535165.0,sh600552
2026-02-12 15:00:00+08:00,14.44,14.89,14.42,14.76,30971027.0,sh600552
2026-02-13 15:00:00+08:00,14.67,14.67,14.27,14.29,27586974.0,sh600552
2026-02-24 15:00:00+08:00,14.51,14.74,14.4,14.41,27105000.0,sh600552
2026-02-25 15:00:00+08:00,14.43,14.64,14.26,14.59,30073210.0,sh600552
2026-02-26 15:00:00+08:00,14.58,14.9,14.43,14.81,31512324.0,sh600552
2026-02-27 15:00:00+08:00,14.81,15.11,14.72,15.0,36608308.0,sh600552
2026-03-02 15:00:00+08:00,14.66,14.81,14.36,14.54,39740561.0,sh600552
2026-03-03 15:00:00+08:00,14.49,14.56,13.14,13.18,57256729.0,sh600552
2026-03-04 15:00:00+08:00,12.95,13.43,12.86,13.12,30737028.0,sh600552
2026-03-05 15:00:00+08:00,13.34,13.68,13.34,13.49,27819328.0,sh600552
2026-03-06 15:00:00+08:00,13.35,13.51,13.23,13.31,23584921.0,sh600552
2026-03-09 15:00:00+08:00,13.03,13.26,12.63,13.22,33035255.0,sh600552
2026-03-10 15:00:00+08:00,13.36,13.94,13.36,13.82,29730904.0,sh600552
2026-03-11 15:00:00+08:00,13.86,14.34,13.81,13.91,38619875.0,sh600552
2026-03-12 15:00:00+08:00,13.82,14.15,13.63,13.82,27332677.0,sh600552
2026-03-13 15:00:00+08:00,13.69,13.78,13.41,13.44,22538957.0,sh600552
2026-03-16 15:00:00+08:00,13.46,13.56,13.07,13.4,22063870.0,sh600552
2026-03-17 15:00:00+08:00,13.46,13.59,12.83,12.91,28146327.0,sh600552
2026-03-18 15:00:00+08:00,12.86,13.13,12.82,13.09,19612261.0,sh600552
2026-03-19 15:00:00+08:00,12.87,12.95,12.63,12.73,22948400.0,sh600552
2026-03-20 15:00:00+08:00,12.72,12.94,12.36,12.36,23373046.0,sh600552
2026-03-23 15:00:00+08:00,12.12,12.26,11.42,11.58,33055100.0,sh600552
2026-03-24 15:00:00+08:00,11.81,11.86,11.37,11.76,24276222.0,sh600552
2026-03-25 15:00:00+08:00,11.89,12.18,11.76,12.08,23427958.0,sh600552
2026-03-26 15:00:00+08:00,12.07,12.07,11.75,11.82,16542715.0,sh600552
2026-03-27 15:00:00+08:00,11.65,12.31,11.57,12.07,20766123.0,sh600552
2026-03-30 15:00:00+08:00,11.84,12.1,11.66,12.07,20442327.0,sh600552
2026-03-31 15:00:00+08:00,11.98,12.14,11.67,11.83,33323726.0,sh600552
2026-04-01 15:00:00+08:00,12.07,12.15,11.83,12.06,29095137.0,sh600552
2026-04-02 15:00:00+08:00,11.97,12.04,11.63,11.7,19614984.0,sh600552
2026-04-03 15:00:00+08:00,11.76,11.85,11.65,11.69,13544967.0,sh600552
2026-04-07 15:00:00+08:00,11.91,12.52,11.82,12.4,51340513.0,sh600552
2026-04-08 15:00:00+08:00,12.6,12.67,12.38,12.66,57762924.0,sh600552
2026-04-09 15:00:00+08:00,12.47,12.94,12.38,12.83,47937004.0,sh600552
2026-04-10 15:00:00+08:00,13.06,13.81,12.98,13.45,86689754.0,sh600552
2026-04-13 15:00:00+08:00,13.18,13.54,13.05,13.08,59590638.0,sh600552
2026-04-14 15:00:00+08:00,13.17,13.28,13.07,13.19,37690822.0,sh600552
2026-04-15 15:00:00+08:00,13.24,13.9,13.16,13.43,65373038.0,sh600552
2026-04-16 15:00:00+08:00,13.38,13.68,13.28,13.61,41150204.0,sh600552
2026-04-17 15:00:00+08:00,13.54,14.98,13.48,14.98,100136617.0,sh600552
2026-04-20 15:00:00+08:00,14.97,15.42,14.82,14.99,130328443.0,sh600552
2026-04-21 15:00:00+08:00,14.98,15.02,14.55,14.65,69607868.0,sh600552
2026-04-22 15:00:00+08:00,14.48,15.96,14.48,15.66,104308525.0,sh600552
2026-04-23 15:00:00+08:00,15.76,15.8,14.93,14.98,68933331.0,sh600552
2026-04-24 15:00:00+08:00,14.85,15.49,14.75,15.04,67039392.0,sh600552
2026-04-27 15:00:00+08:00,15.04,16.53,15.04,16.06,85988068.0,sh600552
2026-04-28 15:00:00+08:00,15.76,15.94,15.2,15.3,60820008.0,sh600552
2026-04-29 15:00:00+08:00,15.16,15.9,15.14,15.37,57622998.0,sh600552
2026-04-30 15:00:00+08:00,15.46,15.94,15.41,15.5,55379573.0,sh600552
2026-05-06 15:00:00+08:00,15.66,16.17,15.58,15.88,65081066.0,sh600552
2026-05-07 15:00:00+08:00,15.97,16.96,15.74,16.54,71437956.0,sh600552
2026-05-08 15:00:00+08:00,16.38,16.62,16.09,16.49,52635095.0,sh600552
2026-05-11 15:00:00+08:00,17.25,17.52,16.78,16.88,86401333.0,sh600552
2026-05-12 15:00:00+08:00,16.93,18.03,16.64,17.65,107208065.0,sh600552
2026-05-13 15:00:00+08:00,17.45,18.68,17.38,18.15,99291706.0,sh600552
2026-05-14 15:00:00+08:00,18.25,18.82,17.58,18.25,99213199.0,sh600552
2026-05-15 15:00:00+08:00,18.15,18.53,17.18,17.39,108333829.0,sh600552
2026-05-18 15:00:00+08:00,17.19,18.42,16.96,17.96,94724051.0,sh600552
2026-05-19 15:00:00+08:00,17.79,18.39,17.52,18.22,61200709.0,sh600552
2026-05-20 15:00:00+08:00,17.93,18.44,17.62,18.1,62170382.0,sh600552
2026-05-21 15:00:00+08:00,19.1,19.65,18.25,18.25,157446034.0,sh600552
2026-05-22 15:00:00+08:00,18.36,18.9,17.58,18.5,99042492.0,sh600552
2026-05-25 15:00:00+08:00,18.8,20.24,18.76,19.98,106404648.0,sh600552
2026-05-26 15:00:00+08:00,19.8,20.93,19.46,19.62,127946315.0,sh600552
2026-05-27 15:00:00+08:00,20.1,20.45,18.67,18.92,115756341.0,sh600552
2026-05-28 15:00:00+08:00,18.76,19.19,17.88,19.07,97718381.0,sh600552
2026-05-29 15:00:00+08:00,18.93,19.22,17.71,17.88,88311407.0,sh600552
2026-06-01 15:00:00+08:00,17.84,19.25,17.84,18.29,89737165.0,sh600552
2026-06-02 15:00:00+08:00,18.22,19.01,17.8,18.79,81087713.0,sh600552
2026-06-03 15:00:00+08:00,18.75,19.5,18.15,18.5,95464520.0,sh600552
2026-06-04 15:00:00+08:00,18.25,20.07,18.05,19.69,122899038.0,sh600552
2026-06-05 15:00:00+08:00,19.89,21.65,19.65,21.65,140731553.0,sh600552
2026-06-08 15:00:00+08:00,21.05,23.82,21.05,21.99,212554771.0,sh600552
2026-06-09 15:00:00+08:00,22.18,22.89,20.5,22.68,178105771.0,sh600552
2026-06-10 15:00:00+08:00,21.77,21.84,20.5,20.63,134220946.0,sh600552
2026-06-11 15:00:00+08:00,20.12,21.38,19.46,20.54,112047665.0,sh600552
2026-06-12 15:00:00+08:00,20.63,21.27,18.8,18.95,137624919.0,sh600552
2026-06-15 15:00:00+08:00,19.26,20.6,19.0,20.48,109935293.0,sh600552
2026-06-16 15:00:00+08:00,20.49,22.08,20.26,21.94,106270129.0,sh600552
2026-06-17 15:00:00+08:00,21.8,24.13,21.7,24.13,67193098.0,sh600552
2026-06-18 15:00:00+08:00,24.01,24.61,22.4,23.32,140708030.0,sh600552
2026-06-22 15:00:00+08:00,25.18,25.65,24.82,25.65,78974095.0,sh600552
2026-06-23 15:00:00+08:00,26.51,27.17,25.14,25.61,180537426.0,sh600552
2026-06-24 15:00:00+08:00,25.35,27.97,24.71,27.85,166736371.0,sh600552
2026-06-25 15:00:00+08:00,27.8,29.24,26.55,26.91,169370236.0,sh600552
2026-06-26 15:00:00+08:00,26.93,29.6,26.8,29.6,153290235.0,sh600552
2026-06-29 15:00:00+08:00,30.99,32.56,29.48,31.48,244861549.0,sh600552
2026-06-30 15:00:00+08:00,31.46,33.67,30.4,32.58,202028669.0,sh600552
2026-07-01 15:00:00+08:00,30.7,31.47,29.32,29.65,194225156.0,sh600552
2026-07-02 15:00:00+08:00,27.58,28.7,26.69,26.75,155429276.0,sh600552
2026-07-03 15:00:00+08:00,26.42,26.74,25.05,25.39,116598328.0,sh600552
2026-07-06 15:00:00+08:00,25.11,26.08,23.36,23.55,106939368.0,sh600552
2026-07-07 15:00:00+08:00,23.49,24.27,22.98,23.48,76329716.0,sh600552
2026-07-08 15:00:00+08:00,23.48,23.89,21.78,21.93,86261290.0,sh600552
2026-07-09 15:00:00+08:00,22.3,23.38,21.81,23.33,97389935.0,sh600552
2026-07-10 15:00:00+08:00,23.54,24.35,22.13,22.13,101740568.0,sh600552
2026-07-13 15:00:00+08:00,21.62,21.98,19.92,19.92,88843816.0,sh600552
2026-07-14 15:00:00+08:00,20.2,20.85,19.36,20.63,70175332.0,sh600552
2026-07-15 15:00:00+08:00,21.0,21.05,18.85,18.88,64908158.0,sh600552
2026-07-16 15:00:00+08:00,18.55,18.96,17.47,17.62,75191879.0,sh600552
2026-07-17 15:00:00+08:00,17.62,17.68,15.99,16.14,75642974.0,sh600552
2026-07-20 15:00:00+08:00,16.6,16.73,14.53,14.61,82101876.0,sh600552
2026-07-21 15:00:00+08:00,14.79,16.07,13.8,16.07,88087161.0,sh600552
2026-07-22 15:00:00+08:00,16.15,17.25,16.11,16.28,112379822.0,sh600552
2026-07-23 15:00:00+08:00,16.61,17.03,16.05,16.23,79779477.0,sh600552
2026-07-24 15:00:00+08:00,15.9,16.13,15.38,15.55,55853001.0,sh600552
2026-07-27 15:00:00+08:00,15.56,16.5,15.22,16.39,59996846.0,sh600552
2026-07-28 15:00:00+08:00,16.5,17.11,15.82,16.03,85801327.0,sh600552
2026-07-29 15:00:00+08:00,15.8,16.09,14.97,15.67,80848309.0,sh600552
2026-07-30 15:00:00+08:00,15.68,15.87,14.61,14.81,71557326.0,sh600552
2026-07-31 15:00:00+08:00,15.5,16.09,15.03,15.03,76726593.0,sh600552
2026-08-03 15:00:00+08:00,14.8,15.25,14.66,14.81,47887638.0,sh600552
2026-08-04 15:00:00+08:00,15.05,16.15,14.98,16.01,76215528.0,sh600552
2026-08-05 15:00:00+08:00,15.8,17.61,15.8,17.08,84298564.0,sh600552
2026-08-06 15:00:00+08:00,16.9,17.79,16.77,17.57,77642700.0,sh600552
2026-08-07 15:00:00+08:00,17.61,18.32,17.49,18.2,77698091.0,sh600552
2026-08-10 15:00:00+08:00,18.21,18.3,17.45,17.86,62979760.0,sh600552
2026-08-11 15:00:00+08:00,17.58,18.59,17.58,18.01,68008429.0,sh600552
2026-08-12 15:00:00+08:00,17.96,18.3,17.77,18.2,43076477.0,sh600552
2026-08-13 15:00:00+08:00,18.31,18.55,17.76,17.77,51188258.0,sh600552
2026-08-14 15:00:00+08:00,17.81,18.64,17.65,18.59,53922466.0,sh600552
