股东户数统计截止日,区间涨跌幅,股东户数-本次,股东户数-上次,股东户数-增减,股东户数-增减比例,户均持股市值,户均持股数量,总市值,总股本,股本变动,股本变动原因,股东户数公告日期,代码,名称
2013-03-31,24.81582009,10524,9700,824,8.494845360825,357870.581527936,11117.4458380844,3766230000.0,117000000,0,,2013-04-27,600552,凯盛科技
2013-04-11,2.05032619,10433,10524,-91,-0.864690231851,502379.212532349,15293.1267133135,5241322324.35,159553191,42553191,发行融资,2013-04-18,600552,凯盛科技
2013-06-30,-24.90513595,10448,10433,15,0.143774561488,375441.72976072,22906.7559341501,3922615192.54,239329786,79776595,分红派息,2013-08-28,600552,凯盛科技
2013-09-30,12.69066504,9774,10448,-674,-6.450995405819,452263.264520155,24486.3705749949,4420421147.42,239329786,0,,2013-10-30,600552,凯盛科技
2013-12-31,2.00324851,9515,9774,-259,-2.649887456517,473880.522148187,25152.8939569101,4508973168.24,239329786,0,,2014-03-10,600552,凯盛科技
2014-03-03,11.09341826,8156,9515,-1359,-14.282711508145,614170.233077489,29344.0149583129,5009172420.98,239329786,0,,2014-03-10,600552,凯盛科技
2014-03-31,2.86669852,7699,8156,-457,-5.603236880824,669277.866291726,31085.8275100662,5152770292.58,239329786,0,,2014-04-29,600552,凯盛科技
2014-06-30,-4.424093,9402,7699,1703,22.119755812443,521958.866403957,38182.7992980217,4907457261.93,358994679,119664893,分红派息,2014-08-28,600552,凯盛科技
2014-09-30,39.06364301,9419,9402,17,0.180812593065,724544.946150335,38113.8845949676,6824488847.79,358994679,0,,2014-10-30,600552,凯盛科技
2014-12-31,,9205,9419,-214,-2.272003397388,741389.337076589,38999.965127648,6824488847.79,358994679,0,,2015-02-12,600552,凯盛科技
2015-02-05,,9180,9205,-25,-0.271591526344,743408.371218954,39106.1741830065,6824488847.79,358994679,0,,2015-02-12,600552,凯盛科技
2015-03-31,,9105,9180,-75,-0.816993464052,749531.998658979,39428.3008237232,6824488847.79,358994679,0,,2015-04-18,600552,凯盛科技
2015-06-30,52.18306155,16676,9105,7571,83.152114222954,622794.199056728,21527.6252698489,10385716063.47,358994679,0,,2015-07-25,600552,凯盛科技
2015-09-30,-48.08157622,30119,16676,13443,80.612856800192,179026.530714167,11919.2097679206,5392100078.58,358994679,0,,2015-10-30,600552,凯盛科技
2015-12-31,50.66577896,23036,30119,-7083,-23.516717022478,376765.319811599,16648.931498524,8679165907.18,383524786,24530107,发行融资,2016-03-30,600552,凯盛科技
2016-02-29,-39.10737958,26306,23036,3270,14.195172773051,200903.655100738,14579.3653919258,5284971551.08,383524786,0,,2016-03-30,600552,凯盛科技
2016-03-31,18.35994194,23911,26306,-2395,-9.104386831901,261607.17910836,16039.679896282,6255289259.66,383524786,0,,2016-04-29,600552,凯盛科技
2016-06-30,24.09564684,23388,23911,-523,-2.187277821923,331902.756483667,16398.357533778,7762541668.64,383524786,0,,2016-08-26,600552,凯盛科技
2016-09-07,-8.94268775,23050,23388,-338,-1.445185565247,306653.440606508,16638.8193492408,7068361805.98,383524786,0,,2016-09-27,600552,凯盛科技
2016-09-30,,23047,23050,-3,-0.013015184382,306693.357312448,16640.985204148,7068361805.98,383524786,0,,2016-10-29,600552,凯盛科技
2016-12-31,,24120,23047,1073,4.655703562286,293049.826118574,15900.6959369818,7068361805.98,383524786,0,,2017-03-31,600552,凯盛科技
2017-02-28,-10.74335323,31061,24120,6941,28.776948590381,203115.89226683,12347.4706545185,6308982729.7,383524786,0,,2017-03-31,600552,凯盛科技
2017-03-31,-0.18237082,30075,31061,-986,-3.174398763723,209392.418491106,12752.2788362427,6297476986.12,383524786,0,,2017-04-28,600552,凯盛科技
2017-06-30,-5.43607998,27844,30075,-2231,-7.418121363259,212671.408412584,27548.1098980032,5921622695.84,767049572,383524786,分红派息,2017-08-26,600552,凯盛科技
2017-09-30,21.50259067,24688,27844,-3156,-11.334578365177,291434.096944264,31069.7331497084,7194924985.36,767049572,0,,2017-10-31,600552,凯盛科技
2017-12-31,-21.42857143,23555,24688,-1133,-4.589274141283,239998.104251327,32564.1932498408,5653155345.64,767049572,0,,2018-04-20,600552,凯盛科技
2018-03-31,-5.97014925,28453,23555,4898,20.79388664827,186822.25192282,26958.4779109408,5315653533.96,767049572,0,,2018-04-28,600552,凯盛科技
2018-06-30,-35.64213564,28877,28453,424,1.490176782765,118469.407872009,26562.6475049347,3421041091.12,767049572,0,,2018-08-30,600552,凯盛科技
2018-09-30,-6.95067265,30840,28877,1963,6.797797555148,103218.408683528,24871.9057068742,3183255723.8,767049572,0,,2018-10-30,600552,凯盛科技
2018-12-31,-11.56626506,29661,30840,-1179,-3.822957198444,94516.5129634874,25753.8182461819,2803454291.01,763884003,-3165569,资产重组,2019-03-15,600552,凯盛科技
2019-02-28,58.58310627,48511,29661,18850,63.551464886551,91645.294829214,15746.6142318237,4445804897.46,763884003,0,,2019-03-15,600552,凯盛科技
2019-03-31,-4.29553265,46006,48511,-2505,-5.163777287625,92484.3258859714,16604.0082380559,4254833896.71,763884003,0,,2019-04-30,600552,凯盛科技
2019-06-30,-12.38779174,43820,46006,-2186,-4.751554145112,85069.6927120037,17432.3140803286,3727753934.64,763884003,0,,2019-08-30,600552,凯盛科技
2019-09-30,13.31967213,40088,43820,-3732,-8.51665905979,105375.138110906,19055.1786818998,4224278536.59,763884003,0,,2019-10-30,600552,凯盛科技
2019-12-31,6.32911392,37663,40088,-2425,-6.049191778088,119258.634140669,20282.0806361681,4491637937.64,763884003,0,,2020-04-29,600552,凯盛科技
2020-03-31,-12.92517007,35915,37663,-1748,-4.641159758915,108898.401652791,21269.2190728108,3911086095.36,763884003,0,,2020-04-30,600552,凯盛科技
2020-06-30,26.953125,43312,35915,7397,20.595851315606,114639.03813031,17636.7750969708,4965246019.5,763884003,0,,2020-08-21,600552,凯盛科技
2020-09-30,-2.77872234,34032,43312,-9280,-21.425932766901,139838.896882052,22446.0508638928,4758997338.69,763884003,0,,2020-10-30,600552,凯盛科技
2020-12-31,10.43338684,35964,34032,1932,5.677009873061,146132.85342676,21240.240323657,5255521940.64,763884003,0,,2021-03-31,600552,凯盛科技
2021-02-28,7.12209302,34209,35964,-1755,-4.87987987988,164571.460788389,22329.9132684381,5629825102.11,763884003,0,,2021-03-31,600552,凯盛科技
2021-03-31,12.48303935,35470,34209,1261,3.686164459645,178533.926835918,21536.0587256837,6332598384.87,763884003,0,,2021-04-28,600552,凯盛科技
2021-06-30,-15.89162856,34700,35470,-770,-2.170848604454,152336.521635735,22013.9482132565,5286077300.76,763884003,0,,2021-08-10,600552,凯盛科技
2021-09-30,31.21387283,31920,34700,-2780,-8.011527377522,217295.324161654,23931.2031015038,6936066747.24,763884003,0,,2021-10-30,600552,凯盛科技
2021-12-31,29.07488987,30922,31920,-998,-3.12656641604,289525.920547183,24703.5768384969,8952720515.16,763884003,0,,2022-03-10,600552,凯盛科技
2022-02-28,-6.05802048,32996,30922,2074,6.707198758166,254890.376804158,23150.8062492423,8410362873.03,763884003,0,,2022-03-10,600552,凯盛科技
2022-03-31,-6.72116258,34753,32996,1757,5.324887865196,225738.460300118,21980.3758812189,7845088710.81,763884003,0,,2022-04-26,600552,凯盛科技
2022-06-30,11.71602793,33553,34753,-1200,-3.452939314592,257944.31955384,22766.4889279647,8654805753.99,763884003,0,,2022-08-26,600552,凯盛科技
2022-09-30,-24.53662842,32979,33553,-574,-1.710726313593,198041.427139998,23162.7400163741,6531208225.65,763884003,0,,2022-10-31,600552,凯盛科技
2022-12-31,8.07017544,30669,32979,-2310,-7.00445738197,284592.510370733,30800.0552349278,8728167700.56,944606894,180722891,发行融资,2023-04-12,600552,凯盛科技
2023-03-31,26.62337662,33074,30669,2405,7.84179464606,334156.759381992,28560.4067847856,11051900659.8,944606894,0,,2023-04-28,600552,凯盛科技
2023-06-30,1.63466344,33668,33074,594,1.795972667352,332189.189288345,28056.5193655697,11184145624.96,944606894,0,,2023-08-29,600552,凯盛科技
2023-09-30,-6.84121622,32123,33668,-1545,-4.588927171201,324347.478156461,29405.9363695794,10419014040.82,944606894,0,,2023-10-31,600552,凯盛科技
2023-12-31,20.85222121,29063,32123,-3060,-9.525884879993,433252.241579328,32502.0436293569,12591609897.02,944606894,0,,2024-04-19,600552,凯盛科技
2024-03-31,-1.95048762,31347,29063,2284,7.858789526202,393849.877327336,30133.8850288704,12346012104.58,944606894,0,,2024-04-30,600552,凯盛科技
2024-06-30,-27.85003826,36089,31347,4742,15.127444412544,246824.323489706,26174.3715259497,8907643010.42,944606894,0,,2024-08-30,600552,凯盛科技
2024-09-30,34.04350085,75044,36089,38955,107.941478012691,158223.291103619,12587.3739939236,11873708657.58,944606894,0,,2024-10-31,600552,凯盛科技
2024-12-31,-9.2283214,64974,75044,-10070,-13.41879430734,165881.193408748,14538.2290454643,10777964660.54,944606894,0,,2025-03-28,600552,凯盛科技
2025-02-28,12.971078,73062,64974,8088,12.448056145535,166652.745115929,12928.839807287,12175982863.66,944606894,0,,2025-03-28,600552,凯盛科技
2025-03-31,-8.06826998,64357,73062,-8705,-11.914538337303,173929.668783505,14677.6091800426,11193591693.9,944606894,0,,2025-04-30,600552,凯盛科技
2025-06-30,-4.20352449,64286,64357,-71,-0.110322109483,166040.16274461,14693.8197119124,10674057902.2,944606894,0,,2025-08-30,600552,凯盛科技
2025-09-30,14.95575221,52484,64286,-11802,-18.358585072955,233793.985844448,17997.9973706272,12270443553.06,944606894,0,,2025-10-31,600552,凯盛科技
2025-12-31,-4.54195535,56832,52484,4348,8.284429540431,206100.884811374,16621.0390976914,11713125485.6,944606894,0,,2026-03-31,600552,凯盛科技
2026-02-28,21.29032258,57340,56832,508,0.893862612613,247765.742688525,16473.7860830136,14206887685.76,944606894,0,,2026-03-31,600552,凯盛科技
2026-03-31,-21.14361702,58597,57340,1257,2.192186955005,191187.906596583,16120.3968462549,11203037762.84,944606894,0,,2026-04-30,600552,凯盛科技
