mode,tag,signal,trade_from,rank,symbol,name,score,thr,weight
cum,2020-05,2020-04-30,2020-05-01,1,sh603005,晶方科技,135.5374,0.0250,0.3000
cum,2020-05,2020-04-30,2020-05-01,2,sz002498,汉缆股份,126.4518,0.0250,0.3000
cum,2020-05,2020-04-30,2020-05-01,3,sh603301,振德医疗,110.9867,0.0250,0.3000
cum,2020-06,2020-05-31,2020-06-01,1,sh603301,振德医疗,123.1755,0.0200,0.3000
cum,2020-06,2020-05-31,2020-06-01,2,sz002400,省广集团,115.2026,0.0250,0.3000
cum,2020-06,2020-05-31,2020-06-01,3,sz002185,华天科技,110.1686,0.0300,0.3000
cum,2020-07,2020-06-30,2020-07-01,1,sh603301,振德医疗,157.5958,0.0250,0.3000
cum,2020-07,2020-06-30,2020-07-01,2,sh600185,珠免集团,156.4475,0.0250,0.3000
cum,2020-07,2020-06-30,2020-07-01,3,sh603881,数据港,149.4916,0.0200,0.3000
cum,2020-08,2020-07-31,2020-08-01,1,sh600211,西藏药业,260.0757,0.0300,0.3000
cum,2020-08,2020-07-31,2020-08-01,2,sz002683,广东宏大,200.4621,0.0300,0.3000
cum,2020-08,2020-07-31,2020-08-01,3,sh600185,珠免集团,198.0475,0.0250,0.3000
cum,2020-09,2020-08-31,2020-09-01,1,sh600988,赤峰黄金,284.2399,0.0250,0.3000
cum,2020-09,2020-08-31,2020-09-01,2,sh600211,西藏药业,200.2693,0.0300,0.3000
cum,2020-09,2020-08-31,2020-09-01,3,sz002683,广东宏大,198.4537,0.0300,0.3000
cum,2020-10,2020-09-30,2020-10-01,1,sh600988,赤峰黄金,256.1427,0.0250,0.3000
cum,2020-10,2020-09-30,2020-10-01,2,sh600211,西藏药业,206.4621,0.0300,0.3000
cum,2020-10,2020-09-30,2020-10-01,3,sz002747,埃斯顿,171.4415,0.0200,0.3000
cum,2020-11,2020-10-31,2020-11-01,1,sh600988,赤峰黄金,248.4591,0.0250,0.3000
cum,2020-11,2020-10-31,2020-11-01,2,sz002747,埃斯顿,215.2542,0.0250,0.3000
cum,2020-11,2020-10-31,2020-11-01,3,sh600211,西藏药业,183.8329,0.0300,0.3000
cum,2020-12,2020-11-30,2020-12-01,1,sh600988,赤峰黄金,243.6049,0.0250,0.3000
cum,2020-12,2020-11-30,2020-12-01,2,sz002747,埃斯顿,201.2627,0.0250,0.3000
cum,2020-12,2020-11-30,2020-12-01,3,sz002185,华天科技,190.2927,0.0300,0.3000
cum,2021-01,2020-12-31,2021-01-01,1,sh603025,大豪科技,265.6272,0.0200,0.3000
cum,2021-01,2020-12-31,2021-01-01,2,sh600316,洪都航空,260.4926,0.0300,0.3000
cum,2021-01,2020-12-31,2021-01-01,3,sz002747,埃斯顿,246.2147,0.0250,0.3000
cum,2021-02,2021-01-31,2021-02-01,1,sz002747,埃斯顿,272.5353,0.0250,0.3000
cum,2021-02,2021-01-31,2021-02-01,2,sh603025,大豪科技,235.6539,0.0200,0.3000
cum,2021-02,2021-01-31,2021-02-01,3,sz000762,西藏矿业,225.4438,0.0300,0.3000
cum,2021-03,2021-02-28,2021-03-01,1,sz002747,埃斯顿,285.9452,0.0250,0.3000
cum,2021-03,2021-02-28,2021-03-01,2,sh600988,赤峰黄金,253.7250,0.0250,0.3000
cum,2021-03,2021-02-28,2021-03-01,3,sh603638,艾迪精密,201.4949,0.0300,0.3000
cum,2021-04,2021-03-31,2021-04-01,1,sz002747,埃斯顿,285.7466,0.0250,0.3000
cum,2021-04,2021-03-31,2021-04-01,2,sh600988,赤峰黄金,221.7344,0.0250,0.3000
cum,2021-04,2021-03-31,2021-04-01,3,sz000762,西藏矿业,206.7859,0.0200,0.3000
cum,2021-05,2021-04-30,2021-05-01,1,sz002747,埃斯顿,278.0451,0.0250,0.3000
cum,2021-05,2021-04-30,2021-05-01,2,sh600211,西藏药业,214.1170,0.0300,0.3000
cum,2021-05,2021-04-30,2021-05-01,3,sh600988,赤峰黄金,213.2459,0.0250,0.3000
cum,2021-06,2021-05-31,2021-06-01,1,sh603025,大豪科技,313.9353,0.0200,0.3000
cum,2021-06,2021-05-31,2021-06-01,2,sz000762,西藏矿业,309.8357,0.0300,0.3000
cum,2021-06,2021-05-31,2021-06-01,3,sz002747,埃斯顿,283.2806,0.0250,0.3000
cum,2021-07,2021-06-30,2021-07-01,1,sh603026,石大胜华,360.7564,0.0250,0.3000
cum,2021-07,2021-06-30,2021-07-01,2,sz002747,埃斯顿,326.4905,0.0300,0.3000
cum,2021-07,2021-06-30,2021-07-01,3,sz000762,西藏矿业,297.1178,0.0300,0.3000
cum,2021-08,2021-07-31,2021-08-01,1,sz000762,西藏矿业,557.0069,0.0300,0.3000
cum,2021-08,2021-07-31,2021-08-01,2,sh603026,石大胜华,333.7515,0.0250,0.3000
cum,2021-08,2021-07-31,2021-08-01,3,sz002747,埃斯顿,307.5635,0.0300,0.3000
cum,2021-09,2021-08-31,2021-09-01,1,sz000762,西藏矿业,734.6168,0.0300,0.3000
cum,2021-09,2021-08-31,2021-09-01,2,sh603026,石大胜华,332.3605,0.0300,0.3000
cum,2021-09,2021-08-31,2021-09-01,3,sz002335,科华数据,305.2633,0.0300,0.3000
cum,2021-10,2021-09-30,2021-10-01,1,sz000762,西藏矿业,612.8580,0.0300,0.3000
cum,2021-10,2021-09-30,2021-10-01,2,sz002335,科华数据,295.6997,0.0300,0.3000
cum,2021-10,2021-09-30,2021-10-01,3,sh603026,石大胜华,293.9792,0.0300,0.3000
cum,2021-11,2021-10-31,2021-11-01,1,sz000762,西藏矿业,607.1618,0.0300,0.3000
cum,2021-11,2021-10-31,2021-11-01,2,sz002335,科华数据,360.1486,0.0300,0.3000
cum,2021-11,2021-10-31,2021-11-01,3,sh603026,石大胜华,339.0771,0.0300,0.3000
cum,2021-12,2021-11-30,2021-12-01,1,sz000762,西藏矿业,755.5855,0.0300,0.3000
cum,2021-12,2021-11-30,2021-12-01,2,sz002335,科华数据,397.8496,0.0300,0.3000
cum,2021-12,2021-11-30,2021-12-01,3,sh603026,石大胜华,394.4459,0.0300,0.3000
cum,2022-01,2021-12-31,2022-01-01,1,sz000762,西藏矿业,725.2334,0.0300,0.3000
cum,2022-01,2021-12-31,2022-01-01,2,sz002738,中矿资源,377.0709,0.0300,0.3000
cum,2022-01,2021-12-31,2022-01-01,3,sh603026,石大胜华,374.1605,0.0300,0.3000
cum,2022-02,2022-01-31,2022-02-01,1,sz000762,西藏矿业,733.4595,0.0300,0.3000
cum,2022-02,2022-01-31,2022-02-01,2,sh600773,西藏城投,386.1746,0.0250,0.3000
cum,2022-02,2022-01-31,2022-02-01,3,sz002432,九安医疗,376.3395,0.0250,0.3000
cum,2022-03,2022-02-28,2022-03-01,1,sz000762,西藏矿业,707.4489,0.0300,0.3000
cum,2022-03,2022-02-28,2022-03-01,2,sz002738,中矿资源,458.7388,0.0250,0.3000
cum,2022-03,2022-02-28,2022-03-01,3,sh600773,西藏城投,364.1557,0.0250,0.3000
cum,2022-04,2022-03-31,2022-04-01,1,sz000762,西藏矿业,596.3309,0.0300,0.3000
cum,2022-04,2022-03-31,2022-04-01,2,sz002738,中矿资源,374.1266,0.0250,0.3000
cum,2022-04,2022-03-31,2022-04-01,3,sz002432,九安医疗,348.7499,0.0250,0.3000
cum,2022-05,2022-04-30,2022-05-01,1,sz000762,西藏矿业,697.2885,0.0300,0.3000
cum,2022-05,2022-04-30,2022-05-01,2,sz002738,中矿资源,404.6029,0.0250,0.3000
cum,2022-05,2022-04-30,2022-05-01,3,sz002432,九安医疗,388.8884,0.0250,0.3000
cum,2022-06,2022-05-31,2022-06-01,1,sz000762,西藏矿业,898.3291,0.0300,0.3000
cum,2022-06,2022-05-31,2022-06-01,2,sz002738,中矿资源,548.8052,0.0250,0.3000
cum,2022-06,2022-05-31,2022-06-01,3,sh600773,西藏城投,361.4924,0.0250,0.3000
cum,2022-07,2022-06-30,2022-07-01,1,sz000762,西藏矿业,886.8633,0.0300,0.3000
cum,2022-07,2022-06-30,2022-07-01,2,sz002738,中矿资源,617.9987,0.0250,0.3000
cum,2022-07,2022-06-30,2022-07-01,3,sz002335,科华数据,445.5079,0.0300,0.3000
cum,2022-08,2022-07-31,2022-08-01,1,sz000762,西藏矿业,701.8445,0.0300,0.3000
cum,2022-08,2022-07-31,2022-08-01,2,sz002738,中矿资源,665.2533,0.0250,0.3000
cum,2022-08,2022-07-31,2022-08-01,3,sz002335,科华数据,542.6482,0.0300,0.3000
cum,2022-09,2022-08-31,2022-09-01,1,sz000762,西藏矿业,642.1398,0.0300,0.3000
cum,2022-09,2022-08-31,2022-09-01,2,sz002738,中矿资源,570.1182,0.0300,0.3000
cum,2022-09,2022-08-31,2022-09-01,3,sz002965,祥鑫科技,549.1118,0.0300,0.3000
cum,2022-10,2022-09-30,2022-10-01,1,sz000762,西藏矿业,651.5789,0.0300,0.3000
cum,2022-10,2022-09-30,2022-10-01,2,sz002335,科华数据,569.2396,0.0300,0.3000
cum,2022-10,2022-09-30,2022-10-01,3,sz002738,中矿资源,549.4568,0.0300,0.3000
cum,2022-11,2022-10-31,2022-11-01,1,sz000762,西藏矿业,632.9650,0.0300,0.3000
cum,2022-11,2022-10-31,2022-11-01,2,sz002335,科华数据,566.8530,0.0300,0.3000
cum,2022-11,2022-10-31,2022-11-01,3,sz002738,中矿资源,486.1786,0.0300,0.3000
cum,2022-12,2022-11-30,2022-12-01,1,sz000762,西藏矿业,822.4246,0.0300,0.3000
cum,2022-12,2022-11-30,2022-12-01,2,sz002335,科华数据,611.3270,0.0300,0.3000
cum,2022-12,2022-11-30,2022-12-01,3,sh600773,西藏城投,518.2609,0.0250,0.3000
cum,2023-01,2022-12-31,2023-01-01,1,sz002335,科华数据,743.1324,0.0300,0.3000
cum,2023-01,2022-12-31,2023-01-01,2,sz000762,西藏矿业,694.3784,0.0300,0.3000
cum,2023-01,2022-12-31,2023-01-01,3,sz002965,祥鑫科技,447.2424,0.0300,0.3000
cum,2023-02,2023-01-31,2023-02-01,1,sz000762,西藏矿业,800.9420,0.0300,0.3000
cum,2023-02,2023-01-31,2023-02-01,2,sz002335,科华数据,678.1018,0.0300,0.3000
cum,2023-02,2023-01-31,2023-02-01,3,sz002738,中矿资源,505.0100,0.0300,0.3000
cum,2023-03,2023-02-28,2023-03-01,1,sz000762,西藏矿业,732.5754,0.0300,0.3000
cum,2023-03,2023-02-28,2023-03-01,2,sz002335,科华数据,590.1413,0.0300,0.3000
cum,2023-03,2023-02-28,2023-03-01,3,sz002738,中矿资源,505.0100,0.0300,0.3000
cum,2023-04,2023-03-31,2023-04-01,1,sz000762,西藏矿业,732.5754,0.0300,0.3000
cum,2023-04,2023-03-31,2023-04-01,2,sz002335,科华数据,624.7437,0.0300,0.3000
cum,2023-04,2023-03-31,2023-04-01,3,sz002738,中矿资源,469.8416,0.0300,0.3000
cum,2023-05,2023-04-30,2023-05-01,1,sz000762,西藏矿业,668.4745,0.0300,0.3000
cum,2023-05,2023-04-30,2023-05-01,2,sz002335,科华数据,553.9839,0.0300,0.3000
cum,2023-05,2023-04-30,2023-05-01,3,sz002738,中矿资源,517.5869,0.0300,0.3000
cum,2023-06,2023-05-31,2023-06-01,1,sz000762,西藏矿业,598.4311,0.0300,0.3000
cum,2023-06,2023-05-31,2023-06-01,2,sz002738,中矿资源,508.8798,0.0300,0.3000
cum,2023-06,2023-05-31,2023-06-01,3,sz002335,科华数据,486.2277,0.0300,0.3000
cum,2023-07,2023-06-30,2023-07-01,1,sz000762,西藏矿业,556.0397,0.0300,0.3000
cum,2023-07,2023-06-30,2023-07-01,2,sz002738,中矿资源,504.8382,0.0300,0.3000
cum,2023-07,2023-06-30,2023-07-01,3,sz002335,科华数据,424.3196,0.0300,0.3000
cum,2023-08,2023-07-31,2023-08-01,1,sz000762,西藏矿业,541.2354,0.0300,0.3000
cum,2023-08,2023-07-31,2023-08-01,2,sz002335,科华数据,496.2750,0.0300,0.3000
cum,2023-08,2023-07-31,2023-08-01,3,sz002738,中矿资源,479.5207,0.0300,0.3000
cum,2023-09,2023-08-31,2023-09-01,1,sz002335,科华数据,476.3307,0.0300,0.3000
cum,2023-09,2023-08-31,2023-09-01,2,sz000762,西藏矿业,474.6947,0.0300,0.3000
cum,2023-09,2023-08-31,2023-09-01,3,sz002738,中矿资源,473.8518,0.0300,0.3000
cum,2023-10,2023-09-30,2023-10-01,1,sz002335,科华数据,468.8304,0.0300,0.3000
cum,2023-10,2023-09-30,2023-10-01,2,sz002738,中矿资源,462.3306,0.0300,0.3000
cum,2023-10,2023-09-30,2023-10-01,3,sz000762,西藏矿业,434.7670,0.0300,0.3000
cum,2023-11,2023-10-31,2023-11-01,1,sz002738,中矿资源,516.0614,0.0300,0.3000
cum,2023-11,2023-10-31,2023-11-01,2,sz000762,西藏矿业,461.3604,0.0300,0.3000
cum,2023-11,2023-10-31,2023-11-01,3,sz002335,科华数据,422.0401,0.0300,0.3000
cum,2023-12,2023-11-30,2023-12-01,1,sz002738,中矿资源,456.4564,0.0300,0.3000
cum,2023-12,2023-11-30,2023-12-01,2,sz000762,西藏矿业,439.3944,0.0300,0.3000
cum,2023-12,2023-11-30,2023-12-01,3,sz002335,科华数据,428.7565,0.0300,0.3000
cum,2024-01,2023-12-31,2024-01-01,1,sz000762,西藏矿业,538.7720,0.0300,0.3000
cum,2024-01,2023-12-31,2024-01-01,2,sz002738,中矿资源,521.6172,0.0300,0.3000
cum,2024-01,2023-12-31,2024-01-01,3,sh600773,西藏城投,400.1472,0.0250,0.3000
cum,2024-02,2024-01-31,2024-02-01,1,sz002738,中矿资源,450.8289,0.0300,0.3000
cum,2024-02,2024-01-31,2024-02-01,2,sz000762,西藏矿业,433.3925,0.0300,0.3000
cum,2024-02,2024-01-31,2024-02-01,3,sh600773,西藏城投,363.5562,0.0250,0.3000
cum,2024-03,2024-02-29,2024-03-01,1,sz002738,中矿资源,594.9201,0.0300,0.3000
cum,2024-03,2024-02-29,2024-03-01,2,sz000762,西藏矿业,539.2841,0.0300,0.3000
cum,2024-03,2024-02-29,2024-03-01,3,sz002335,科华数据,414.7089,0.0300,0.3000
cum,2024-04,2024-03-31,2024-04-01,1,sz002738,中矿资源,588.7204,0.0300,0.3000
cum,2024-04,2024-03-31,2024-04-01,2,sz000762,西藏矿业,503.0439,0.0300,0.3000
cum,2024-04,2024-03-31,2024-04-01,3,sz002335,科华数据,495.8890,0.0300,0.3000
cum,2024-05,2024-04-30,2024-05-01,1,sz002738,中矿资源,703.6754,0.0300,0.3000
cum,2024-05,2024-04-30,2024-05-01,2,sh600773,西藏城投,522.5579,0.0250,0.3000
cum,2024-05,2024-04-30,2024-05-01,3,sz002335,科华数据,494.7134,0.0300,0.3000
cum,2024-06,2024-05-31,2024-06-01,1,sz002738,中矿资源,598.6393,0.0300,0.3000
cum,2024-06,2024-05-31,2024-06-01,2,sh600773,西藏城投,509.3653,0.0250,0.3000
cum,2024-06,2024-05-31,2024-06-01,3,sz000762,西藏矿业,466.9930,0.0300,0.3000
cum,2024-07,2024-06-30,2024-07-01,1,sz002738,中矿资源,583.2645,0.0300,0.3000
cum,2024-07,2024-06-30,2024-07-01,2,sz000762,西藏矿业,453.5474,0.0300,0.3000
cum,2024-07,2024-06-30,2024-07-01,3,sz002335,科华数据,446.4628,0.0250,0.3000
cum,2024-08,2024-07-31,2024-08-01,1,sz002738,中矿资源,569.4300,0.0300,0.3000
cum,2024-08,2024-07-31,2024-08-01,2,sh600773,西藏城投,465.8023,0.0250,0.3000
cum,2024-08,2024-07-31,2024-08-01,3,sz000762,西藏矿业,457.0477,0.0300,0.3000
cum,2024-09,2024-08-31,2024-09-01,1,sz002738,中矿资源,608.7837,0.0300,0.3000
cum,2024-09,2024-08-31,2024-09-01,2,sz000762,西藏矿业,478.1894,0.0300,0.3000
cum,2024-09,2024-08-31,2024-09-01,3,sz002335,科华数据,438.3436,0.0250,0.3000
cum,2024-10,2024-09-30,2024-10-01,1,sz002738,中矿资源,766.3593,0.0300,0.3000
cum,2024-10,2024-09-30,2024-10-01,2,sz002335,科华数据,571.9250,0.0250,0.3000
cum,2024-10,2024-09-30,2024-10-01,3,sz000762,西藏矿业,529.4602,0.0300,0.3000
cum,2024-11,2024-10-31,2024-11-01,1,sz002738,中矿资源,854.5659,0.0300,0.3000
cum,2024-11,2024-10-31,2024-11-01,2,sz002335,科华数据,655.5477,0.0250,0.3000
cum,2024-11,2024-10-31,2024-11-01,3,sh600552,凯盛科技,523.1584,0.0250,0.3000
cum,2024-12,2024-11-30,2024-12-01,1,sz002738,中矿资源,969.1754,0.0300,0.3000
cum,2024-12,2024-11-30,2024-12-01,2,sz002335,科华数据,589.1010,0.0250,0.3000
cum,2024-12,2024-11-30,2024-12-01,3,sh600552,凯盛科技,553.5181,0.0250,0.3000
cum,2025-01,2024-12-31,2025-01-01,1,sz002738,中矿资源,923.0799,0.0300,0.3000
cum,2025-01,2024-12-31,2025-01-01,2,sz002335,科华数据,732.9171,0.0250,0.3000
cum,2025-01,2024-12-31,2025-01-01,3,sh603306,华懋科技,585.4028,0.0250,0.3000
cum,2025-02,2025-01-31,2025-02-01,1,sz002738,中矿资源,982.6157,0.0300,0.3000
cum,2025-02,2025-01-31,2025-02-01,2,sh603306,华懋科技,771.9765,0.0250,0.3000
cum,2025-02,2025-01-31,2025-02-01,3,sz002335,科华数据,760.1967,0.0250,0.3000
cum,2025-03,2025-02-28,2025-03-01,1,sz002335,科华数据,1011.1843,0.0250,0.3000
cum,2025-03,2025-02-28,2025-03-01,2,sz002738,中矿资源,888.0622,0.0300,0.3000
cum,2025-03,2025-02-28,2025-03-01,3,sh603306,华懋科技,789.1289,0.0250,0.3000
cum,2025-04,2025-03-31,2025-04-01,1,sz002335,科华数据,939.2493,0.0250,0.3000
cum,2025-04,2025-03-31,2025-04-01,2,sz002738,中矿资源,848.1782,0.0300,0.3000
cum,2025-04,2025-03-31,2025-04-01,3,sh603306,华懋科技,770.3132,0.0250,0.3000
cum,2025-05,2025-04-30,2025-05-01,1,sz002335,科华数据,950.9260,0.0250,0.3000
cum,2025-05,2025-04-30,2025-05-01,2,sz002738,中矿资源,827.0225,0.0300,0.3000
cum,2025-05,2025-04-30,2025-05-01,3,sh603306,华懋科技,715.0991,0.0250,0.3000
cum,2025-06,2025-05-31,2025-06-01,1,sz002335,科华数据,873.5592,0.0250,0.3000
cum,2025-06,2025-05-31,2025-06-01,2,sh603306,华懋科技,840.5186,0.0250,0.3000
cum,2025-06,2025-05-31,2025-06-01,3,sz002738,中矿资源,836.8832,0.0300,0.3000
cum,2025-07,2025-06-30,2025-07-01,1,sz002335,科华数据,939.9825,0.0250,0.3000
cum,2025-07,2025-06-30,2025-07-01,2,sz002738,中矿资源,917.9258,0.0300,0.3000
cum,2025-07,2025-06-30,2025-07-01,3,sh603306,华懋科技,752.9333,0.0250,0.3000
cum,2025-08,2025-07-31,2025-08-01,1,sz002738,中矿资源,1045.7829,0.0300,0.3000
cum,2025-08,2025-07-31,2025-08-01,2,sz002335,科华数据,965.8954,0.0250,0.3000
cum,2025-08,2025-07-31,2025-08-01,3,sz002290,禾盛新材,726.7896,0.0300,0.3000
cum,2025-09,2025-08-31,2025-09-01,1,sz002335,科华数据,1291.4296,0.0250,0.3000
cum,2025-09,2025-08-31,2025-09-01,2,sz002738,中矿资源,1180.9039,0.0300,0.3000
cum,2025-09,2025-08-31,2025-09-01,3,sh603083,剑桥科技,882.3973,0.0200,0.3000
cum,2025-10,2025-09-30,2025-10-01,1,sh603083,剑桥科技,1288.0923,0.0200,0.3000
cum,2025-10,2025-09-30,2025-10-01,2,sz002738,中矿资源,1232.7793,0.0300,0.3000
cum,2025-10,2025-09-30,2025-10-01,3,sz002335,科华数据,1203.9018,0.0250,0.3000
cum,2025-11,2025-10-31,2025-11-01,1,sz002738,中矿资源,1516.4027,0.0300,0.3000
cum,2025-11,2025-10-31,2025-11-01,2,sh603083,剑桥科技,1254.5692,0.0200,0.3000
cum,2025-11,2025-10-31,2025-11-01,3,sz002335,科华数据,1080.3881,0.0250,0.3000
cum,2025-12,2025-11-30,2025-12-01,1,sh603083,剑桥科技,1577.2212,0.0200,0.3000
cum,2025-12,2025-11-30,2025-12-01,2,sz002738,中矿资源,1559.3469,0.0300,0.3000
cum,2025-12,2025-11-30,2025-12-01,3,sz002335,科华数据,1117.9485,0.0250,0.3000
cum,2026-01,2025-12-31,2026-01-01,1,sh603083,剑桥科技,1648.5892,0.0200,0.3000
cum,2026-01,2025-12-31,2026-01-01,2,sz002738,中矿资源,1594.2888,0.0300,0.3000
cum,2026-01,2025-12-31,2026-01-01,3,sh600105,永鼎股份,1250.8613,0.0300,0.3000
cum,2026-02,2026-01-31,2026-02-01,1,sz002290,禾盛新材,1594.8071,0.0300,0.3000
cum,2026-02,2026-01-31,2026-02-01,2,sz002738,中矿资源,1433.1084,0.0300,0.3000
cum,2026-02,2026-01-31,2026-02-01,3,sh603083,剑桥科技,1359.1484,0.0200,0.3000
cum,2026-03,2026-02-28,2026-03-01,1,sz002290,禾盛新材,1610.9210,0.0300,0.3000
cum,2026-03,2026-02-28,2026-03-01,2,sz002738,中矿资源,1454.9445,0.0300,0.3000
cum,2026-03,2026-02-28,2026-03-01,3,sh600105,永鼎股份,1414.6743,0.0300,0.3000
cum,2026-04,2026-03-31,2026-04-01,1,sz002290,禾盛新材,1549.3316,0.0300,0.3000
cum,2026-04,2026-03-31,2026-04-01,2,sz001309,德明利,1446.0384,0.0300,0.3000
cum,2026-04,2026-03-31,2026-04-01,3,sh603083,剑桥科技,1336.0657,0.0200,0.3000
cum,2026-05,2026-04-30,2026-05-01,1,sh600105,永鼎股份,1917.0122,0.0300,0.3000
cum,2026-05,2026-04-30,2026-05-01,2,sz002290,禾盛新材,1772.9042,0.0300,0.3000
cum,2026-05,2026-04-30,2026-05-01,3,sh603083,剑桥科技,1668.1685,0.0200,0.3000
cum,2026-06,2026-05-31,2026-06-01,1,sz002290,禾盛新材,2428.7025,0.0300,0.3000
cum,2026-06,2026-05-31,2026-06-01,2,sh603083,剑桥科技,2002.4198,0.0200,0.3000
cum,2026-06,2026-05-31,2026-06-01,3,sh600105,永鼎股份,1875.5915,0.0300,0.3000
cum,2026-07,2026-06-30,2026-07-01,1,sh600105,永鼎股份,2499.5498,0.0300,0.3000
cum,2026-07,2026-06-30,2026-07-01,2,sz002290,禾盛新材,2346.3081,0.0300,0.3000
cum,2026-07,2026-06-30,2026-07-01,3,sh603083,剑桥科技,2110.3293,0.0200,0.3000
cum,2026-08,2026-07-31,2026-08-01,1,sz002290,禾盛新材,2129.6932,0.0300,0.3000
cum,2026-08,2026-07-31,2026-08-01,2,sh603083,剑桥科技,1794.3033,0.0200,0.3000
cum,2026-08,2026-07-31,2026-08-01,3,sh600105,永鼎股份,1529.2014,0.0300,0.3000
