lag_months,select_excess_mean,fwd_cum_excess_mean,decay_mean,n_samples
1,2.5767142611171416,-0.009820940447143512,-2.586535201564285,68
2,2.5600778505448276,0.23752333780008855,-2.3225545127447393,67
3,2.550436746300444,0.6376283547355611,-1.912808391564883,66
4,2.555316279883351,1.0436947563331134,-1.511621523550238,65
5,2.570148517643171,1.36747632362847,-1.2026721940147014,64
6,2.58533689679242,1.669271405023105,-0.9160654917693154,63
7,2.610067110148822,1.6941817899678744,-0.9158853201809478,62
8,2.63569764113905,1.5497909912049852,-1.085906649934065,61
9,2.6636281711800835,1.8500753909355097,-0.8135527802445737,60
10,2.6850798843363224,1.8516108004752858,-0.8334690838610368,59
11,2.712156845073739,1.7431643606963805,-0.9689924843773586,58
12,2.733053329650437,1.8555836585373149,-0.8774696711131222,57
