月份,标的,模式,策略%,平权持有%,超额%
2020-01,凯盛科技,F1,-5.45,-2.96,-2.48
2020-01,凯盛科技,S7_F1F4,-5.45,-2.96,-2.48
2020-01,天通股份,F1,-4.6,7.79,-12.39
2020-01,天通股份,S7_F1F4,-4.6,7.79,-12.39
2020-01,组合,F1,-5.02,2.41,-7.44
2020-01,组合,S7_F1F4,-5.02,2.41,-7.44
2020-02,凯盛科技,F1,18.0,3.59,14.41
2020-02,凯盛科技,S7_F1F4,18.0,3.59,14.41
2020-02,天通股份,F1,23.5,9.0,14.5
2020-02,天通股份,S7_F1F4,23.5,9.0,14.5
2020-02,组合,F1,20.76,6.44,14.32
2020-02,组合,S7_F1F4,20.76,6.44,14.32
2020-03,凯盛科技,F1,-5.42,-15.77,10.35
2020-03,凯盛科技,S7_F1F4,-5.42,-15.77,10.35
2020-03,天通股份,F1,2.45,-19.35,21.79
2020-03,天通股份,S7_F1F4,2.45,-19.35,21.79
2020-03,组合,F1,-1.38,-17.7,16.32
2020-03,组合,S7_F1F4,-1.38,-17.7,16.32
2020-04,凯盛科技,F1,1.76,5.97,-4.21
2020-04,凯盛科技,S7_F1F4,1.76,5.97,-4.21
2020-04,天通股份,F1,2.87,14.56,-11.69
2020-04,天通股份,S7_F1F4,2.87,14.56,-11.69
2020-04,组合,F1,2.35,10.5,-8.15
2020-04,组合,S7_F1F4,2.35,10.5,-8.15
2020-05,凯盛科技,F1,0.43,-1.75,2.18
2020-05,凯盛科技,S7_F1F4,0.43,-1.75,2.18
2020-05,天通股份,F1,6.29,5.18,1.11
2020-05,天通股份,S7_F1F4,3.38,5.18,-1.8
2020-05,组合,F1,3.57,2.04,1.53
2020-05,组合,S7_F1F4,2.01,2.04,-0.03
2020-06,凯盛科技,F1,20.79,21.94,-1.14
2020-06,凯盛科技,S7_F1F4,20.79,21.94,-1.14
2020-06,天通股份,F1,3.71,8.05,-4.35
2020-06,天通股份,S7_F1F4,7.63,8.05,-0.42
2020-06,组合,F1,11.39,14.1,-2.71
2020-06,组合,S7_F1F4,13.64,14.1,-0.46
2020-07,凯盛科技,F1,4.44,4.7,-0.26
2020-07,凯盛科技,S7_F1F4,4.91,4.7,0.21
2020-07,天通股份,F1,16.52,11.9,4.62
2020-07,天通股份,S7_F1F4,10.37,11.9,-1.53
2020-07,组合,F1,10.63,8.55,2.08
2020-07,组合,S7_F1F4,7.72,8.55,-0.83
2020-08,凯盛科技,F1,-7.92,7.12,-15.04
2020-08,凯盛科技,S7_F1F4,2.82,7.12,-4.3
2020-08,天通股份,F1,-0.35,-0.93,0.58
2020-08,天通股份,S7_F1F4,-0.88,-0.93,0.05
2020-08,组合,F1,-3.83,2.69,-6.52
2020-08,组合,S7_F1F4,0.87,2.69,-1.82
2020-09,凯盛科技,F1,-4.25,-13.29,9.04
2020-09,凯盛科技,S7_F1F4,-12.54,-13.29,0.76
2020-09,天通股份,F1,-7.47,-10.46,2.99
2020-09,天通股份,S7_F1F4,-7.48,-10.46,2.98
2020-09,组合,F1,-6.05,-11.79,5.74
2020-09,组合,S7_F1F4,-9.92,-11.79,1.87
2020-10,凯盛科技,F1,0.0,-3.67,3.67
2020-10,凯盛科技,S7_F1F4,-0.83,-3.67,2.84
2020-10,天通股份,F1,-0.79,-7.19,6.41
2020-10,天通股份,S7_F1F4,-0.79,-7.19,6.41
2020-10,组合,F1,-0.43,-5.57,5.14
2020-10,组合,S7_F1F4,-0.81,-5.57,4.76
2020-11,凯盛科技,F1,4.06,6.75,-2.69
2020-11,凯盛科技,S7_F1F4,4.06,6.75,-2.69
2020-11,天通股份,F1,1.34,-0.56,1.9
2020-11,天通股份,S7_F1F4,1.33,-0.56,1.9
2020-11,组合,F1,2.57,2.87,-0.3
2020-11,组合,S7_F1F4,2.61,2.87,-0.26
2020-12,凯盛科技,F1,24.69,7.46,17.24
2020-12,凯盛科技,S7_F1F4,24.67,7.46,17.21
2020-12,天通股份,F1,7.78,10.73,-2.96
2020-12,天通股份,S7_F1F4,17.69,10.73,6.95
2020-12,组合,F1,15.52,9.14,6.38
2020-12,组合,S7_F1F4,21.0,9.14,11.86
2021-01,凯盛科技,F1,-9.22,2.56,-11.79
2021-01,凯盛科技,S7_F1F4,-0.25,2.56,-2.82
2021-01,天通股份,F1,-7.06,-0.71,-6.34
2021-01,天通股份,S7_F1F4,-0.68,-0.71,0.03
2021-01,组合,F1,-8.13,0.86,-8.99
2021-01,组合,S7_F1F4,-0.47,0.86,-1.33
2021-02,凯盛科技,F1,14.7,4.41,10.29
2021-02,凯盛科技,S7_F1F4,9.25,4.41,4.84
2021-02,天通股份,F1,-8.13,-6.78,-1.35
2021-02,天通股份,S7_F1F4,-2.7,-6.78,4.08
2021-02,组合,F1,3.01,-1.32,4.33
2021-02,组合,S7_F1F4,3.15,-1.32,4.47
2021-03,凯盛科技,F1,6.01,12.54,-6.52
2021-03,凯盛科技,S7_F1F4,1.85,12.54,-10.68
2021-03,天通股份,F1,-3.72,-10.25,6.54
2021-03,天通股份,S7_F1F4,-3.72,-10.25,6.54
2021-03,组合,F1,1.57,1.51,0.06
2021-03,组合,S7_F1F4,-0.83,1.51,-2.34
2021-04,凯盛科技,F1,-17.3,-12.64,-4.66
2021-04,凯盛科技,S7_F1F4,-18.74,-12.64,-6.1
2021-04,天通股份,F1,-4.05,-3.69,-0.36
2021-04,天通股份,S7_F1F4,-4.03,-3.69,-0.35
2021-04,组合,F1,-11.57,-8.81,-2.75
2021-04,组合,S7_F1F4,-11.87,-8.81,-3.06
2021-05,凯盛科技,F1,-8.44,-6.45,-2.0
2021-05,凯盛科技,S7_F1F4,-8.46,-6.45,-2.01
2021-05,天通股份,F1,8.95,9.44,-0.49
2021-05,天通股份,S7_F1F4,8.92,9.44,-0.52
2021-05,组合,F1,-0.28,0.73,-1.01
2021-05,组合,S7_F1F4,0.38,0.73,-0.34
2021-06,凯盛科技,F1,2.42,2.91,-0.48
2021-06,凯盛科技,S7_F1F4,2.42,2.91,-0.49
2021-06,天通股份,F1,4.86,11.42,-6.56
2021-06,天通股份,S7_F1F4,10.84,11.42,-0.58
2021-06,组合,F1,3.68,7.09,-3.41
2021-06,组合,S7_F1F4,7.07,7.09,-0.02
2021-07,凯盛科技,F1,18.71,36.76,-18.05
2021-07,凯盛科技,S7_F1F4,27.06,36.76,-9.69
2021-07,天通股份,F1,11.38,15.17,-3.79
2021-07,天通股份,S7_F1F4,14.47,15.17,-0.7
2021-07,组合,F1,14.91,25.74,-10.83
2021-07,组合,S7_F1F4,19.87,25.74,-5.87
2021-08,凯盛科技,F1,25.52,18.82,6.7
2021-08,凯盛科技,S7_F1F4,16.92,18.82,-1.9
2021-08,天通股份,F1,9.41,14.44,-5.03
2021-08,天通股份,S7_F1F4,10.71,14.44,-3.73
2021-08,组合,F1,17.42,16.78,0.64
2021-08,组合,S7_F1F4,13.53,16.78,-3.24
2021-09,凯盛科技,F1,-19.9,-19.32,-0.58
2021-09,凯盛科技,S7_F1F4,-10.32,-19.32,9.0
2021-09,天通股份,F1,-3.64,-19.05,15.41
2021-09,天通股份,S7_F1F4,-4.99,-19.05,14.05
2021-09,组合,F1,-12.28,-19.2,6.91
2021-09,组合,S7_F1F4,-7.49,-19.2,11.71
2021-10,凯盛科技,F1,-7.56,-7.83,0.27
2021-10,凯盛科技,S7_F1F4,-7.55,-7.83,0.28
2021-10,天通股份,F1,10.86,29.41,-18.55
2021-10,天通股份,S7_F1F4,10.84,29.41,-18.57
2021-10,组合,F1,1.92,9.27,-7.35
2021-10,组合,S7_F1F4,2.5,9.27,-6.77
2021-11,凯盛科技,F1,7.78,33.62,-25.84
2021-11,凯盛科技,S7_F1F4,10.76,33.62,-22.86
2021-11,天通股份,F1,29.74,18.26,11.49
2021-11,天通股份,S7_F1F4,24.01,18.26,5.75
2021-11,组合,F1,20.07,25.27,-5.19
2021-11,组合,S7_F1F4,18.59,25.27,-6.68
2021-12,凯盛科技,F1,17.33,4.88,12.44
2021-12,凯盛科技,S7_F1F4,14.89,4.88,10.01
2021-12,天通股份,F1,-6.29,1.28,-7.58
2021-12,天通股份,S7_F1F4,-1.62,1.28,-2.9
2021-12,组合,F1,3.04,3.04,0.0
2021-12,组合,S7_F1F4,4.69,3.04,1.65
2022-01,凯盛科技,F1,-10.07,-17.4,7.32
2022-01,凯盛科技,S7_F1F4,-13.26,-17.4,4.14
2022-01,天通股份,F1,-12.14,-18.03,5.89
2022-01,天通股份,S7_F1F4,-14.69,-18.03,3.33
2022-01,组合,F1,-11.21,-17.72,6.51
2022-01,组合,S7_F1F4,-14.09,-17.72,3.63
2022-02,凯盛科技,F1,4.17,13.72,-9.55
2022-02,凯盛科技,S7_F1F4,11.7,13.72,-2.02
2022-02,天通股份,F1,5.54,3.78,1.76
2022-02,天通股份,S7_F1F4,5.51,3.78,1.73
2022-02,组合,F1,4.92,8.73,-3.81
2022-02,组合,S7_F1F4,8.13,8.73,-0.6
2022-03,凯盛科技,F1,-4.13,-6.74,2.61
2022-03,凯盛科技,S7_F1F4,-4.15,-6.74,2.58
2022-03,天通股份,F1,-10.56,-16.28,5.72
2022-03,天通股份,S7_F1F4,-10.55,-16.28,5.74
2022-03,组合,F1,-7.65,-11.32,3.67
2022-03,组合,S7_F1F4,-7.75,-11.32,3.57
2022-04,凯盛科技,F1,5.68,-22.57,28.25
2022-04,凯盛科技,S7_F1F4,5.65,-22.57,28.22
2022-04,天通股份,F1,0.19,-27.35,27.54
2022-04,天通股份,S7_F1F4,0.24,-27.35,27.59
2022-04,组合,F1,2.77,-24.74,27.5
2022-04,组合,S7_F1F4,2.7,-24.74,27.43
2022-05,凯盛科技,F1,19.7,35.36,-15.66
2022-05,凯盛科技,S7_F1F4,19.76,35.36,-15.61
2022-05,天通股份,F1,14.8,17.24,-2.44
2022-05,天通股份,S7_F1F4,14.85,17.24,-2.38
2022-05,组合,F1,17.17,27.44,-10.27
2022-05,组合,S7_F1F4,17.14,27.44,-10.29
2022-06,凯盛科技,F1,13.87,6.6,7.27
2022-06,凯盛科技,S7_F1F4,12.48,6.6,5.88
2022-06,天通股份,F1,15.07,21.79,-6.72
2022-06,天通股份,S7_F1F4,19.85,21.79,-1.95
2022-06,组合,F1,14.48,12.71,1.77
2022-06,组合,S7_F1F4,16.33,12.71,3.62
2022-07,凯盛科技,F1,-12.17,-6.46,-5.7
2022-07,凯盛科技,S7_F1F4,-6.13,-6.46,0.33
2022-07,天通股份,F1,9.4,17.89,-8.49
2022-07,天通股份,S7_F1F4,15.74,17.89,-2.15
2022-07,组合,F1,-1.19,4.12,-5.31
2022-07,组合,S7_F1F4,5.63,4.12,1.51
2022-08,凯盛科技,F1,3.8,-4.22,8.02
2022-08,凯盛科技,S7_F1F4,2.66,-4.22,6.88
2022-08,天通股份,F1,-9.24,-14.96,5.72
2022-08,天通股份,S7_F1F4,-6.54,-14.96,8.42
2022-08,组合,F1,-3.55,-9.51,5.95
2022-08,组合,S7_F1F4,-2.77,-9.51,6.74
2022-09,凯盛科技,F1,-1.39,-15.83,14.44
2022-09,凯盛科技,S7_F1F4,-1.4,-15.83,14.43
2022-09,天通股份,F1,-4.09,-11.44,7.35
2022-09,天通股份,S7_F1F4,-4.1,-11.44,7.35
2022-09,组合,F1,-2.83,-13.8,10.98
2022-09,组合,S7_F1F4,-2.93,-13.8,10.88
2022-10,凯盛科技,F1,4.67,13.21,-8.54
2022-10,凯盛科技,S7_F1F4,4.69,13.21,-8.52
2022-10,天通股份,F1,3.92,16.68,-12.76
2022-10,天通股份,S7_F1F4,3.93,16.68,-12.76
2022-10,组合,F1,4.28,14.86,-10.58
2022-10,组合,S7_F1F4,4.26,14.86,-10.6
2022-11,凯盛科技,F1,0.15,5.05,-4.9
2022-11,凯盛科技,S7_F1F4,0.16,5.05,-4.89
2022-11,天通股份,F1,-4.47,-8.68,4.21
2022-11,天通股份,S7_F1F4,-8.24,-8.68,0.44
2022-11,组合,F1,-2.26,-1.58,-0.68
2022-11,组合,S7_F1F4,-4.52,-1.58,-2.95
2022-12,凯盛科技,F1,-2.64,-9.11,6.47
2022-12,凯盛科技,S7_F1F4,-2.63,-9.11,6.48
2022-12,天通股份,F1,1.3,-6.52,7.81
2022-12,天通股份,S7_F1F4,1.29,-6.52,7.81
2022-12,组合,F1,-0.63,-7.95,7.32
2022-12,组合,S7_F1F4,-0.53,-7.95,7.42
2023-01,凯盛科技,F1,8.81,11.67,-2.87
2023-01,凯盛科技,S7_F1F4,8.8,11.67,-2.87
2023-01,天通股份,F1,16.41,22.94,-6.53
2023-01,天通股份,S7_F1F4,16.42,22.94,-6.53
2023-01,组合,F1,12.76,16.8,-4.04
2023-01,组合,S7_F1F4,12.96,16.8,-3.84
2023-02,凯盛科技,F1,15.0,17.95,-2.95
2023-02,凯盛科技,S7_F1F4,17.28,17.95,-0.66
2023-02,天通股份,F1,-3.53,-5.43,1.9
2023-02,天通股份,S7_F1F4,-3.28,-5.43,2.16
2023-02,组合,F1,5.05,6.76,-1.7
2023-02,组合,S7_F1F4,5.71,6.76,-1.04
2023-03,凯盛科技,F1,-7.97,-3.85,-4.12
2023-03,凯盛科技,S7_F1F4,-10.9,-3.85,-7.06
2023-03,天通股份,F1,-1.71,-5.08,3.37
2023-03,天通股份,S7_F1F4,-1.71,-5.08,3.37
2023-03,组合,F1,-4.88,-4.37,-0.51
2023-03,组合,S7_F1F4,-6.17,-4.37,-1.8
2023-04,凯盛科技,F1,0.79,7.04,-6.25
2023-04,凯盛科技,S7_F1F4,6.68,7.04,-0.36
2023-04,天通股份,F1,-7.91,-9.82,1.92
2023-04,天通股份,S7_F1F4,-5.49,-9.82,4.34
2023-04,组合,F1,-3.64,-0.06,-3.58
2023-04,组合,S7_F1F4,0.12,-0.06,0.17
2023-05,凯盛科技,F1,-11.3,-11.37,0.07
2023-05,凯盛科技,S7_F1F4,-13.38,-11.37,-2.01
2023-05,天通股份,F1,0.99,-0.68,1.67
2023-05,天通股份,S7_F1F4,0.99,-0.68,1.67
2023-05,组合,F1,-5.32,-7.31,1.99
2023-05,组合,S7_F1F4,-6.06,-7.31,1.25
2023-06,凯盛科技,F1,-1.19,7.15,-8.34
2023-06,凯盛科技,S7_F1F4,-1.18,7.15,-8.33
2023-06,天通股份,F1,12.43,15.08,-2.65
2023-06,天通股份,S7_F1F4,4.23,15.08,-10.85
2023-06,组合,F1,5.88,10.38,-4.5
2023-06,组合,S7_F1F4,1.78,10.38,-8.59
2023-07,凯盛科技,F1,1.08,0.17,0.9
2023-07,凯盛科技,S7_F1F4,1.08,0.17,0.91
2023-07,天通股份,F1,-8.92,-11.15,2.23
2023-07,天通股份,S7_F1F4,-10.6,-11.15,0.55
2023-07,组合,F1,-4.44,-4.63,0.2
2023-07,组合,S7_F1F4,-5.47,-4.63,-0.84
2023-08,凯盛科技,F1,-4.18,-12.89,8.71
2023-08,凯盛科技,S7_F1F4,-4.2,-12.89,8.69
2023-08,天通股份,F1,-0.41,-10.15,9.75
2023-08,天通股份,S7_F1F4,-3.48,-10.15,6.67
2023-08,组合,F1,-2.2,-11.81,9.61
2023-08,组合,S7_F1F4,-3.82,-11.81,7.99
2023-09,凯盛科技,F1,6.61,6.76,-0.15
2023-09,凯盛科技,S7_F1F4,6.6,6.76,-0.17
2023-09,天通股份,F1,-0.21,-0.64,0.43
2023-09,天通股份,S7_F1F4,-0.21,-0.64,0.43
2023-09,组合,F1,2.96,3.78,-0.82
2023-09,组合,S7_F1F4,2.98,3.78,-0.8
2023-10,凯盛科技,F1,8.6,4.32,4.29
2023-10,凯盛科技,S7_F1F4,8.6,4.32,4.29
2023-10,天通股份,F1,-2.74,-8.69,5.95
2023-10,天通股份,S7_F1F4,-2.74,-8.69,5.95
2023-10,组合,F1,2.72,-0.7,3.42
2023-10,组合,S7_F1F4,2.76,-0.7,3.45
2023-11,凯盛科技,F1,5.0,12.5,-7.5
2023-11,凯盛科技,S7_F1F4,11.9,12.5,-0.6
2023-11,天通股份,F1,0.57,2.23,-1.66
2023-11,天通股份,S7_F1F4,0.57,2.23,-1.66
2023-11,组合,F1,2.83,8.86,-6.03
2023-11,组合,S7_F1F4,6.37,8.86,-2.49
2023-12,凯盛科技,F1,6.26,2.97,3.29
2023-12,凯盛科技,S7_F1F4,3.2,2.97,0.23
2023-12,天通股份,F1,-6.86,-2.3,-4.56
2023-12,天通股份,S7_F1F4,-6.87,-2.3,-4.57
2023-12,组合,F1,-0.04,1.22,-1.26
2023-12,组合,S7_F1F4,-1.44,1.22,-2.66
2024-01,凯盛科技,F1,-7.15,-26.9,19.75
2024-01,凯盛科技,S7_F1F4,-8.26,-26.9,18.64
2024-01,天通股份,F1,-11.19,-23.65,12.45
2024-01,天通股份,S7_F1F4,-11.21,-23.65,12.44
2024-01,组合,F1,-8.96,-25.85,16.9
2024-01,组合,S7_F1F4,-9.54,-25.85,16.31
2024-02,凯盛科技,F1,20.19,10.19,10.0
2024-02,凯盛科技,S7_F1F4,20.18,10.19,10.0
2024-02,天通股份,F1,14.28,13.71,0.57
2024-02,天通股份,S7_F1F4,14.28,13.71,0.57
2024-02,组合,F1,17.61,11.35,6.26
2024-02,组合,S7_F1F4,17.66,11.35,6.3
2024-03,凯盛科技,F1,20.87,21.7,-0.83
2024-03,凯盛科技,S7_F1F4,20.88,21.7,-0.82
2024-03,天通股份,F1,5.48,6.91,-1.43
2024-03,天通股份,S7_F1F4,7.51,6.91,0.6
2024-03,组合,F1,14.34,16.7,-2.36
2024-03,组合,S7_F1F4,15.32,16.7,-1.38
2024-04,凯盛科技,F1,0.2,-16.2,16.41
2024-04,凯盛科技,S7_F1F4,0.21,-16.2,16.41
2024-04,天通股份,F1,-1.73,-6.46,4.73
2024-04,天通股份,S7_F1F4,-4.65,-6.46,1.81
2024-04,组合,F1,-0.55,-13.19,12.64
2024-04,组合,S7_F1F4,-1.68,-13.19,11.51
2024-05,凯盛科技,F1,-6.23,-8.23,2.0
2024-05,凯盛科技,S7_F1F4,-8.37,-8.23,-0.14
2024-05,天通股份,F1,-3.54,-2.44,-1.1
2024-05,天通股份,S7_F1F4,-3.54,-2.44,-1.1
2024-05,组合,F1,-5.19,-6.3,1.11
2024-05,组合,S7_F1F4,-6.56,-6.3,-0.26
2024-06,凯盛科技,F1,-8.21,-6.15,-2.06
2024-06,凯盛科技,S7_F1F4,-8.22,-6.15,-2.07
2024-06,天通股份,F1,-2.32,-5.83,3.51
2024-06,天通股份,S7_F1F4,-2.32,-5.83,3.51
2024-06,组合,F1,-5.89,-6.04,0.15
2024-06,组合,S7_F1F4,-5.93,-6.04,0.11
2024-07,凯盛科技,F1,-3.09,3.01,-6.1
2024-07,凯盛科技,S7_F1F4,-3.09,3.01,-6.1
2024-07,天通股份,F1,-3.78,-3.98,0.2∏
2024-07,天通股份,S7_F1F4,-3.78,-3.98,0.2
2024-07,组合,F1,-3.37,0.57,-3.95
2024-07,组合,S7_F1F4,-3.37,0.57,-3.94
2024-08,凯盛科技,F1,32.62,38.79,-6.17
2024-08,凯盛科技,S7_F1F4,31.08,38.79,-7.71
2024-08,天通股份,F1,-5.12,-5.38,0.26
2024-08,天通股份,S7_F1F4,-5.12,-5.38,0.26
2024-08,组合,F1,17.28,24.11,-6.83
2024-08,组合,S7_F1F4,16.56,24.11,-7.55
2024-09,凯盛科技,F1,18.31,-6.24,24.55
2024-09,凯盛科技,S7_F1F4,23.54,-6.24,29.78
2024-09,天通股份,F1,18.33,19.32,-0.98
2024-09,天通股份,S7_F1F4,18.34,19.32,-0.98
2024-09,组合,F1,18.32,0.24,18.08
2024-09,组合,S7_F1F4,21.84,0.24,21.61
2024-10,凯盛科技,F1,16.41,5.77,10.65
2024-10,凯盛科技,S7_F1F4,19.66,5.77,13.89
2024-10,天通股份,F1,11.71,5.17,6.54
2024-10,天通股份,S7_F1F4,10.58,5.17,5.41
2024-10,组合,F1,14.87,5.59,9.28
2024-10,组合,S7_F1F4,16.78,5.59,11.19
2024-11,凯盛科技,F1,4.73,-7.42,12.16
2024-11,凯盛科技,S7_F1F4,3.49,-7.42,10.92
2024-11,天通股份,F1,4.72,-3.36,8.08
2024-11,天通股份,S7_F1F4,-3.2,-3.36,0.16
2024-11,组合,F1,4.73,-6.2,10.93
2024-11,组合,S7_F1F4,1.48,-6.2,7.69
2024-12,凯盛科技,F1,-4.5,-7.28,2.78
2024-12,凯盛科技,S7_F1F4,-4.5,-7.28,2.78
2024-12,天通股份,F1,-5.2,-5.22,0.02
2024-12,天通股份,S7_F1F4,-3.5,-5.22,1.72
2024-12,组合,F1,-4.73,-6.64,1.92
2024-12,组合,S7_F1F4,-4.22,-6.64,2.43
2025-01,凯盛科技,F1,3.27,-3.53,6.8
2025-01,凯盛科技,S7_F1F4,3.26,-3.53,6.79
2025-01,天通股份,F1,-6.57,-3.11,-3.47
2025-01,天通股份,S7_F1F4,-6.58,-3.11,-3.47
2025-01,组合,F1,0.14,-3.4,3.53
2025-01,组合,S7_F1F4,0.42,-3.4,3.82
2025-02,凯盛科技,F1,2.86,17.11,-14.25
2025-02,凯盛科技,S7_F1F4,1.58,17.11,-15.53
2025-02,天通股份,F1,0.69,4.96,-4.26
2025-02,天通股份,S7_F1F4,0.69,4.96,-4.26
2025-02,组合,F1,2.21,13.28,-11.07
2025-02,组合,S7_F1F4,1.34,13.28,-11.93
2025-03,凯盛科技,F1,-1.98,-8.12,6.15
2025-03,凯盛科技,S7_F1F4,2.26,-8.12,10.38
2025-03,天通股份,F1,3.36,-1.81,5.16
2025-03,天通股份,S7_F1F4,-1.72,-1.81,0.09
2025-03,组合,F1,-0.42,-6.28,5.86
2025-03,组合,S7_F1F4,1.2,-6.28,7.48
2025-04,凯盛科技,F1,1.94,-9.86,11.81
2025-04,凯盛科技,S7_F1F4,1.94,-9.86,11.81
2025-04,天通股份,F1,1.54,-8.35,9.88
2025-04,天通股份,S7_F1F4,-7.37,-8.35,0.98
2025-04,组合,F1,1.82,-9.4,11.22
2025-04,组合,S7_F1F4,-0.47,-9.4,8.93
2025-05,凯盛科技,F1,4.39,2.74,1.65
2025-05,凯盛科技,S7_F1F4,4.38,2.74,1.65
2025-05,天通股份,F1,2.35,2.47,-0.12
2025-05,天通股份,S7_F1F4,2.35,2.47,-0.12
2025-05,组合,F1,3.77,2.65,1.11
2025-05,组合,S7_F1F4,3.89,2.65,1.24
2025-06,凯盛科技,F1,1.7,3.49,-1.79
2025-06,凯盛科技,S7_F1F4,1.7,3.49,-1.79
2025-06,天通股份,F1,7.6,7.98,-0.39
2025-06,天通股份,S7_F1F4,7.6,7.98,-0.38
2025-06,组合,F1,3.46,4.88,-1.42
2025-06,组合,S7_F1F4,3.1,4.88,-1.77
2025-07,凯盛科技,F1,5.57,5.86,-0.29
2025-07,凯盛科技,S7_F1F4,5.57,5.86,-0.28
2025-07,天通股份,F1,12.96,12.27,0.69
2025-07,天通股份,S7_F1F4,11.73,12.27,-0.54
2025-07,组合,F1,7.86,7.9,-0.03
2025-07,组合,S7_F1F4,7.1,7.9,-0.8
2025-08,凯盛科技,F1,8.15,9.39,-1.24
2025-08,凯盛科技,S7_F1F4,8.96,9.39,-0.43
2025-08,天通股份,F1,18.45,18.01,0.44
2025-08,天通股份,S7_F1F4,17.3,18.01,-0.71
2025-08,组合,F1,11.5,12.24,-0.75
2025-08,组合,S7_F1F4,11.12,12.24,-1.13
2025-09,凯盛科技,F1,-0.86,-0.69,-0.17
2025-09,凯盛科技,S7_F1F4,-2.64,-0.69,-1.95
2025-09,天通股份,F1,-0.26,14.32,-14.57
2025-09,天通股份,S7_F1F4,9.75,14.32,-4.57
2025-09,组合,F1,-0.65,4.53,-5.18
2025-09,组合,S7_F1F4,0.74,4.53,-3.79
2025-10,凯盛科技,F1,-5.1,-5.63,0.54
2025-10,凯盛科技,S7_F1F4,-11.71,-5.63,-6.07
2025-10,天通股份,F1,-12.18,-5.43,-6.74
2025-10,天通股份,S7_F1F4,-5.13,-5.43,0.31
2025-10,组合,F1,-7.55,-5.56,-2.0
2025-10,组合,S7_F1F4,-9.75,-5.56,-4.19
2025-11,凯盛科技,F1,-8.13,-8.34,0.21
2025-11,凯盛科技,S7_F1F4,-8.14,-8.34,0.2
2025-11,天通股份,F1,-5.27,-5.26,-0.01
2025-11,天通股份,S7_F1F4,-6.08,-5.26,-0.83
2025-11,组合,F1,-7.19,-7.17,-0.02
2025-11,组合,S7_F1F4,-7.49,-7.17,-0.33
2025-12,凯盛科技,F1,9.83,10.35,-0.52
2025-12,凯盛科技,S7_F1F4,9.82,10.35,-0.53
2025-12,天通股份,F1,37.73,34.94,2.79
2025-12,天通股份,S7_F1F4,51.1,34.94,16.15
2025-12,组合,F1,19.21,19.91,-0.7
2025-12,组合,S7_F1F4,22.92,19.91,3.01
2026-01,凯盛科技,F1,18.66,17.22,1.44
2026-01,凯盛科技,S7_F1F4,7.1,17.22,-10.12
2026-01,天通股份,F1,20.11,3.27,16.84
2026-01,天通股份,S7_F1F4,3.14,3.27,-0.14
2026-01,组合,F1,19.23,11.12,8.11
2026-01,组合,S7_F1F4,5.55,11.12,-5.56
2026-02,凯盛科技,F1,-9.77,3.45,-13.22
2026-02,凯盛科技,S7_F1F4,0.79,3.45,-2.66
2026-02,天通股份,F1,4.41,26.47,-22.06
2026-02,天通股份,S7_F1F4,20.88,26.47,-5.6
2026-02,组合,F1,-4.22,12.81,-17.03
2026-02,组合,S7_F1F4,8.45,12.81,-4.36
2026-03,凯盛科技,F1,-10.79,-21.13,10.34
2026-03,凯盛科技,S7_F1F4,-10.33,-21.13,10.81
2026-03,天通股份,F1,0.55,-8.86,9.41
2026-03,天通股份,S7_F1F4,-15.49,-8.86,-6.62
2026-03,组合,F1,-5.95,-15.54,9.59
2026-03,组合,S7_F1F4,-12.52,-15.54,3.02
2026-04,凯盛科技,F1,21.94,31.02,-9.09
2026-04,凯盛科技,S7_F1F4,27.6,31.02,-3.43
2026-04,天通股份,F1,52.27,78.44,-26.16
2026-04,天通股份,S7_F1F4,72.69,78.44,-5.75
2026-04,组合,F1,35.78,54.35,-18.58
2026-04,组合,S7_F1F4,46.11,54.35,-8.24
2026-05,凯盛科技,F1,19.73,15.35,4.38
2026-05,凯盛科技,S7_F1F4,18.73,15.35,3.37
2026-05,天通股份,F1,28.78,17.35,11.43
2026-05,天通股份,S7_F1F4,3.68,17.35,-13.67
2026-05,组合,F1,24.36,16.49,7.87
2026-05,组合,S7_F1F4,11.43,16.49,-5.06
2026-06,凯盛科技,F1,46.53,82.21,-35.68
2026-06,凯盛科技,S7_F1F4,41.28,82.21,-40.93
2026-06,天通股份,F1,3.44,-5.77,9.21
2026-06,天通股份,S7_F1F4,-3.6,-5.77,2.18
2026-06,组合,F1,23.7,31.8,-8.1
2026-06,组合,S7_F1F4,21.02,31.8,-10.78
2026-07,凯盛科技,F1,-18.84,-53.87,35.03
2026-07,凯盛科技,S7_F1F4,-22.73,-53.87,31.13
2026-07,天通股份,F1,-21.25,-46.14,24.89
2026-07,天通股份,S7_F1F4,-21.62,-46.14,24.52
2026-07,组合,F1,-19.91,-50.7,30.79
2026-07,组合,S7_F1F4,-22.33,-50.7,28.37
2026-08,凯盛科技,F1,17.39,23.69,-6.3
2026-08,凯盛科技,S7_F1F4,17.38,23.69,-6.3
2026-08,天通股份,F1,41.53,50.39,-8.87
2026-08,天通股份,S7_F1F4,41.59,50.39,-8.8
2026-08,组合,F1,27.9,35.64,-7.74
2026-08,组合,S7_F1F4,26.17,35.64,-9.47
