date,equity,n_held
2020-01-02,500000.0,0
2020-01-03,500904.142711808,1
2020-01-06,505554.514727008,3
2020-01-07,507933.514727008,3
2020-01-08,522337.514727008,3
2020-01-09,523572.54422000004,2
2020-01-10,516873.95160203206,0
2020-01-13,515271.61999096,1
2020-01-14,507281.0563039681,4
2020-01-15,497133.9454864161,2
2020-01-16,492010.70258023206,0
2020-01-17,492010.70258023206,0
2020-01-20,492010.70258023206,0
2020-01-21,492010.70258023206,0
2020-01-22,492121.345082312,1
2020-01-23,487898.3139306321,0
2020-02-03,484534.34997543204,1
2020-02-04,494166.0566955601,4
2020-02-05,508375.4138817361,5
2020-02-06,508967.8504978721,4
2020-02-07,511342.8504978721,4
2020-02-10,529891.8504978721,4
2020-02-11,525232.345530524,3
2020-02-12,530803.2930487321,4
2020-02-13,523581.93754025607,2
2020-02-14,520111.5383803841,5
2020-02-17,532382.5383803841,5
2020-02-18,536872.5383803841,5
2020-02-19,529061.4113175321,3
2020-02-20,534987.4113175321,3
2020-02-21,537001.9233399321,4
2020-02-24,533657.6650081321,3
2020-02-25,519291.6767485281,2
2020-02-26,518600.1025840481,3
2020-02-27,518546.1157931001,2
2020-02-28,511361.3255435601,1
2020-03-02,517371.0181395601,4
2020-03-03,517008.26458817616,3
2020-03-04,517812.92720993614,4
2020-03-05,525367.9272099361,4
2020-03-06,520681.6570736921,3
2020-03-09,509927.20868256415,1
2020-03-10,517573.80063786014,3
2020-03-11,515703.1896331521,3
2020-03-12,510932.4392725761,2
2020-03-13,505785.8699016323,5
2020-03-16,497796.2823017163,1
2020-03-17,494061.6585262283,2
2020-03-18,491776.3539045282,1
2020-03-19,489350.2416978242,0
2020-03-20,489350.2416978242,0
2020-03-23,488158.1169622082,1
2020-03-24,490326.50664131227,2
2020-03-25,492026.50664131227,2
2020-03-26,488170.50664131227,2
2020-03-27,487282.50664131227,2
2020-03-30,476222.01433678425,1
2020-03-31,471478.9464778723,2
2020-04-01,480426.4615018723,3
2020-04-02,479959.9352641763,4
2020-04-03,476202.19425431633,2
2020-04-07,477216.83827683626,1
2020-04-08,481504.83827683626,1
2020-04-09,483401.34572112426,4
2020-04-10,480502.1576875643,2
2020-04-13,477231.5228365563,1
2020-04-14,481039.2124855163,2
2020-04-15,484771.2124855163,2
2020-04-16,481710.2124855163,2
2020-04-17,484454.2124855163,2
2020-04-20,489155.2124855163,2
2020-04-21,489250.8475645003,1
2020-04-22,494774.2881129803,2
2020-04-23,492533.3292003002,0
2020-04-24,492533.3292003002,0
2020-04-27,492533.3292003002,0
2020-04-28,487216.47033754823,1
2020-04-29,481864.4506259603,1
2020-04-30,486652.83269140037,2
2020-05-06,485937.95955629635,4
2020-05-07,483480.6214542964,3
2020-05-08,488721.6214542964,3
2020-05-11,487341.8461922803,2
2020-05-12,486258.6775136844,1
2020-05-13,487127.46177259635,2
2020-05-14,481525.3549887204,1
2020-05-15,481525.3549887204,1
2020-05-18,479503.2844833883,1
2020-05-19,478513.2844833883,1
2020-05-20,480424.3569629404,3
2020-05-21,488106.1058676604,4
2020-05-22,479986.38891250844,1
2020-05-25,483577.38891250844,1
2020-05-26,484255.1524341084,2
2020-05-27,483557.67193038034,3
2020-05-28,484570.0676949004,2
2020-05-29,487107.34090114036,3
2020-06-01,492761.4484262604,5
2020-06-02,498103.8652725243,4
2020-06-03,488230.1279549283,4
2020-06-04,490518.83515699237,3
2020-06-05,487357.5500216324,2
2020-06-08,489066.5500216324,2
2020-06-09,492262.9002560324,3
2020-06-10,485638.7548718804,2
2020-06-11,494274.2275528404,3
2020-06-12,499192.2275528404,3
2020-06-15,493858.46233671246,4
2020-06-16,499719.5980819925,5
2020-06-17,498707.3914358725,4
2020-06-18,500422.59640398447,3
2020-06-19,500294.5964039844,3
2020-06-22,500652.59640398447,3
2020-06-23,499921.6186569445,4
2020-06-24,491109.0682604245,1
2020-06-29,490102.2106117845,2
2020-06-30,492050.2106117845,2
2020-07-01,505386.73548589647,3
2020-07-02,510667.14215772046,3
2020-07-03,516305.1106492725,4
2020-07-06,545724.1106492725,4
2020-07-07,542798.9666061364,4
2020-07-08,553998.9666061364,4
2020-07-09,554058.4523885364,3
2020-07-10,550578.0003950004,3
2020-07-13,556731.2813452405,4
2020-07-14,553146.9830457366,1
2020-07-15,554969.1962714766,1
2020-07-16,548095.6255506926,1
2020-07-17,545806.7860265966,1
2020-07-20,555323.1650801327,4
2020-07-21,546522.5119477606,1
2020-07-22,553523.6774479527,3
2020-07-23,553338.8668885246,1
2020-07-24,541888.3525127566,1
2020-07-27,537902.1980062886,1
2020-07-28,542048.9596518887,2
2020-07-29,538389.0274423047,1
2020-07-30,542399.3140062727,3
2020-07-31,538934.6008959607,2
2020-08-03,542247.8690116727,3
2020-08-04,547938.8690116727,3
2020-08-05,541329.2495012727,2
2020-08-06,535795.7134156248,2
2020-08-07,528420.4585578968,1
2020-08-10,527700.7086492568,3
2020-08-11,517825.11798650876,2
2020-08-12,511481.7792924568,1
2020-08-13,506651.3765089048,2
2020-08-14,511196.4230657048,3
2020-08-17,526615.2702362968,4
2020-08-18,525383.0543476528,3
2020-08-19,529070.5314147809,3
2020-08-20,538352.9736769889,4
2020-08-21,547280.5702175208,3
2020-08-24,551495.5702175208,3
2020-08-25,546438.4701528889,2
2020-08-26,530165.7201845088,2
2020-08-27,511071.6359601888,3
2020-08-28,520360.8321235168,4
2020-08-31,514569.5036132608,3
2020-09-01,523062.5036132608,3
2020-09-02,521722.3825828048,1
2020-09-03,523465.08583387686,2
2020-09-04,519418.59869323694,4
2020-09-07,509271.7679630249,0
2020-09-08,516416.62543073687,2
2020-09-09,509167.0661924329,2
2020-09-10,506626.18413881294,0
2020-09-11,506247.57504482893,2
2020-09-14,504457.0362780129,4
2020-09-15,499477.34729146096,2
2020-09-16,501530.40961946093,4
2020-09-17,498751.4756700449,1
2020-09-18,500066.9658471249,2
2020-09-21,495942.95790696493,4
2020-09-22,485075.59052062896,2
2020-09-23,484680.6326487889,3
2020-09-24,475224.92804968887,1
2020-09-25,477589.92804968887,1
2020-09-28,475801.0242004289,0
2020-09-29,477748.52594490896,2
2020-09-30,473906.01659852895,0
2020-10-09,478141.10223568097,4
2020-10-12,497947.10223568097,4
2020-10-13,494890.66651504894,3
2020-10-14,486421.67392271693,3
2020-10-15,484444.3351090849,5
2020-10-16,482472.63332452497,3
2020-10-19,478501.49591352895,2
2020-10-20,481200.26854124095,4
2020-10-21,476177.20804726495,3
2020-10-22,469960.2560137129,2
2020-10-23,465180.54337963293,0
2020-10-26,464354.364707633,1
2020-10-27,459768.28529363696,1
2020-10-28,461856.285293637,1
2020-10-29,466489.08739792503,3
2020-10-30,462112.0473019811,2
2020-11-02,462535.0961854331,2
2020-11-03,463218.3387416051,4
2020-11-04,465503.9707906931,5
2020-11-05,488081.9707906931,5
2020-11-06,474441.71752863715,4
2020-11-09,472571.27644134115,3
2020-11-10,467038.94914746116,2
2020-11-11,470018.94914746116,2
2020-11-12,465066.1849437411,2
2020-11-13,463498.5980259971,3
2020-11-16,476260.59116718115,5
2020-11-17,479190.59116718115,5
2020-11-18,484414.3879992651,4
2020-11-19,474534.72722474515,1
2020-11-20,485241.4402925212,5
2020-11-23,493312.9566749932,4
2020-11-24,490438.44235428923,3
2020-11-25,488249.2912328652,2
2020-11-26,495292.8446047532,1
2020-11-27,489641.8957851932,0
2020-11-30,492984.0196484892,2
2020-12-01,491907.9504007132,4
2020-12-02,488802.51351117727,2
2020-12-03,483508.4537272333,0
2020-12-04,484278.17314585735,2
2020-12-07,478707.48820457334,1
2020-12-08,479870.87830313336,2
2020-12-09,472933.20037577336,3
2020-12-10,472087.24843495735,1
2020-12-11,471307.24843495735,1
2020-12-14,470822.7846599814,2
2020-12-15,471627.5032231973,3
2020-12-16,472673.03964391735,3
2020-12-17,478145.54299246136,5
2020-12-18,487881.3945334214,3
2020-12-21,496539.5705180614,4
2020-12-22,484386.3413143254,3
2020-12-23,474777.80337509344,5
2020-12-24,457168.54859104945,3
2020-12-25,461632.44883313344,2
2020-12-28,461014.05712855747,3
2020-12-29,451532.0360917215,0
2020-12-30,456497.0251627615,4
2020-12-31,462498.9369735135,5
2021-01-04,468633.64544938557,4
2021-01-05,465252.82042699354,3
2021-01-06,469342.8141844815,2
2021-01-07,465543.7104093776,1
2021-01-08,461648.06674073765,2
2021-01-11,463784.06674073765,2
2021-01-12,463048.1419647056,4
2021-01-13,451963.8843178776,3
2021-01-14,452915.9917544856,5
2021-01-15,461197.9917544856,5
2021-01-18,466642.99175448564,5
2021-01-19,473864.67278574157,4
2021-01-20,472198.7239468616,3
2021-01-21,476505.9331748296,4
2021-01-22,475089.6403962136,3
2021-01-25,488458.6403962137,3
2021-01-26,484393.8565796617,3
2021-01-27,484492.08629300573,3
2021-01-28,490961.77978850575,2
2021-01-29,487126.7806608257,0
2021-02-01,486459.33047125774,2
2021-02-02,481368.8607815938,3
2021-02-03,474965.0756443018,2
2021-02-04,469615.33996839775,1
2021-02-05,469308.93277095776,2
2021-02-08,470643.93277095776,2
2021-02-09,472341.3219198578,2
2021-02-10,471815.6289870578,3
2021-02-18,479557.22830915375,3
2021-02-19,497123.7571481938,4
2021-02-22,504134.7571481938,4
2021-02-23,493744.1071034098,2
2021-02-24,494889.1071034098,2
2021-02-25,504439.13914672984,1
2021-02-26,505344.97407684184,2
2021-03-01,510244.6276108299,3
2021-03-02,511658.67374817387,4
2021-03-03,517323.5717143819,5
2021-03-04,507577.3628193259,2
2021-03-05,509678.3628193259,2
2021-03-08,508189.3628193259,2
2021-03-09,503964.62782254186,0
2021-03-10,502172.3663321099,1
2021-03-11,511857.54471546994,2
2021-03-12,511704.0091862859,3
2021-03-15,512375.0091862859,3
2021-03-16,512589.2575795259,2
2021-03-17,516207.79475312587,3
2021-03-18,517977.79475312587,3
2021-03-19,514881.62993286597,2
2021-03-22,529528.5286180179,4
2021-03-23,520022.57845808193,3
2021-03-24,511782.688359338,3
2021-03-25,509199.6418361379,2
2021-03-26,510705.8264356259,3
2021-03-29,510037.999154054,1
2021-03-30,519213.14436589397,3
2021-03-31,517250.14436589397,3
2021-04-01,512914.15774109797,1
2021-04-02,514734.270740298,2
2021-04-06,512202.11518030596,2
2021-04-07,508505.511620082,1
2021-04-08,508316.30238181,2
2021-04-09,510204.239299506,3
2021-04-12,506566.601595318,2
2021-04-13,508275.18043531803,3
2021-04-14,503133.78595826204,3
2021-04-15,500976.4204972301,1
2021-04-16,502061.6886635981,3
2021-04-19,506552.71745042206,2
2021-04-20,502108.2396179741,3
2021-04-21,505597.2396179741,3
2021-04-22,510961.2396179741,3
2021-04-23,509530.25120457413,2
2021-04-26,504644.0861355581,0
2021-04-27,502492.29820925416,2
2021-04-28,502944.29820925416,2
2021-04-29,496034.9319425662,2
2021-04-30,506004.9319425662,2
2021-05-06,519509.9319425662,2
2021-05-07,533524.9319425662,2
2021-05-10,533371.1191086142,1
2021-05-11,533145.1191086142,1
2021-05-12,542812.5658796221,2
2021-05-13,532746.3940826422,1
2021-05-14,532422.4302730102,3
2021-05-17,531662.3586537102,2
2021-05-18,532336.2818281743,4
2021-05-19,549204.2818281744,4
2021-05-20,550549.7236299743,3
2021-05-21,551590.1009422304,4
2021-05-24,536938.9492344223,3
2021-05-25,540156.4526714784,4
2021-05-26,543538.4526714784,4
2021-05-27,552929.4526714784,4
2021-05-28,551325.8670292384,3
2021-05-31,543032.4495706944,3
2021-06-01,539456.7394753504,2
2021-06-02,538203.3738853023,3
2021-06-03,534590.8067822624,4
2021-06-04,534166.8067822624,4
2021-06-07,532229.8067822624,4
2021-06-08,539412.8067822624,4
2021-06-09,535022.6638536024,3
2021-06-10,537848.6638536024,3
2021-06-11,530207.3200452424,2
2021-06-15,526801.8447114504,1
2021-06-16,524230.43301161047,2
2021-06-17,524361.7929190984,3
2021-06-18,528311.7929190984,3
2021-06-21,523984.1455522185,4
2021-06-22,534247.1305147145,5
2021-06-23,545510.3339144705,4
2021-06-24,539056.3932187625,2
2021-06-25,547553.6722639785,4
2021-06-28,554192.6722639784,4
2021-06-29,547054.3737171785,3
2021-06-30,547933.3737171785,3
2021-07-01,544856.5000342105,2
2021-07-02,545647.1490843865,3
2021-07-05,557514.1490843865,3
2021-07-06,554783.8438836865,4
2021-07-07,557877.6024896986,4
2021-07-08,553100.7436686986,3
2021-07-09,560018.7436686986,3
2021-07-12,577278.2420530826,4
2021-07-13,596279.1928448266,5
2021-07-14,586679.8318000066,2
2021-07-15,583666.9153521346,3
2021-07-16,583733.5067340507,2
2021-07-19,579263.3952412426,0
2021-07-20,579621.9295165066,1
2021-07-21,587465.8923717067,2
2021-07-22,592900.5336469826,2
2021-07-23,595144.7095640586,1
2021-07-26,592482.7095640586,1
2021-07-27,589880.0900497946,0
2021-07-28,580127.1246277466,2
2021-07-29,588977.1246277466,2
2021-07-30,593679.6736940186,1
2021-08-02,596965.8077172186,3
2021-08-03,579248.1089192666,4
2021-08-04,580793.7508105066,3
2021-08-05,594154.7508105068,3
2021-08-06,618985.9346005868,4
2021-08-09,636701.0907737147,4
2021-08-10,635638.1594804147,3
2021-08-11,657757.3942770867,4
2021-08-12,680044.3942770868,4
2021-08-13,680623.2645233427,2
2021-08-16,678439.7975633427,3
2021-08-17,671599.5146130548,3
2021-08-18,669774.8237020388,4
2021-08-19,651145.4673854709,2
2021-08-20,648620.7450498549,3
2021-08-23,651596.7450498549,3
2021-08-24,650486.7743833589,4
2021-08-25,636336.7963347828,4
2021-08-26,650772.7963347828,4
2021-08-27,641800.5416821148,3
2021-08-30,639434.5416821148,3
2021-08-31,642340.5416821148,3
2021-09-01,647443.9033009469,3
2021-09-02,659598.062783187,4
2021-09-03,637054.9257441149,3
2021-09-06,651193.2043779789,4
2021-09-07,662017.2043779789,4
2021-09-08,666497.2043779789,4
2021-09-09,666670.9009159949,3
2021-09-10,666712.656269755,4
2021-09-13,675579.4875219951,4
2021-09-14,689714.6496189911,1
2021-09-15,674106.4555154751,2
2021-09-16,671701.735288731,1
2021-09-17,667358.3205356111,1
2021-09-22,662558.6110773071,3
2021-09-23,661782.6619009072,3
2021-09-24,657747.6942531352,3
2021-09-27,625540.5194366751,2
2021-09-28,603734.1220738671,3
2021-09-29,579967.7939063592,3
2021-09-30,596436.7939063592,3
2021-10-08,600737.1969286791,1
2021-10-11,597131.3201542791,1
2021-10-12,595219.3497110151,2
2021-10-13,590309.8045982192,0
2021-10-14,593417.7528206193,2
2021-10-15,585394.5997910833,4
2021-10-18,596015.8395281832,3
2021-10-19,609382.8395281832,3
2021-10-20,607854.9571717113,1
2021-10-21,607260.8791860952,1
2021-10-22,599410.9513475032,3
2021-10-25,599910.9513475032,3
2021-10-26,608714.9513475032,3
2021-10-27,595195.8105657753,2
2021-10-28,594433.8105657753,2
2021-10-29,590727.9652354793,2
2021-11-01,592229.2655426792,3
2021-11-02,587505.6200392153,1
2021-11-03,593304.1260520152,2
2021-11-04,602056.1260520152,2
2021-11-05,587192.0975476633,3
2021-11-08,601580.6283739993,4
2021-11-09,609664.0059563234,3
2021-11-10,593073.5773713633,3
2021-11-11,603029.5773713633,3
2021-11-12,599280.0528642433,3
2021-11-15,598288.6570209832,2
2021-11-16,609098.6570209832,2
2021-11-17,623536.7018511513,2
2021-11-18,633427.4862514313,2
2021-11-19,632433.3487419753,3
2021-11-22,634395.8999127554,2
2021-11-23,632916.7468698913,1
2021-11-24,625592.2027681634,3
2021-11-25,622261.0093536993,4
2021-11-26,626639.0093536994,4
2021-11-29,647299.6309856994,5
2021-11-30,647011.3571456794,4
2021-12-01,647438.1710588394,4
2021-12-02,642343.1710588394,4
2021-12-03,642416.1710588394,4
2021-12-06,623212.0994514634,2
2021-12-07,627097.6538759114,3
2021-12-08,612908.6796262714,2
2021-12-09,611028.2012563514,3
2021-12-10,617500.5746533513,3
2021-12-13,621380.8485804875,4
2021-12-14,607641.8459584634,3
2021-12-15,606911.8459584634,3
2021-12-16,611928.8459584634,3
2021-12-17,615554.8459584634,3
2021-12-20,601042.9229380835,3
2021-12-21,612474.6402791594,4
2021-12-22,611441.0832807755,3
2021-12-23,608121.6508741316,3
2021-12-24,603319.2326681674,2
2021-12-27,597958.0645337675,5
2021-12-28,614614.4181850315,4
2021-12-29,630959.4181850315,4
2021-12-30,634646.4179077675,2
2021-12-31,654111.5459469676,5
2022-01-04,619539.2427128396,3
2022-01-05,612371.0655249357,2
2022-01-06,625820.4269305995,3
2022-01-07,622464.4714582397,3
2022-01-10,623594.8813742077,3
2022-01-11,616039.4982406875,2
2022-01-12,607429.1844336716,2
2022-01-13,595775.5243653477,2
2022-01-14,595457.5243653477,2
2022-01-17,608366.3793522277,5
2022-01-18,622169.3022560037,4
2022-01-19,616852.5407300037,1
2022-01-20,606473.2667611397,2
2022-01-21,599853.5955863917,1
2022-01-24,602118.8601251757,3
2022-01-25,591379.6418948597,0
2022-01-26,592391.6394120757,2
2022-01-27,593923.4249009917,1
2022-01-28,596990.0149499438,1
2022-02-07,594037.5852385238,0
2022-02-08,594486.5905400278,2
2022-02-09,596216.5497788759,2
2022-02-10,598137.5497788759,2
2022-02-11,603126.0270853959,2
2022-02-14,599236.9043320238,1
2022-02-15,597188.6383221918,0
2022-02-16,597188.6383221918,0
2022-02-17,600760.2893929118,2
2022-02-18,600626.1393207199,3
2022-02-21,602991.1393207199,3
2022-02-22,607719.4350167438,2
2022-02-23,615310.1855750158,3
2022-02-24,608548.1876688758,0
2022-02-25,599465.570777804,2
2022-02-28,594966.792642604,3
2022-03-01,600385.4002775479,2
2022-03-02,597845.4002775479,2
2022-03-03,595291.5192097639,1
2022-03-04,592269.3380476038,0
2022-03-07,592269.3380476038,0
2022-03-08,587441.2047202438,1
2022-03-09,587748.7273147239,1
2022-03-10,589206.447359492,1
2022-03-11,582844.884887044,2
2022-03-14,573557.7858715,1
2022-03-15,568285.287939124,1
2022-03-16,570393.0248123842,1
2022-03-17,568033.2239629761,3
2022-03-18,565609.4064946881,4
2022-03-21,567406.3605663681,5
2022-03-22,571218.3605663681,5
2022-03-23,566889.3605663681,5
2022-03-24,558865.4068949082,4
2022-03-25,554578.0153901362,3
2022-03-28,551591.1910970962,2
2022-03-29,552303.1541501841,1
2022-03-30,549538.8200076241,2
2022-03-31,545804.5865359561,2
2022-04-01,541802.1396134282,4
2022-04-06,536356.4223362682,2
2022-04-07,527854.5454495162,2
2022-04-08,522265.2770284602,0
2022-04-11,527648.1475839162,2
2022-04-12,530433.3795579643,3
2022-04-13,520981.85613648023,1
2022-04-14,522279.68339392025,2
2022-04-15,515662.8812076243,1
2022-04-18,524246.1409214163,2
2022-04-19,525570.5655723283,3
2022-04-20,521669.58361396036,2
2022-04-21,500814.08428268036,1
2022-04-22,497553.3376264244,2
2022-04-25,490347.24760708434,0
2022-04-26,487536.2484228923,1
2022-04-27,518881.32877774036,5
2022-04-28,500725.6475735483,2
2022-04-29,513007.0735610844,4
2022-05-05,521468.0735610844,4
2022-05-06,510542.0735610844,4
2022-05-09,510357.79167479643,4
2022-05-10,516677.79167479643,4
2022-05-11,535601.7916747965,4
2022-05-12,517053.7356747964,4
2022-05-13,518339.7356747964,4
2022-05-16,519415.9617323804,3
2022-05-17,521245.0940623804,3
2022-05-18,518517.2874011324,4
2022-05-19,552678.0819480765,3
2022-05-20,565040.4216326205,4
2022-05-23,591824.6454092844,4
2022-05-24,570831.6811402204,2
2022-05-25,578039.8115422365,4
2022-05-26,562100.0224892725,2
2022-05-27,558165.0224892725,2
2022-05-30,553908.9869469685,1
2022-05-31,555021.9869469685,1
2022-06-01,556716.7991142964,3
2022-06-02,569195.3737744886,5
2022-06-06,576042.3637779686,4
2022-06-07,573897.9924869286,3
2022-06-08,574463.8238190245,2
2022-06-09,573361.6675930806,1
2022-06-10,584596.6230013366,4
2022-06-13,582481.5296572526,3
2022-06-14,584506.1558450286,3
2022-06-15,579834.5248291726,2
2022-06-16,581910.3134788686,4
2022-06-17,597428.9873777806,5
2022-06-20,597580.7537102567,4
2022-06-21,594645.8061085567,4
2022-06-22,587997.9787227287,3
2022-06-23,608392.9787227287,3
2022-06-24,636726.1718908567,5
2022-06-27,640749.8496139247,3
2022-06-28,639746.1686727727,4
2022-06-29,619972.9568283047,2
2022-06-30,619008.4283291047,4
2022-07-01,646421.9315827368,5
2022-07-04,687514.9315827367,5
2022-07-05,685770.5798461286,2
2022-07-06,680011.2665448127,2
2022-07-07,681633.7406002047,3
2022-07-08,668744.2052105807,3
2022-07-11,662797.0065396448,3
2022-07-12,659979.3903452727,2
2022-07-13,676103.9303530568,1
2022-07-14,688413.4987823688,3
2022-07-15,721479.3326817928,4
2022-07-18,731258.7478030528,2
2022-07-19,732849.9517993728,3
2022-07-20,737605.7519181569,4
2022-07-21,740651.5355069729,2
2022-07-22,762654.1138112129,1
2022-07-25,769476.3090083968,1
2022-07-26,769907.4098531969,2
2022-07-27,782474.7013455689,3
2022-07-28,776987.3506967209,2
2022-07-29,784440.784206833,2
2022-08-01,779617.233401333,2
2022-08-02,760770.841349261,0
2022-08-03,729969.823283149,2
2022-08-04,729260.9543098531,4
2022-08-05,732154.9728992291,3
2022-08-08,750386.7220221092,4
2022-08-09,759254.7220221091,4
2022-08-10,792142.7220221092,4
2022-08-11,793574.3136730451,1
2022-08-12,777305.4560018452,5
2022-08-15,808035.4560018452,5
2022-08-16,815284.9078507812,4
2022-08-17,803778.1616306133,2
2022-08-18,813495.5327690453,3
2022-08-19,789466.8086748092,4
2022-08-22,787816.1375600853,4
2022-08-23,775130.7160877973,3
2022-08-24,765797.8283186293,0
2022-08-25,767524.7132098933,1
2022-08-26,759833.6524613814,3
2022-08-29,767906.0523471416,5
2022-08-30,756791.4958433494,2
2022-08-31,753128.4526350695,2
2022-09-01,754569.7054305255,1
2022-09-02,767555.0616789735,3
2022-09-05,760152.4648312575,2
2022-09-06,768999.5119558536,4
2022-09-07,779865.5119558536,4
2022-09-08,766888.9134421896,3
2022-09-09,760326.0522212335,2
2022-09-13,768677.7972321816,2
2022-09-14,754632.4978362457,5
2022-09-15,741433.9926365416,0
2022-09-16,741433.9926365416,0
2022-09-19,741433.9926365416,0
2022-09-20,741792.0007798697,3
2022-09-21,743643.0007798697,3
2022-09-22,741235.7402463657,4
2022-09-23,728254.6501005897,1
2022-09-26,753067.5050791177,3
2022-09-27,743231.8261972057,2
2022-09-28,734546.2837303457,2
2022-09-29,729880.9601647258,1
2022-09-30,715329.2364571737,3
2022-10-10,714750.7942645937,1
2022-10-11,707353.0509500578,4
2022-10-12,705916.5443874339,3
2022-10-13,706850.0514963298,4
2022-10-14,712348.32025463,3
2022-10-17,695201.197578458,2
2022-10-18,684312.519864026,3
2022-10-19,666857.2097618821,3
2022-10-20,652963.78323981,1
2022-10-21,655043.78323981,1
2022-10-24,646898.396279442,1
2022-10-25,642430.0564519421,4
2022-10-26,641632.8426475142,4
2022-10-27,620578.7393834902,4
2022-10-28,599508.2954061062,1
2022-10-31,591679.9796686622,4
2022-11-01,609866.1653263901,5
2022-11-02,632920.1653263901,5
2022-11-03,640604.1653263901,5
2022-11-04,668884.1653263901,5
2022-11-07,679149.7236905262,5
2022-11-08,682111.5894651662,4
2022-11-09,681847.2985563262,3
2022-11-10,668227.2141467462,2
2022-11-11,671424.9106306662,1
2022-11-14,657412.0133421062,2
2022-11-15,663083.2489648903,3
2022-11-16,654279.5290329102,2
2022-11-17,660179.2350790543,3
2022-11-18,656182.2715864142,2
2022-11-21,656663.1324191663,3
2022-11-22,642848.7430695023,1
2022-11-23,643513.1794760303,2
2022-11-24,645061.1794760303,2
2022-11-25,641931.0227062063,0
2022-11-28,640176.3420074864,1
2022-11-29,636845.3550869504,2
2022-11-30,634266.2347803904,3
2022-12-01,641251.7148099584,3
2022-12-02,632917.3983124543,3
2022-12-05,634195.3983124543,3
2022-12-06,631153.4602960463,2
2022-12-07,641493.4602960463,2
2022-12-08,633023.3724371024,2
2022-12-09,643188.2943467984,3
2022-12-12,639607.2943467984,3
2022-12-13,642881.3709568904,3
2022-12-14,642273.1529562505,4
2022-12-15,639410.3741141065,1
2022-12-16,638954.8780202665,1
2022-12-19,635216.9604512426,3
2022-12-20,621649.9698236826,0
2022-12-21,623783.4350596506,1
2022-12-22,620774.0006083866,0
2022-12-23,628387.4976080345,2
2022-12-26,640145.6974816025,5
2022-12-27,652395.4739033346,4
2022-12-28,648912.5747236507,4
2022-12-29,651143.5747236507,4
2022-12-30,648289.9479694465,2
2023-01-03,653563.9479694465,2
2023-01-04,653001.9479694465,2
2023-01-05,667225.5272289026,3
2023-01-06,671801.5272289026,3
2023-01-09,670035.9250148867,4
2023-01-10,677611.9250148867,4
2023-01-11,669275.9250148867,4
2023-01-12,674101.9250148868,4
2023-01-13,678027.9250148867,4
2023-01-16,681204.7516891827,3
2023-01-17,681607.6618432627,4
2023-01-18,680014.9770217628,3
2023-01-19,678971.9392234267,4
2023-01-20,681287.0842877468,5
2023-01-30,702126.3920176508,4
2023-01-31,702061.3920176508,4
2023-02-01,701154.1280760907,3
2023-02-02,702310.1280760907,3
2023-02-03,699419.3149003307,3
2023-02-06,698381.3149003307,3
2023-02-07,700594.3149003307,3
2023-02-08,702978.3149003307,3
2023-02-09,709646.3149003307,3
2023-02-10,707651.3149003307,3
2023-02-13,706715.0374661228,5
2023-02-14,715104.0374661228,5
2023-02-15,706073.5703991508,3
2023-02-16,695820.7883249988,2
2023-02-17,693916.7883249988,2
2023-02-20,687977.8128177988,1
2023-02-21,687381.5299788228,2
2023-02-22,686437.5299788228,2
2023-02-23,689616.1041034948,3
2023-02-24,691963.1041034948,3
2023-02-27,688407.2044347428,2
2023-02-28,687956.2044347428,2
2023-03-01,688913.2044347428,2
2023-03-02,686462.2044347428,2
2023-03-03,684211.8732328229,4
2023-03-06,685076.1970133669,3
2023-03-07,675742.7985998229,3
2023-03-08,681620.7985998229,3
2023-03-09,683838.7985998229,3
2023-03-10,674314.443048843,2
2023-03-13,670575.2293999469,1
2023-03-14,670137.2293999469,1
2023-03-15,668368.661965963,2
2023-03-16,663479.891870291,1
2023-03-17,664414.143382291,2
2023-03-20,658526.783530279,2
2023-03-21,663616.569576679,3
2023-03-22,671726.569576679,3
2023-03-23,676642.569576679,3
2023-03-24,678724.569576679,3
2023-03-27,684350.569576679,3
2023-03-28,687026.7107556789,2
2023-03-29,685034.7107556789,2
2023-03-30,681854.046033951,1
2023-03-31,682790.046033951,1
2023-04-03,678542.794773279,3
2023-04-04,667363.111678559,1
2023-04-06,665491.111678559,1
2023-04-07,672494.785451103,2
2023-04-10,665243.3691032951,0
2023-04-11,665243.3691032951,0
2023-04-12,665243.3691032951,0
2023-04-13,664801.6709240951,1
2023-04-14,661028.3038627511,2
2023-04-17,670634.3038627511,2
2023-04-18,662509.2377358311,1
2023-04-19,655783.2771194071,1
2023-04-20,649534.1624705672,0
2023-04-21,649534.1624705672,0
2023-04-24,647751.7227211911,1
2023-04-25,644518.8791982952,0
2023-04-26,649960.9591189352,3
2023-04-27,657300.9591189352,3
2023-04-28,657602.2725822472,2
2023-05-04,660279.2725822472,2
2023-05-05,652377.3002581272,1
2023-05-08,652299.6896844951,3
2023-05-09,643631.6896844951,3
2023-05-10,651737.6896844951,3
2023-05-11,659021.6896844951,3
2023-05-12,649805.4677248152,2
2023-05-15,666575.2282448153,3
2023-05-16,661806.8046276153,2
2023-05-17,657026.3900544152,1
2023-05-18,655234.3900544152,1
2023-05-19,655010.3900544152,1
2023-05-22,656933.2935306072,2
2023-05-23,652108.3586389272,3
2023-05-24,652829.3586389272,3
2023-05-25,657284.3586389272,3
2023-05-26,647877.6854581231,1
2023-05-29,647804.6854581231,1
2023-05-30,646349.8908814831,2
2023-05-31,641843.1951911432,1
2023-06-01,639716.5008313031,2
2023-06-02,642183.1994978632,3
2023-06-05,636644.3190551031,2
2023-06-06,633604.3190551031,2
2023-06-07,632452.3190551031,2
2023-06-08,632614.3190551031,2
2023-06-09,628284.9406935031,3
2023-06-12,631125.9406935031,3
2023-06-13,629287.9406935031,3
2023-06-14,625719.7504086032,2
2023-06-15,636368.0424806032,4
2023-06-16,642807.0424806032,4
2023-06-19,632442.8834826233,3
2023-06-20,625826.4017275512,4
2023-06-21,619436.5824424312,3
2023-06-26,621043.5824424312,3
2023-06-27,626996.1321810553,4
2023-06-28,635222.1321810553,4
2023-06-29,629914.1941994232,3
2023-06-30,636867.7510353912,5
2023-07-03,644090.7510353912,5
2023-07-04,641657.7510353912,5
2023-07-05,641847.7510353912,5
2023-07-06,638318.0973578432,4
2023-07-07,640395.0973578432,4
2023-07-10,640315.8980876992,5
2023-07-11,641155.8980876992,5
2023-07-12,631916.9461623392,4
2023-07-13,635576.9461623392,4
2023-07-14,631392.9461623392,4
2023-07-17,618908.9903554592,3
2023-07-18,620256.9903554592,3
2023-07-19,619927.9903554592,3
2023-07-20,619261.9320391392,4
2023-07-21,613969.9265066592,3
2023-07-24,610171.7335709672,2
2023-07-25,612620.5098557672,3
2023-07-26,612954.5098557672,3
2023-07-27,610826.5098557672,3
2023-07-28,613240.5098557672,3
2023-07-31,615561.9897520873,4
2023-08-01,615650.9897520873,4
2023-08-02,617778.6171800873,3
2023-08-03,613567.6767331352,2
2023-08-04,613202.6767331352,2
2023-08-07,611001.6767331352,2
2023-08-08,610239.6767331354,2
2023-08-09,609634.6767331354,2
2023-08-10,606381.8939711193,3
2023-08-11,598758.8939711193,3
2023-08-14,597424.8939711193,3
2023-08-15,595706.8939711193,3
2023-08-16,593075.8939711193,3
2023-08-17,592976.8939711193,3
2023-08-18,588696.8939711193,3
2023-08-21,584926.8939711193,3
2023-08-22,582673.0800856433,2
2023-08-23,579770.0800856433,2
2023-08-24,579991.0800856433,2
2023-08-25,579472.0800856433,2
2023-08-28,583185.4041342633,1
2023-08-29,585483.5558912233,4
2023-08-30,588783.5558912233,4
2023-08-31,588403.5558912233,4
2023-09-01,589035.5558912234,4
2023-09-04,590035.6811432313,3
2023-09-05,589965.6811432313,3
2023-09-06,589650.6811432313,3
2023-09-07,584866.6811432313,3
2023-09-08,584973.6811432313,3
2023-09-11,586181.6811432313,3
2023-09-12,595894.5635280634,4
2023-09-13,586881.5566721194,3
2023-09-14,586212.5566721193,3
2023-09-15,586760.5566721193,3
2023-09-18,587418.6735919913,4
2023-09-19,583415.6735919913,4
2023-09-20,580063.6735919914,4
2023-09-21,577355.6735919913,4
2023-09-22,582156.6735919914,4
2023-09-25,578299.6735919914,4
2023-09-26,572133.6735919914,4
2023-09-27,571558.4803314474,5
2023-09-28,574573.4803314473,5
2023-10-09,566436.5985459033,4
2023-10-10,565773.5985459033,4
2023-10-11,563802.5985459033,4
2023-10-12,569564.4845942234,5
2023-10-13,560374.5370749433,4
2023-10-16,555936.5370749433,4
2023-10-17,555602.5370749433,4
2023-10-18,546893.5832822394,2
2023-10-19,544118.3730806394,3
2023-10-20,545671.3730806394,3
2023-10-23,538018.2751229195,0
2023-10-24,538482.9821746954,3
2023-10-25,538792.9647089674,4
2023-10-26,535723.7781510275,3
2023-10-27,551637.5596276675,5
2023-10-30,562259.5596276675,5
2023-10-31,554793.1768582196,4
2023-11-01,555257.1768582196,4
2023-11-02,548134.5033798874,3
2023-11-03,554094.5033798876,3
2023-11-06,562332.2069914076,4
2023-11-07,564264.2069914076,4
2023-11-08,564356.2069914076,4
2023-11-09,566160.2069914076,4
2023-11-10,562965.5025676475,3
2023-11-13,560837.5257176636,2
2023-11-14,562229.5257176636,2
2023-11-15,564161.5257176636,2
2023-11-16,559973.5257176636,2
2023-11-17,561763.6122123835,3
2023-11-20,560983.6122123835,3
2023-11-21,556758.1587723835,4
2023-11-22,548440.8353241435,3
2023-11-23,552248.8353241435,3
2023-11-24,547924.8353241435,3
2023-11-27,550396.8353241435,3
2023-11-28,548680.8353241435,3
2023-11-29,547440.8353241435,3
2023-11-30,545944.8353241435,3
2023-12-01,546131.0212179035,4
2023-12-04,545982.3091933916,3
2023-12-05,543370.3091933916,3
2023-12-06,546674.0910535835,4
2023-12-07,543237.4817135836,3
2023-12-08,539731.4817135836,3
2023-12-11,540340.3969161436,2
2023-12-12,540280.3461564316,3
2023-12-13,533440.8734425195,2
2023-12-14,533923.8734425196,2
2023-12-15,531968.9066037356,3
2023-12-18,526448.9066037355,3
2023-12-19,526103.9066037356,3
2023-12-20,522377.90660373564,3
2023-12-21,525871.3344839277,4
2023-12-22,528412.3344839276,4
2023-12-25,526289.3344839276,4
2023-12-26,523120.3344839277,4
2023-12-27,519862.3344839277,4
2023-12-28,546349.8107251116,5
2023-12-29,545397.8107251116,5
2024-01-02,540300.5785988957,4
2024-01-03,541454.5785988957,4
2024-01-04,538230.5785988957,4
2024-01-05,533085.8732086197,3
2024-01-08,526858.8732086197,3
2024-01-09,528752.8732086197,3
2024-01-10,525410.5993727477,5
2024-01-11,530770.5993727477,5
2024-01-12,525801.5248461717,4
2024-01-15,529304.8501422998,5
2024-01-16,532320.8501422998,5
2024-01-17,520616.1916500318,2
2024-01-18,520813.36340281175,1
2024-01-19,514829.79617227573,1
2024-01-22,511425.21425699577,0
2024-01-23,517001.83710755577,3
2024-01-24,510167.6755725958,2
2024-01-25,517461.85897272377,3
2024-01-26,518267.85897272377,3
2024-01-29,509303.5466483478,0
2024-01-30,509303.5466483478,0
2024-01-31,504660.49703538785,1
2024-02-01,507850.49703538785,1
2024-02-02,500814.6663342119,1
2024-02-05,496939.57778662787,0
2024-02-06,527329.8598737959,5
2024-02-07,554070.8598737959,5
2024-02-08,563390.8598737959,5
2024-02-19,565631.6677215518,3
2024-02-20,569194.6677215518,3
2024-02-21,571258.4766300959,5
2024-02-22,573159.0382895839,4
2024-02-23,575275.0382895839,4
2024-02-26,580724.3258630879,5
2024-02-27,596629.3258630879,5
2024-02-28,591466.5640781999,4
2024-02-29,602410.4618182799,4
2024-03-01,608004.4618182799,4
2024-03-04,605282.8633973519,3
2024-03-05,600866.8633973519,3
2024-03-06,597661.896760272,2
2024-03-07,588014.5308373279,4
2024-03-08,593860.5308373279,4
2024-03-11,603784.8629229601,5
2024-03-12,614459.8629229601,5
2024-03-13,627219.8629229601,5
2024-03-14,618688.7808767761,3
2024-03-15,622364.7808767761,3
2024-03-18,636027.2177386641,4
2024-03-19,626878.956603916,3
2024-03-20,629883.5977001081,4
2024-03-21,632226.1562808441,3
2024-03-22,620385.9904964721,0
2024-03-25,618346.4613584882,2
2024-03-26,627922.1551686001,4
2024-03-27,623307.6441495362,3
2024-03-28,627306.7507914882,5
2024-03-29,628446.7507914882,5
2024-04-01,641718.7507914882,5
2024-04-02,644226.2031245001,4
2024-04-03,650076.2031245001,4
2024-04-08,642535.2576387161,2
2024-04-09,657724.2576387161,2
2024-04-10,666761.2576387161,2
2024-04-11,648595.2546892202,3
2024-04-12,646757.1673839561,2
2024-04-15,649260.5451451723,3
2024-04-16,630009.4939014603,2
2024-04-17,642088.4082481483,4
2024-04-18,639679.1157044643,3
2024-04-19,645731.9929356362,2
2024-04-22,642861.3220061202,3
2024-04-23,632859.5345402682,3
2024-04-24,638100.8291307644,3
2024-04-25,639902.3777268282,3
2024-04-26,639941.3777268284,3
2024-04-29,646264.2744236364,4
2024-04-30,646505.6809859843,2
2024-05-06,650064.0485361764,3
2024-05-07,654610.7929604325,4
2024-05-08,647068.1230569044,3
2024-05-09,660107.1664183764,5
2024-05-10,646351.5182162924,2
2024-05-13,641557.5182162924,2
2024-05-14,640333.2636655484,1
2024-05-15,637773.2636655484,1
2024-05-16,633964.0181472125,0
2024-05-17,634323.8332949885,1
2024-05-20,632559.8332949885,1
2024-05-21,629787.8332949885,1
2024-05-22,632600.0616793085,2
2024-05-23,628404.6489425405,1
2024-05-24,626147.2112386444,0
2024-05-27,626889.6171905166,1
2024-05-28,625293.6734922124,3
2024-05-29,631850.6734922124,3
2024-05-30,633843.4046407924,2
2024-05-31,631567.8947412724,3
2024-06-03,617807.7186821725,0
2024-06-04,619104.7613984605,1
2024-06-05,615749.7141463646,2
2024-06-06,616646.9696080686,1
2024-06-07,613789.4267002445,0
2024-06-11,619472.3175209486,2
2024-06-12,624716.3175209486,2
2024-06-13,621590.6723315086,3
2024-06-14,624394.9286244885,2
2024-06-17,634979.9286244885,2
2024-06-18,636586.9286244885,2
2024-06-19,631110.6560306526,1
2024-06-20,625502.5809124446,2
2024-06-21,622960.5809124446,2
2024-06-24,621480.5931549806,1
2024-06-25,616784.5748554046,0
2024-06-26,622129.2093942207,3
2024-06-27,610275.4296744326,0
2024-06-28,607182.3655427848,4
2024-07-01,613316.0468498728,4
2024-07-02,611863.7656230808,2
2024-07-03,609254.5517496408,3
2024-07-04,603165.9820266648,2
2024-07-05,600050.8978054047,2
2024-07-08,594624.3711244807,1
2024-07-09,601766.8014816007,4
2024-07-10,602184.8014816007,4
2024-07-11,616527.8014816007,4
2024-07-12,611310.8014816009,4
2024-07-15,606942.8014816007,4
2024-07-16,614813.8014816007,4
2024-07-17,608568.3247182649,4
2024-07-18,608723.1526966008,5
2024-07-19,627691.1526966008,5
2024-07-22,620879.3797207008,4
2024-07-23,607489.1248733727,1
2024-07-24,607233.1248733727,1
2024-07-25,605575.4466304288,3
2024-07-26,605764.4354885409,5
2024-07-29,600736.4354885408,5
2024-07-30,606240.4354885408,5
2024-07-31,633317.4354885408,5
2024-08-01,633771.4354885408,5
2024-08-02,625010.4884344008,3
2024-08-05,621488.4884344008,3
2024-08-06,626422.4884344008,3
2024-08-07,623842.4884344008,3
2024-08-08,624512.0917406088,4
2024-08-09,619243.7703335928,3
2024-08-12,617625.7703335928,3
2024-08-13,620382.5373216087,3
2024-08-14,614445.6268844808,2
2024-08-15,613926.8031179528,3
2024-08-16,608022.2206897048,2
2024-08-19,612310.2206897048,2
2024-08-20,606770.1065886088,1
2024-08-21,607192.8959380488,2
2024-08-22,604525.9732815688,1
2024-08-23,603717.230569089,2
2024-08-26,606186.5219452488,3
2024-08-27,601310.1433176689,2
2024-08-28,600886.0649259249,3
2024-08-29,610327.5103436529,4
2024-08-30,620673.643896741,5
2024-09-02,599995.100867673,3
2024-09-03,601477.100867673,3
2024-09-04,601182.100867673,3
2024-09-05,602394.100867673,3
2024-09-06,598785.545736633,2
2024-09-09,596957.545736633,2
2024-09-10,591772.897498809,1
2024-09-11,591180.819549625,2
2024-09-12,587737.9984512571,1
2024-09-13,586424.9984512571,1
2024-09-18,585717.9984512571,1
2024-09-19,589503.820416089,4
2024-09-20,588694.820416089,4
2024-09-23,585423.820416089,4
2024-09-24,603471.2403728251,5
2024-09-25,600953.001216785,4
2024-09-26,631456.536168689,5
2024-09-27,663524.536168689,5
2024-09-30,691392.0973601171,2
2024-10-08,705097.0137069372,0
2024-10-09,699156.8343268412,1
2024-10-10,686479.2884516893,4
2024-10-11,671823.9982396052,1
2024-10-14,673669.6274621653,2
2024-10-15,667104.6274621653,2
2024-10-16,665689.6274621653,2
2024-10-17,665019.6274621652,2
2024-10-18,681581.7472720214,4
2024-10-21,684746.7472720213,4
2024-10-22,689761.7472720213,4
2024-10-23,687644.7472720213,4
2024-10-24,681015.7472720214,4
2024-10-25,692151.7472720214,4
2024-10-28,699693.7472720214,4
2024-10-29,690474.8506559174,0
2024-10-30,685612.0140273735,3
2024-10-31,690605.8963236936,4
2024-11-01,684367.6338297175,4
2024-11-04,692868.5733396055,3
2024-11-05,705526.1935932696,5
2024-11-06,724955.1935932696,5
2024-11-07,760031.1935932696,5
2024-11-08,779889.1671297415,3
2024-11-11,792986.6658916615,4
2024-11-12,777373.7464631697,2
2024-11-13,766952.4750847697,3
2024-11-14,749847.2262516656,3
2024-11-15,725666.7366710897,4
2024-11-18,716076.0595725296,0
2024-11-19,722526.0410869617,3
2024-11-20,722954.4920965098,2
2024-11-21,718484.7548715698,1
2024-11-22,709365.0150583057,1
2024-11-25,707362.4305652498,2
2024-11-26,698777.9433096339,0
2024-11-27,699987.0743568338,3
2024-11-28,697170.0743568338,3
2024-11-29,699743.3467600659,4
2024-12-02,707531.3467600658,4
2024-12-03,711933.655219322,3
2024-12-04,702942.2818817339,1
2024-12-05,698116.1928727739,4
2024-12-06,706320.1928727739,4
2024-12-09,704367.1928727739,4
2024-12-10,709300.7353009459,2
2024-12-11,713747.1040701619,4
2024-12-12,718106.1151176819,5
2024-12-13,703950.3946688699,3
2024-12-16,699734.016394374,2
2024-12-17,698693.016394374,2
2024-12-18,696025.2415704499,1
2024-12-19,701096.79338965,2
2024-12-20,695272.86584805,3
2024-12-23,687490.687836598,1
2024-12-24,690190.687836598,1
2024-12-25,690010.687836598,1
2024-12-26,689215.865901814,2
2024-12-27,688213.865901814,2
2024-12-30,686453.865901814,2
2024-12-31,680618.628717446,1
2025-01-02,675326.218187462,2
2025-01-03,672510.673323422,1
2025-01-06,670818.104264222,2
2025-01-07,673698.104264222,2
2025-01-08,668218.7553899819,0
2025-01-09,668575.8358013419,1
2025-01-10,665930.3668259819,0
2025-01-13,666257.079284478,2
2025-01-14,679822.0738969581,4
2025-01-15,686465.0738969581,4
2025-01-16,691881.88991955,5
2025-01-17,711416.88991955,5
2025-01-20,722565.88991955,5
2025-01-21,711491.2190159861,4
2025-01-22,699301.2797379381,3
2025-01-23,696251.2797379381,3
2025-01-24,703304.2797379381,3
2025-01-27,691006.0785893621,3
2025-02-05,693035.0785893621,3
2025-02-06,702375.0560837621,4
2025-02-07,709075.0560837621,4
2025-02-10,714350.0560837621,4
2025-02-11,706499.7723259621,3
2025-02-12,713467.2550911141,4
2025-02-13,706354.7943362062,2
2025-02-14,707635.7943362062,2
2025-02-17,705739.6469614381,2
2025-02-18,702262.6469614381,2
2025-02-19,711084.5301768301,3
2025-02-20,718510.5301768301,3
2025-02-21,720309.3669133342,2
2025-02-24,718411.3669133342,2
2025-02-25,718644.1204115823,2
2025-02-26,721407.1204115823,2
2025-02-27,724341.9603389982,2
2025-02-28,724167.9603389982,2
2025-03-03,726785.8205742302,3
2025-03-04,719916.8987761902,4
2025-03-05,717747.8987761902,4
2025-03-06,722046.8987761902,4
2025-03-07,718689.8987761902,4
2025-03-10,720858.8987761902,4
2025-03-11,729162.8987761902,4
2025-03-12,716502.8649189463,3
2025-03-13,712536.3249299902,2
2025-03-14,721270.4059589822,3
2025-03-17,721114.4059589822,3
2025-03-18,719310.9260209023,4
2025-03-19,712217.0164227784,3
2025-03-20,703326.0164227784,3
2025-03-21,689188.5411971784,2
2025-03-24,685608.8044564424,3
2025-03-25,686488.8044564424,3
2025-03-26,684920.8044564424,3
2025-03-27,684511.8044564424,3
2025-03-28,675567.9837845743,1
2025-03-31,673091.9512896943,2
2025-04-01,674885.9512896943,2
2025-04-02,674423.1448561263,3
2025-04-03,667913.1448561263,3
2025-04-07,632807.6775843623,2
2025-04-08,617998.1689501423,3
2025-04-09,618366.8554823145,5
2025-04-10,625901.8554823144,5
2025-04-11,630092.8554823144,5
2025-04-14,636430.8554823145,5
2025-04-15,635494.8554823145,5
2025-04-16,627590.2012478346,1
2025-04-17,627307.4978748425,3
2025-04-18,623915.4978748425,3
2025-04-21,639979.9467136265,4
2025-04-22,639780.6256790145,2
2025-04-23,639214.6256790145,2
2025-04-24,643630.9375564546,3
2025-04-25,638349.9375564546,3
2025-04-28,627790.9375564544,3
2025-04-29,629984.9375564546,3
2025-04-30,638006.7838847025,2
2025-05-06,641742.3101858546,3
2025-05-07,641650.3101858546,3
2025-05-08,640972.3101858546,3
2025-05-09,635862.2644383744,2
2025-05-12,640254.2644383744,2
2025-05-13,642667.2644383744,2
2025-05-14,644421.2644383746,2
2025-05-15,641027.2644383746,2
2025-05-16,639161.2644383746,2
2025-05-19,643987.2644383746,2
2025-05-20,644605.2644383746,2
2025-05-21,644882.5755442625,3
2025-05-22,642552.5755442625,3
2025-05-23,639371.5755442625,3
2025-05-26,643593.7681178625,4
2025-05-27,642814.7681178625,4
2025-05-28,647145.7681178625,4
2025-05-29,647917.0741396225,5
2025-05-30,642648.0741396225,5
2025-06-03,647178.0741396225,5
2025-06-04,650411.0741396225,5
2025-06-05,650332.0741396225,5
2025-06-06,648469.0741396225,5
2025-06-09,648581.0741396225,5
2025-06-10,644500.4272431425,4
2025-06-11,647346.4272431425,4
2025-06-12,649894.4272431425,4
2025-06-13,643799.4272431425,4
2025-06-16,642330.4272431425,4
2025-06-17,643021.4272431425,4
2025-06-18,643923.4272431425,4
2025-06-19,641913.4272431425,4
2025-06-20,639760.7374731426,3
2025-06-23,643945.4929154145,5
2025-06-24,654182.4929154145,5
2025-06-25,657412.4929154145,5
2025-06-26,655172.4929154145,5
2025-06-27,663431.4929154145,5
2025-06-30,664212.4059361866,4
2025-07-01,666120.4059361866,4
2025-07-02,663386.9293137066,3
2025-07-03,668655.4828338346,4
2025-07-04,669966.4828338346,4
2025-07-07,678575.4828338346,4
2025-07-08,686304.8964738345,3
2025-07-09,684676.8964738345,3
2025-07-10,686716.8964738345,3
2025-07-11,689191.8964738345,3
2025-07-14,690332.8964738345,3
2025-07-15,685868.8964738345,3
2025-07-16,677926.8964738345,3
2025-07-17,682360.0629688106,4
2025-07-18,684817.0629688106,4
2025-07-21,695819.0629688106,4
2025-07-22,708970.0629688106,4
2025-07-23,700153.4817635625,3
2025-07-24,716597.3911903466,4
2025-07-25,717273.5422793985,3
2025-07-28,722682.5422793985,3
2025-07-29,723009.5422793985,3
2025-07-30,722602.5422793985,3
2025-07-31,718272.5422793985,3
2025-08-01,718181.5422793985,3
2025-08-04,716365.5422793985,3
2025-08-05,718723.5422793985,3
2025-08-06,720806.5422793985,3
2025-08-07,722785.5422793985,3
2025-08-08,717799.8695536025,2
2025-08-11,721095.8695536025,2
2025-08-12,722719.8695536025,2
2025-08-13,723703.8695536025,2
2025-08-14,723722.6954444505,1
2025-08-15,733104.5150041626,3
2025-08-18,737887.5566044506,2
2025-08-19,736709.5566044506,2
2025-08-20,742122.8969867865,4
2025-08-21,738848.8969867865,4
2025-08-22,742163.8969867865,4
2025-08-25,755181.8969867866,4
2025-08-26,761986.1102502265,3
2025-08-27,750458.7647715865,1
2025-08-28,762580.6328988186,3
2025-08-29,754855.5557732587,4
2025-09-01,769614.5557732586,4
2025-09-02,757676.9811466907,2
2025-09-03,750520.7151986826,1
2025-09-04,738756.3522183306,3
2025-09-05,754714.1752792586,5
2025-09-08,761426.4466370427,4
2025-09-09,756980.7893523187,2
2025-09-10,755047.7621544948,3
2025-09-11,767555.7202796148,4
2025-09-12,770104.7202796148,4
2025-09-15,762328.0926786787,2
2025-09-16,759922.2504753827,1
2025-09-17,760131.2504753827,1
2025-09-18,751380.8810281188,3
2025-09-19,749927.8923240667,3
2025-09-22,750594.3028273548,2
2025-09-23,751204.3451053388,3
2025-09-24,771968.9842581709,5
2025-09-25,781688.6077065908,4
2025-09-26,777552.8222393988,3
2025-09-29,796702.5791529668,4
2025-09-30,797963.5791529668,4
2025-10-09,818942.5791529668,4
2025-10-10,799203.1804434748,2
2025-10-13,821807.0796769469,5
2025-10-14,823983.0045354788,3
2025-10-15,830161.0045354788,3
2025-10-16,826705.9867811108,4
2025-10-17,808639.326812723,3
2025-10-20,804636.486642923,2
2025-10-21,804486.563776843,4
2025-10-22,794062.829524867,3
2025-10-23,800089.3353163869,4
2025-10-24,808786.188340707,5
2025-10-27,820671.188340707,5
2025-10-28,839803.188340707,5
2025-10-29,852176.1883407071,5
2025-10-30,851418.3971555629,4
2025-10-31,853048.8633149229,3
2025-11-03,849412.161335703,1
2025-11-04,847411.711346263,2
2025-11-05,857708.593412951,4
2025-11-06,873063.593412951,4
2025-11-07,870626.926409303,5
2025-11-10,903092.9264093031,5
2025-11-11,912798.7932058631,4
2025-11-12,908935.8133114311,4
2025-11-13,920676.833903391,3
2025-11-14,911436.098781471,4
2025-11-17,910319.056648447,4
2025-11-18,887600.483442527,2
2025-11-19,887211.483442527,2
2025-11-20,887703.483442527,2
2025-11-21,871885.709534887,1
2025-11-24,871467.709534887,1
2025-11-25,873087.6873627271,4
2025-11-26,869803.975039227,3
2025-11-27,875432.7906644472,3
2025-11-28,872394.7533214712,4
2025-12-01,886233.7533214712,4
2025-12-02,878483.7533214712,4
2025-12-03,864859.0440288952,2
2025-12-04,861866.6154153672,1
2025-12-05,860975.6154153672,1
2025-12-08,865057.7757724233,3
2025-12-09,866885.7638196872,2
2025-12-10,891596.7638196872,2
2025-12-11,914788.5243569312,1
2025-12-12,906958.8951644552,0
2025-12-15,906958.8951644552,0
2025-12-16,906958.8951644552,0
2025-12-17,908634.8666473032,2
2025-12-18,901732.7117701193,2
2025-12-19,913028.7117701193,2
2025-12-22,938937.3244229194,4
2025-12-23,939856.6588737795,3
2025-12-24,938931.5315752195,4
2025-12-25,935000.5315752195,4
2025-12-26,946242.6104315394,3
2025-12-29,952536.6104315394,3
2025-12-30,947535.6104315394,3
2025-12-31,944384.8320521313,2
2026-01-05,965457.6569751995,3
2026-01-06,999769.5718805115,5
2026-01-07,999857.2621528314,4
2026-01-08,994735.3787019515,5
2026-01-09,1030499.3787019515,5
2026-01-12,1062074.3787019516,5
2026-01-13,1033717.1203996555,4
2026-01-14,1027484.0359203435,3
2026-01-15,1031484.7333541355,5
2026-01-16,1012807.4242679474,3
2026-01-19,1012649.0171279476,3
2026-01-20,1003187.5963199635,2
2026-01-21,1006876.2704510037,4
2026-01-22,1006708.2704510037,4
2026-01-23,1040352.7342643796,5
2026-01-26,1021485.2648141755,0
2026-01-27,1039326.0819456636,1
2026-01-28,1032813.7807820237,1
2026-01-29,1017985.6356916437,3
2026-01-30,990991.3103215396,2
2026-02-02,969718.6842113237,2
2026-02-03,993532.5692732118,3
2026-02-04,989230.7947637318,2
2026-02-05,998855.7947637318,2
2026-02-06,996048.4946867079,4
2026-02-09,999215.4946867079,4
2026-02-10,997829.8433686919,3
2026-02-11,998885.4747284439,2
2026-02-12,1000830.4747284439,2
2026-02-13,994325.4747284439,2
2026-02-24,1000457.5350098199,3
2026-02-25,1021946.2885401879,4
2026-02-26,1023570.4421626519,2
2026-02-27,1025427.4953216279,4
2026-03-02,1003996.4408933639,2
2026-03-03,993021.8411629682,0
2026-03-04,997046.028654936,2
2026-03-05,994773.0749743201,2
2026-03-06,996271.0749743201,2
2026-03-09,994142.030038832,3
2026-03-10,1004357.030038832,3
2026-03-11,1007917.030038832,3
2026-03-12,995280.196856352,2
2026-03-13,979924.7730365442,4
2026-03-16,981992.0783165842,3
2026-03-17,975904.7666346761,3
2026-03-18,965397.6879725002,1
2026-03-19,960710.6879725002,1
2026-03-20,950861.1308985682,1
2026-03-23,932163.1048666963,1
2026-03-24,942221.1048666963,1
2026-03-25,943826.1048666963,1
2026-03-26,944682.1048666963,1
2026-03-27,970391.8171590164,4
2026-03-30,971590.8748011924,5
2026-03-31,952238.7687737164,4
2026-04-01,966596.7687737164,4
2026-04-02,954601.4776429643,4
2026-04-03,936847.2964160603,1
2026-04-07,937183.2964160603,1
2026-04-08,951198.8333330204,4
2026-04-09,943375.4994308483,3
2026-04-10,948764.0456200964,5
2026-04-13,948852.2740101644,4
2026-04-14,963672.2740101642,4
2026-04-15,957729.9564421643,3
2026-04-16,968084.6105144843,4
2026-04-17,983728.6105144843,4
2026-04-20,1010976.6105144843,4
2026-04-21,1006235.8917422203,2
2026-04-22,1021897.1200193723,4
2026-04-23,998779.6357970845,1
2026-04-24,1024388.4787185565,3
2026-04-27,1051091.8279350684,4
2026-04-28,1046826.4600628124,3
2026-04-29,1085224.7497463964,4
2026-04-30,1067521.1699160566,3
2026-05-06,1086389.1699160566,3
2026-05-07,1101229.1699160566,3
2026-05-08,1115848.5056779766,4
2026-05-11,1107894.8007885606,1
2026-05-12,1105936.6622635047,2
2026-05-13,1116448.6622635047,2
2026-05-14,1104969.2064068646,1
2026-05-15,1078817.1242258088,4
2026-05-18,1059443.270001425,3
2026-05-19,1088459.5568271368,3
2026-05-20,1093621.2265939128,3
2026-05-21,1071186.4372640727,2
2026-05-22,1064645.515620241,2
2026-05-25,1052316.090984721,3
2026-05-26,1027467.5650516408,2
2026-05-27,1031455.994002249,2
2026-05-28,1042803.3027536729,3
2026-05-29,1020360.7129954889,3
2026-06-01,1026688.070715233,4
2026-06-02,1013400.457197129,3
2026-06-03,1009207.9904146012,3
2026-06-04,1031876.7213607931,2
2026-06-05,1020852.2143827812,2
2026-06-08,993855.258587901,3
2026-06-09,989164.3108534692,2
2026-06-10,990403.3108534692,2
2026-06-11,979630.4514281892,3
2026-06-12,947381.0090990373,5
2026-06-15,939645.4137425412,4
2026-06-16,935210.1620259011,4
2026-06-17,922026.8679001173,2
2026-06-18,917363.3828356053,3
2026-06-22,918314.3684820733,1
2026-06-23,892390.8010861374,3
2026-06-24,877489.6615435774,2
2026-06-25,868768.1663072214,1
2026-06-26,863809.4464563854,0
2026-06-29,863258.0392589455,1
2026-06-30,863478.7952818255,1
2026-07-01,862454.7747911495,2
2026-07-02,839818.4968401736,1
2026-07-03,841958.4968401736,1
2026-07-06,812354.0335019015,3
2026-07-07,808285.6352937855,1
2026-07-08,806857.6875988495,1
2026-07-09,811961.0833460055,2
2026-07-10,811629.6681786935,1
2026-07-13,792703.0155913816,2
2026-07-14,789776.0621004936,3
2026-07-15,795440.6638927136,3
2026-07-16,788979.0840476257,4
2026-07-17,778783.5364448656,1
2026-07-20,779952.5364448656,1
2026-07-21,797301.0277703055,3
2026-07-22,792921.1682895056,2
2026-07-23,799058.2612326177,2
2026-07-24,782142.3416390537,1
2026-07-27,789009.2000828937,3
2026-07-28,781729.3862415617,3
2026-07-29,798367.5168815617,4
2026-07-30,799944.5168815616,4
2026-07-31,808044.5168815617,4
2026-08-03,814215.2499477176,3
2026-08-04,811522.1241657059,4
2026-08-05,833884.1241657059,4
2026-08-06,839364.3796621859,3
2026-08-07,844095.3372083378,3
2026-08-10,845343.4305341538,4
2026-08-11,829043.6059715778,1
