mode,kind,n,top_k,hold_days,w_f1,w_mom,sharpe,ret_pct,dd_pct,n_buys
pool,rev,20,2,3,0.0,1.0,0.25416969089040964,9.315922580567392,61.348351155925094,3157
blend,rev,20,2,3,0.4,0.6,0.1881155489799662,1.1323464235933223,59.096769364152976,3166
pool,rev,20,2,5,0.0,1.0,0.5872779049237552,161.64518223145308,50.74203148346449,3152
blend,rev,20,2,5,0.4,0.6,0.5437890900406476,126.6999082105853,38.273280922005235,3166
pool,rev,20,2,6,0.0,1.0,0.7008615344033224,233.98923192005938,48.16141410940617,3161
blend,rev,20,2,6,0.4,0.6,0.5393864330822461,123.41728324673996,39.155108886423356,3165
pool,rev,20,2,10,0.0,1.0,0.8001209519062815,296.31512970853004,45.66333555438805,3163
blend,rev,20,2,10,0.4,0.6,0.7369766928056222,237.2730361540373,37.68271479991029,3167
pool,rev,20,3,3,0.0,1.0,0.19253846420818682,0.10100308076774756,59.65229801181664,4725
blend,rev,20,3,3,0.4,0.6,0.04885661290729433,-22.718404764874588,65.49075677432789,4750
pool,rev,20,3,5,0.0,1.0,0.6005382026683795,159.86679516546909,48.39613373652713,4722
blend,rev,20,3,5,0.4,0.6,0.4709702513398472,89.3636149301515,39.409465160090164,4747
pool,rev,20,3,6,0.0,1.0,0.6851563594920376,212.26836153275005,48.2137794437593,4737
blend,rev,20,3,6,0.4,0.6,0.5419014166136318,119.96325660052251,41.7524490449955,4744
pool,rev,20,3,10,0.0,1.0,0.8566794410590335,336.2322926064173,46.400065123880694,4743
blend,rev,20,3,10,0.4,0.6,0.6582478244923281,173.65753783415747,36.9543746870318,4747
pool,rev,20,5,3,0.0,1.0,0.18112274432475578,-0.5398598847511371,55.033155641460375,7848
blend,rev,20,5,3,0.4,0.6,0.17290739462262603,2.429574659567413,57.11688644146853,7908
pool,rev,20,5,5,0.0,1.0,0.5286881338295117,119.20464823595265,42.59038152071752,7848
blend,rev,20,5,5,0.4,0.6,0.49224965450485286,94.0312484250361,41.128342677929695,7884
pool,rev,20,5,6,0.0,1.0,0.6366567217343899,172.08771637621098,43.94817527525424,7872
blend,rev,20,5,6,0.4,0.6,0.5627878408325876,122.3806913969736,41.435162561527996,7898
pool,rev,20,5,10,0.0,1.0,0.7788788964811872,240.31555635781507,40.732637314706835,7902
blend,rev,20,5,10,0.4,0.6,0.7012858608221478,186.46506999527327,37.45898007250337,7898
pool,rev,40,2,3,0.0,1.0,0.23181567397368383,-14.802883441485415,71.0512961147268,3161
blend,rev,40,2,3,0.4,0.6,0.10796827494354745,-15.048004482389265,65.1970294356236,3168
pool,rev,40,2,5,0.0,1.0,0.5030978342709678,143.30625980251375,51.99053368276536,3161
blend,rev,40,2,5,0.4,0.6,0.3916497136735246,61.271484791069966,47.15844118649794,3167
pool,rev,40,2,6,0.0,1.0,0.5569265894392137,194.08839721489502,51.93636646668357,3165
blend,rev,40,2,6,0.4,0.6,0.4102972775911007,67.96723235011319,49.094250530848946,3168
pool,rev,40,2,10,0.0,1.0,0.6159617683291486,229.78512862574019,46.29865777373328,3166
blend,rev,40,2,10,0.4,0.6,0.5715736107441977,136.86921002321196,40.98549161565378,3168
pool,rev,40,3,3,0.0,1.0,0.14550140699096503,-18.399095936381027,69.79619223062723,4730
blend,rev,40,3,3,0.4,0.6,0.0789026408838775,-26.773656896714858,62.989056057982104,4749
pool,rev,40,3,5,0.0,1.0,0.4262958217601272,78.84221284573596,53.67357134426555,4736
blend,rev,40,3,5,0.4,0.6,0.2901939106679493,26.234885978301858,48.67024504340534,4746
pool,rev,40,3,6,0.0,1.0,0.482415201884071,106.15798580122133,50.84097128144533,4742
blend,rev,40,3,6,0.4,0.6,0.3451293432810427,45.37416344030167,47.33849811963121,4748
pool,rev,40,3,10,0.0,1.0,0.6666471806796328,212.51121769656237,44.2965982627638,4750
blend,rev,40,3,10,0.4,0.6,0.588413208974118,142.85985555531,36.702024298132145,4748
pool,rev,40,5,3,0.0,1.0,0.1316736629883691,-11.749626770108168,62.64799074262283,7869
blend,rev,40,5,3,0.4,0.6,0.05577434542318904,-23.58511153137667,56.465174480393685,7883
pool,rev,40,5,5,0.0,1.0,0.3940351378069162,61.61581731629293,51.059994226733174,7884
blend,rev,40,5,5,0.4,0.6,0.34797104198926104,46.22665047181269,45.247324625609444,7883
pool,rev,40,5,6,0.0,1.0,0.46694673606909193,88.12790433634822,46.231005126262886,7899
blend,rev,40,5,6,0.4,0.6,0.42669600069473007,72.83053118144673,41.89051973335545,7888
pool,rev,40,5,10,0.0,1.0,0.6858365244710504,186.9122051932796,40.481966925609946,7918
blend,rev,40,5,10,0.4,0.6,0.6253125585990643,152.99802878180168,35.1959396490969,7907
pool,rev,60,2,3,0.0,1.0,0.05888410905621304,-24.81021123268141,73.20469060939455,3168
blend,rev,60,2,3,0.4,0.6,0.336660338368818,42.54837726033982,52.083868914181075,3166
pool,rev,60,2,5,0.0,1.0,0.4017846037502521,65.09070996526434,61.691546674077834,3167
blend,rev,60,2,5,0.4,0.6,0.5426510278686917,126.47127541699494,49.59197726570332,3168
pool,rev,60,2,6,0.0,1.0,0.4564923890583969,85.74312856388633,60.05487694820345,3167
blend,rev,60,2,6,0.4,0.6,0.547964389094778,128.60564838679528,47.98362478664846,3167
pool,rev,60,2,10,0.0,1.0,0.5690896457886376,133.4081320233597,51.85323702798538,3168
blend,rev,60,2,10,0.4,0.6,0.5361383959752314,121.04283400514153,39.64023782025522,3168
pool,rev,60,3,3,0.0,1.0,0.1492067047503553,-7.2176083624489245,67.48538227231694,4746
blend,rev,60,3,3,0.4,0.6,0.2157569545095712,10.728884924954096,53.22492659052484,4751
pool,rev,60,3,5,0.0,1.0,0.41632754124288945,69.34144550393509,52.634684167662826,4746
blend,rev,60,3,5,0.4,0.6,0.4360611574588812,75.46243133150283,50.34141372626143,4751
pool,rev,60,3,6,0.0,1.0,0.4621386722866203,85.58645747195183,51.41172452369991,4746
blend,rev,60,3,6,0.4,0.6,0.4416574681184518,77.25823789849645,49.82497282658252,4751
pool,rev,60,3,10,0.0,1.0,0.6476546502197317,167.21668073376298,42.862466201369024,4752
blend,rev,60,3,10,0.4,0.6,0.4550453747302547,81.38819097677819,44.63921171140212,4751
pool,rev,60,5,3,0.0,1.0,0.15009964876872497,-4.636125713659622,63.391392600518536,7895
blend,rev,60,5,3,0.4,0.6,0.09753120775531546,-10.942755406509097,56.867027368976366,7919
pool,rev,60,5,5,0.0,1.0,0.4193187674422032,70.21020068675033,53.74432421425546,7890
blend,rev,60,5,5,0.4,0.6,0.36324156892153286,49.89493997859877,46.75485087089565,7914
pool,rev,60,5,6,0.0,1.0,0.4833394946662226,94.12561186781198,49.920464963937505,7889
blend,rev,60,5,6,0.4,0.6,0.4145945426596428,65.42367647593998,43.414035533749725,7914
pool,rev,60,5,10,0.0,1.0,0.5968507546369168,135.3253263568186,43.07378129466734,7909
blend,rev,60,5,10,0.4,0.6,0.49238339795582414,90.83291866385841,38.47467433606715,7914
pool,rev,120,2,3,0.0,1.0,-0.19305501153005003,-56.610305415576626,70.45903425800226,3167
blend,rev,120,2,3,0.4,0.6,-0.36913156324363927,-71.53080007911163,80.70064696900639,3166
pool,rev,120,2,5,0.0,1.0,0.11919987960694949,-12.272182962909127,56.47227004579738,3168
blend,rev,120,2,5,0.4,0.6,0.020470214251930883,-30.274073859339566,55.55789078729565,3168
pool,rev,120,2,6,0.0,1.0,0.17863328347083562,0.45572701400606874,56.44132240208363,3168
blend,rev,120,2,6,0.4,0.6,0.04510942975356333,-26.914914090786645,54.62792871406862,3163
pool,rev,120,2,10,0.0,1.0,0.2064542566746351,7.822780322080525,56.335533427802396,3168
blend,rev,120,2,10,0.4,0.6,0.20898184898591288,2.2300444142326903,50.12346301047281,3158
pool,rev,120,3,3,0.0,1.0,-0.3820560720153032,-68.06827166685302,78.184154552141,4752
blend,rev,120,3,3,0.4,0.6,-0.29249020068339604,-62.96085280293947,75.3531194558923,4740
pool,rev,120,3,5,0.0,1.0,-0.03174683307789999,-33.245965471755945,57.443466601607476,4752
blend,rev,120,3,5,0.4,0.6,0.06680903988021109,-23.691931122055777,54.27414302851466,4734
pool,rev,120,3,6,0.0,1.0,0.052052525679223846,-20.481071041905487,55.73511805159568,4752
blend,rev,120,3,6,0.4,0.6,0.08113394203586992,-20.797766404787556,54.93579609697681,4728
pool,rev,120,3,10,0.0,1.0,0.15402462457627153,-1.7660061510368807,54.8026214079041,4743
blend,rev,120,3,10,0.4,0.6,0.22815941816602445,9.174792069929971,52.15679133259563,4728
pool,rev,120,5,3,0.0,1.0,-0.1635472076674777,-44.70275642090344,62.41143282471402,7920
blend,rev,120,5,3,0.4,0.6,-0.1409332258961576,-48.69875618038137,67.80436403239771,7870
pool,rev,120,5,5,0.0,1.0,0.1310318154724749,-3.227072873559389,46.930318147449015,7920
blend,rev,120,5,5,0.4,0.6,0.08716200363555467,-15.95248846906312,55.692528358248126,7870
pool,rev,120,5,6,0.0,1.0,0.19919925326783985,9.934953100501588,44.6675697942654,7910
blend,rev,120,5,6,0.4,0.6,0.15076901195499892,-3.597063483815366,53.58384572345274,7870
pool,rev,120,5,10,0.0,1.0,0.2608525033885433,23.31109764751924,45.94127458387771,7895
blend,rev,120,5,10,0.4,0.6,0.2880440091293882,29.34976671812517,50.27913638296159,7870
pool,roc,20,2,3,0.0,1.0,0.0604075464531582,-80.23748992376703,95.31280074075042,3146
blend,roc,20,2,3,0.4,0.6,-0.09774788574716695,-89.81595327848704,94.05312367090048,3128
pool,roc,20,2,5,0.0,1.0,0.07300091955665136,-66.40263244895961,92.51136808265345,3148
blend,roc,20,2,5,0.4,0.6,-0.0077939864402193915,-70.50808782145765,87.22939904864063,3153
pool,roc,20,2,6,0.0,1.0,0.10867039917493926,-59.18852860358077,90.524308597687,3153
blend,roc,20,2,6,0.4,0.6,0.028589538120980976,-67.01594852935986,84.6473131189588,3157
pool,roc,20,2,10,0.0,1.0,0.22094946044856528,-21.682501484858385,81.36764072469131,3157
blend,roc,20,2,10,0.4,0.6,0.18933394699956096,-26.43579664045189,73.90046440793759,3159
pool,roc,20,3,3,0.0,1.0,-0.018451712194891754,-64.23554027354547,89.89395457401486,4718
blend,roc,20,3,3,0.4,0.6,-0.10378839155867418,-75.86073043631161,90.5295359723732,4716
pool,roc,20,3,5,0.0,1.0,0.0873012651951885,-43.475960843174256,85.98758380478802,4724
blend,roc,20,3,5,0.4,0.6,0.13736021494771353,-41.34194856812794,82.87838724376361,4716
pool,roc,20,3,6,0.0,1.0,0.20197418605745335,-13.87580614424666,82.00594236392882,4729
blend,roc,20,3,6,0.4,0.6,0.18493251029641428,-24.632709885186742,79.27126401386977,4721
pool,roc,20,3,10,0.0,1.0,0.3763906467326058,53.275155240004324,70.01899589257486,4733
blend,roc,20,3,10,0.4,0.6,0.34140661901591307,38.779971543284695,66.62669075833796,4729
pool,roc,20,5,3,0.0,1.0,-0.16352703051735032,-62.60353389204079,84.11409729889009,7860
blend,roc,20,5,3,0.4,0.6,-0.04554800116170125,-47.82072771904979,83.29191139292908,7860
pool,roc,20,5,5,0.0,1.0,0.06476256131183532,-31.33137509068309,77.67780681264219,7860
blend,roc,20,5,5,0.4,0.6,0.25878389188885825,14.7680046381224,72.64291965031961,7855
pool,roc,20,5,6,0.0,1.0,0.17537522969894284,-7.633042893268149,72.09733320610935,7860
blend,roc,20,5,6,0.4,0.6,0.3293542639946232,38.2051713924769,67.53788687622298,7850
pool,roc,20,5,10,0.0,1.0,0.32519560381024637,38.07328628173645,61.469041012202084,7869
blend,roc,20,5,10,0.4,0.6,0.46726084880076774,97.78275511704959,57.33769992275235,7845
pool,roc,60,2,3,0.0,1.0,0.08603356973607067,-76.80806134823432,93.26559287541566,3156
blend,roc,60,2,3,0.4,0.6,0.18260343324576248,-69.07024452325572,88.86903271382728,3143
pool,roc,60,2,5,0.0,1.0,0.09732813357170528,-72.79561321257266,91.86718545315735,3157
blend,roc,60,2,5,0.4,0.6,0.27092821595250133,-36.0011150310348,79.29482303527277,3147
pool,roc,60,2,6,0.0,1.0,0.12302272833757964,-68.28992144744566,90.64577710660782,3160
blend,roc,60,2,6,0.4,0.6,0.3156551568320452,-13.801783055187233,76.71210936789994,3146
pool,roc,60,2,10,0.0,1.0,0.11762386000372085,-59.91111363099017,84.92511351794938,3159
blend,roc,60,2,10,0.4,0.6,0.36028011530345294,17.81958783713804,72.44648102960896,3148
pool,roc,60,3,3,0.0,1.0,-0.024793745203898997,-63.85491849080582,90.50370652385753,4736
blend,roc,60,3,3,0.4,0.6,0.028710265517414613,-61.22668853151983,86.39515032678023,4716
pool,roc,60,3,5,0.0,1.0,0.1767960297373265,-25.647242498274426,83.839180706367,4739
blend,roc,60,3,5,0.4,0.6,0.19779733720772694,-21.14541305140073,76.66082774331055,4721
pool,roc,60,3,6,0.0,1.0,0.2403973122795586,-6.541837105984039,80.9880706010787,4742
blend,roc,60,3,6,0.4,0.6,0.24919682122301048,-4.5961885579613675,72.22343718636336,4724
pool,roc,60,3,10,0.0,1.0,0.2755914435332365,10.289408830587421,73.7154738875504,4744
blend,roc,60,3,10,0.4,0.6,0.37978836186993215,53.94895999957112,60.93474966109953,4726
pool,roc,60,5,3,0.0,1.0,0.028796427466368624,-40.26541101660738,81.61340547966664,7834
blend,roc,60,5,3,0.4,0.6,0.16609354172182028,-11.19905133321174,71.22169072251356,7860
pool,roc,60,5,5,0.0,1.0,0.2925753977766298,25.69705404167626,73.14382517120556,7868
blend,roc,60,5,5,0.4,0.6,0.41351267032164357,72.24126341454993,61.83330974845405,7850
pool,roc,60,5,6,0.0,1.0,0.3540909094131521,47.47179675736424,70.26590614491406,7869
blend,roc,60,5,6,0.4,0.6,0.46954212976401444,100.21095609844322,59.3483118794517,7845
pool,roc,60,5,10,0.0,1.0,0.47632145460655756,100.46455283070692,60.973048452837006,7882
blend,roc,60,5,10,0.4,0.6,0.576304946620471,156.56939869629238,53.40652762331713,7863
pool,roc,120,2,3,0.0,1.0,0.16729887742000876,-62.2602655434781,89.3145041017908,3164
blend,roc,120,2,3,0.4,0.6,0.12776298243765682,-48.963551546054994,82.05487384913974,3166
pool,roc,120,2,5,0.0,1.0,0.2521613925282143,-40.438825161915574,80.67437260133362,3164
blend,roc,120,2,5,0.4,0.6,0.29670610975182776,2.9054971367087346,73.88747808775923,3163
pool,roc,120,2,6,0.0,1.0,0.24708339524361506,-41.05532399028593,78.96917169633832,3162
blend,roc,120,2,6,0.4,0.6,0.3489344441544113,26.050023368924748,71.61942235036992,3162
pool,roc,120,2,10,0.0,1.0,0.3045031065290029,-9.335585513788736,69.42938647598382,3160
blend,roc,120,2,10,0.4,0.6,0.3987731604007296,56.64059399969559,70.61193154511528,3160
pool,roc,120,3,3,0.0,1.0,0.17625639709523708,-28.444375261405554,78.93559847065056,4743
blend,roc,120,3,3,0.4,0.6,0.18593443085926592,-21.245352084471026,73.425999711317,4746
pool,roc,120,3,5,0.0,1.0,0.2893620327330834,6.591622669034591,71.49237876800278,4743
blend,roc,120,3,5,0.4,0.6,0.3710374818113698,46.82816301637098,61.57165030133414,4743
pool,roc,120,3,6,0.0,1.0,0.31468646275302764,15.584959608720595,69.54564842087903,4743
blend,roc,120,3,6,0.4,0.6,0.41682714619408223,71.0619981779976,58.54617115640013,4740
pool,roc,120,3,10,0.0,1.0,0.31091797026505086,18.11162269845599,66.94863184833562,4745
blend,roc,120,3,10,0.4,0.6,0.5353816982124542,150.59730682169567,52.166905582427084,4736
pool,roc,120,5,3,0.0,1.0,0.21128880727840174,-3.2112722782489223,77.76267941039634,7879
blend,roc,120,5,3,0.4,0.6,0.3736865950047091,55.0365425313031,60.626034471989996,7892
pool,roc,120,5,5,0.0,1.0,0.3871803842465022,59.67519776202557,67.1247506838794,7888
blend,roc,120,5,5,0.4,0.6,0.5741050363341583,156.31692258618003,52.27374105872846,7887
pool,roc,120,5,6,0.0,1.0,0.4562908203678401,92.42509533337875,62.186096095502485,7889
blend,roc,120,5,6,0.4,0.6,0.6224782945980286,189.98085964089793,48.26995895662921,7887
pool,roc,120,5,10,0.0,1.0,0.5711842952539404,157.30070834171772,50.93300237280553,7897
blend,roc,120,5,10,0.4,0.6,0.7026582002890556,246.59698573368743,39.52710197070832,7876
pool,ma_gap,20,2,3,0.0,1.0,0.014596130068298342,-71.86954240890321,96.5464275707372,3156
blend,ma_gap,20,2,3,0.4,0.6,-0.07402375216946724,-88.6463408049002,94.58734391625693,3134
pool,ma_gap,20,2,5,0.0,1.0,0.15761845972986913,-45.269734554618346,93.41111331503437,3159
blend,ma_gap,20,2,5,0.4,0.6,-0.04861140202088633,-74.65969594956799,89.97955520985494,3144
pool,ma_gap,20,2,6,0.0,1.0,0.1787075028613051,-37.19457445807104,90.68565208795752,3162
blend,ma_gap,20,2,6,0.4,0.6,0.06733858478769976,-61.03453663591707,85.92043156450958,3149
pool,ma_gap,20,2,10,0.0,1.0,0.24540557443296784,-16.529149461287062,87.12567629139232,3160
blend,ma_gap,20,2,10,0.4,0.6,0.17296947687247385,-30.585047446326474,77.9606454700965,3154
pool,ma_gap,20,3,3,0.0,1.0,0.008141048850285822,-60.401049772421175,90.06500512161335,4715
blend,ma_gap,20,3,3,0.4,0.6,-0.20634859561289812,-78.52839015594242,91.34627641922826,4715
pool,ma_gap,20,3,5,0.0,1.0,0.17039982186087874,-23.249777177493346,84.2488004574109,4726
blend,ma_gap,20,3,5,0.4,0.6,-0.006499233559249631,-52.81402675068012,82.8955997562689,4727
pool,ma_gap,20,3,6,0.0,1.0,0.17314863656288557,-19.00427879131521,80.80289294190247,4735
blend,ma_gap,20,3,6,0.4,0.6,0.11706747398061816,-28.879696587529946,77.3492551015161,4727
pool,ma_gap,20,3,10,0.0,1.0,0.29757251762838965,20.482164921218637,75.70826876814792,4732
blend,ma_gap,20,3,10,0.4,0.6,0.30634972060169996,27.262966618244143,64.71471759493316,4733
pool,ma_gap,20,5,3,0.0,1.0,-0.15255946134015946,-61.517464596750685,82.29492854308708,7834
blend,ma_gap,20,5,3,0.4,0.6,-0.14670231272077155,-59.477617542242164,83.2694463716183,7854
pool,ma_gap,20,5,5,0.0,1.0,0.06041186387626689,-29.850483217697033,75.43127870899015,7854
blend,ma_gap,20,5,5,0.4,0.6,0.13622574056583048,-16.7494480193076,75.44051468621595,7854
pool,ma_gap,20,5,6,0.0,1.0,0.1355132871676748,-14.809407675344344,71.27193576763014,7849
blend,ma_gap,20,5,6,0.4,0.6,0.22279125498763233,5.091579902897125,70.43138778782365,7859
pool,ma_gap,20,5,10,0.0,1.0,0.2868601944651963,25.989290999178504,64.28726759967162,7856
blend,ma_gap,20,5,10,0.4,0.6,0.40237994387712656,66.89241538006037,58.827273009095194,7868
pool,ma_gap,60,2,3,0.0,1.0,-0.13990833403263694,-86.70202104923051,95.09975309509889,3133
blend,ma_gap,60,2,3,0.4,0.6,0.030440817538810675,-81.00830664449444,93.27368876873217,3141
pool,ma_gap,60,2,5,0.0,1.0,0.023217412219502964,-70.13897682754053,91.78559123227407,3153
blend,ma_gap,60,2,5,0.4,0.6,0.0983547759014804,-58.938200474479665,88.38890634782702,3146
pool,ma_gap,60,2,6,0.0,1.0,0.04965866839792456,-65.9757754850497,90.71684944352434,3153
blend,ma_gap,60,2,6,0.4,0.6,0.10563623384705102,-54.399372993025466,86.8138791501079,3155
pool,ma_gap,60,2,10,0.0,1.0,0.11480336391262529,-51.36026218144918,87.76731149049472,3150
blend,ma_gap,60,2,10,0.4,0.6,0.19379645822920738,-29.168806022686745,81.29901963892428,3149
pool,ma_gap,60,3,3,0.0,1.0,-0.10049718065295285,-72.73200838470405,90.99837029489704,4711
blend,ma_gap,60,3,3,0.4,0.6,-0.11123239251946958,-72.56011174350301,90.97054746542322,4719
pool,ma_gap,60,3,5,0.0,1.0,0.08174513849140079,-41.847624765369275,87.28083258641752,4725
blend,ma_gap,60,3,5,0.4,0.6,0.049418662671772015,-46.99087741677217,84.00887663199408,4720
pool,ma_gap,60,3,6,0.0,1.0,0.142324062324515,-27.817876864833902,84.69891972394011,4729
blend,ma_gap,60,3,6,0.4,0.6,0.11912768234421069,-32.55997957173129,79.96670825346513,4727
pool,ma_gap,60,3,10,0.0,1.0,0.29861711125851087,20.76840376020852,77.49257777422571,4730
blend,ma_gap,60,3,10,0.4,0.6,0.2353876720634998,0.10402598507901484,72.48854584695724,4721
pool,ma_gap,60,5,3,0.0,1.0,-0.2704500566931944,-70.26380745453092,85.3475373605615,7846
blend,ma_gap,60,5,3,0.4,0.6,-0.0939052118491608,-54.7736429699437,83.4386925145429,7860
pool,ma_gap,60,5,5,0.0,1.0,0.05718574228159984,-31.84181669533306,77.88553427863742,7849
blend,ma_gap,60,5,5,0.4,0.6,0.1678981142759713,-10.107797575518196,74.55973997219033,7850
pool,ma_gap,60,5,6,0.0,1.0,0.15143509931065355,-12.691884152141398,74.04353271788361,7844
blend,ma_gap,60,5,6,0.4,0.6,0.2841305838814108,22.95464943552954,69.40689238034156,7850
pool,ma_gap,60,5,10,0.0,1.0,0.34889747203909643,46.251780463094306,66.5092920608234,7861
blend,ma_gap,60,5,10,0.4,0.6,0.3689253717818888,53.30962962971586,60.76063687791421,7840
universe,rev,60,2,6,0.0,1.0,0.6015036177551577,253.56534841474442,66.60901783722298,3163
universe,rev,60,3,5,0.0,1.0,0.5056825204612133,120.20690554314824,61.973494504581694,4740
universe,roc,60,2,6,0.0,1.0,-0.3509087039791608,-95.2591864762663,97.81570083476777,2765
universe,roc,60,3,5,0.0,1.0,-0.3542440623541756,-93.71382145686509,96.4122115076603,4174
