方案,年,收益%,夏普,回撤%,交易日
现行,2023,28.25,1.5064,19.98,242
现行,2024,73.34,2.2991,13.22,242
现行,2025,118.2,3.9629,13.11,243
现行,2026,53.51,2.7724,18.2,159
规则1_T2开到T1收,2023,25.65,1.5347,18.29,242
规则1_T2开到T1收,2024,76.46,2.4612,12.33,242
规则1_T2开到T1收,2025,108.79,3.9157,12.25,243
规则1_T2开到T1收,2026,51.8,2.91,16.67,159
规则2_T2开到T开,2023,25.35,1.4998,18.1,242
规则2_T2开到T开,2024,77.79,2.4767,12.85,242
规则2_T2开到T开,2025,106.48,3.8212,13.15,243
规则2_T2开到T开,2026,51.63,2.8717,16.56,159
规则3_T3收到T1收,2023,26.08,1.5349,17.65,242
规则3_T3收到T1收,2024,73.0,2.3764,12.66,242
规则3_T3收到T1收,2025,112.04,3.9867,12.34,243
规则3_T3收到T1收,2026,60.15,3.2099,14.8,159
