signal,win0,trade_from,tag,ret,mdd,sh_list,names
2019-12-31,2019-01-01,2020-01-01,2020-01,1.4343,4.1357,"2.96,2.33,2.33",恒铭达、亚钾国际、海信视像
2020-01-31,2019-02-01,2020-02-01,2020-02,16.5518,5.0741,"2.87,2.87,2.85",姚记科技、恒铭达、晶方科技
2020-02-29,2019-03-01,2020-03-01,2020-03,-13.0152,13.0152,"3.06,2.68,2.47",晶方科技、恒铭达、九洲药业
2020-03-31,2019-04-01,2020-04-01,2020-04,-2.1275,10.1409,"2.69,2.59,2.49",恒铭达、晶方科技、神马电力
2020-04-30,2019-05-01,2020-05-01,2020-05,-7.9029,9.4862,"3.03,2.82,2.45",晶方科技、恒铭达、世运电路
2020-05-31,2019-06-01,2020-06-01,2020-06,10.0472,4.7737,"2.97,2.84,2.70",广东宏大、晶方科技、珠免集团
2020-06-30,2019-07-01,2020-07-01,2020-07,4.5407,11.3161,"3.00,2.97,2.67",晶方科技、珠免集团、远光软件
2020-07-31,2019-08-01,2020-08-01,2020-08,1.4616,6.8815,"3.47,3.11,3.00",广东宏大、应流股份、珠免集团
2020-08-31,2019-09-01,2020-09-01,2020-09,-2.9201,4.5188,"3.31,3.15,3.09",广东宏大、埃斯顿、晶方科技
2020-09-30,2019-10-01,2020-10-01,2020-10,2.5588,2.3177,"3.39,3.12,3.05",埃斯顿、赤峰黄金、广东宏大
2020-10-31,2019-11-01,2020-11-01,2020-11,-6.6463,10.3732,"3.73,3.22,2.87",埃斯顿、赤峰黄金、广东宏大
2020-11-30,2019-12-01,2020-12-01,2020-12,11.0584,5.5909,"3.50,3.04,2.90",埃斯顿、赤峰黄金、抚顺特钢
2020-12-31,2020-01-01,2021-01-01,2021-01,-1.9177,11.9538,"3.29,3.05,2.94",埃斯顿、抚顺特钢、艾迪精密
2021-01-31,2020-02-01,2021-02-01,2021-02,2.4060,3.5189,"3.45,3.28,2.84",艾迪精密、埃斯顿、拓邦股份
2021-02-28,2020-02-29,2021-03-01,2021-03,-5.0914,5.9397,"3.42,2.87,2.61",艾迪精密、埃斯顿、重庆啤酒
2021-03-31,2020-04-01,2021-04-01,2021-04,5.5939,5.2421,"3.23,2.81,2.78",艾迪精密、埃斯顿、融捷股份
2021-04-30,2020-05-01,2021-05-01,2021-05,0.2227,6.3040,"3.43,3.38,2.44",融捷股份、艾迪精密、埃斯顿
2021-05-31,2020-06-01,2021-06-01,2021-06,1.6095,6.3688,"3.23,2.99,2.45",艾迪精密、融捷股份、齐翔腾达
2021-06-30,2020-07-01,2021-07-01,2021-07,26.7898,10.4748,"2.84,2.80,2.52",融捷股份、石大胜华、齐翔腾达
2021-07-31,2020-08-01,2021-08-01,2021-08,-5.9366,9.5953,"3.56,2.67,2.40",融捷股份、西藏矿业、广誉远
2021-08-31,2020-09-01,2021-09-01,2021-09,-14.9740,21.6696,"2.85,2.65,2.62",融捷股份、鄂尔多斯、永太科技
2021-09-30,2020-10-01,2021-10-01,2021-10,-3.2577,6.5060,"2.73,2.66,2.56",齐翔腾达、珍宝岛、鄂尔多斯
2021-10-31,2020-11-01,2021-11-01,2021-11,3.5551,6.1059,"2.74,2.49,2.48",齐翔腾达、永太科技、湖北宜化
2021-11-30,2020-12-01,2021-12-01,2021-12,-8.6845,10.0393,"2.76,2.58,2.55",四方股份、建元信托、大金重工
2021-12-31,2021-01-01,2022-01-01,2022-01,-5.5647,9.6719,"2.70,2.57,2.51",九安医疗、江山股份、四方股份
2022-01-31,2021-02-01,2022-02-01,2022-02,-5.3401,9.7740,"2.79,2.74,2.44",九安医疗、西藏城投、建元信托
2022-02-28,2021-03-01,2022-03-01,2022-03,-7.6445,11.9821,"2.60,2.32,2.25",西藏城投、九安医疗、飞龙股份
2022-03-31,2021-04-01,2022-04-01,2022-04,5.4390,4.9184,"2.41,2.32,2.19",九安医疗、精达股份、中矿资源
2022-04-30,2021-05-01,2022-05-01,2022-05,-6.1870,8.1882,"2.42,2.20,2.14",九安医疗、精达股份、西藏城投
2022-05-31,2021-06-01,2022-06-01,2022-06,12.3517,4.9946,"2.30,2.10,2.06",中矿资源、西藏矿业、西藏城投
2022-06-30,2021-07-01,2022-07-01,2022-07,1.6770,7.0873,"2.50,2.37,2.31",中矿资源、科士达、西藏城投
2022-07-31,2021-08-01,2022-08-01,2022-08,-2.0620,7.6403,"3.32,2.81,2.16",祥鑫科技、中矿资源、宝武镁业
2022-08-31,2021-09-01,2022-09-01,2022-09,-2.2477,6.4328,"3.40,2.25,2.17",祥鑫科技、长江通信、中矿资源
2022-09-30,2021-10-01,2022-10-01,2022-10,-7.9677,10.3200,"3.10,1.94,1.91",祥鑫科技、中大力德、高新发展
2022-10-31,2021-11-01,2022-11-01,2022-11,8.8130,7.7374,"2.88,2.13,2.05",祥鑫科技、华懋科技、众生药业
2022-11-30,2021-12-01,2022-12-01,2022-12,-17.2027,18.1838,"2.59,2.19,1.91",中国科传、祥鑫科技、以岭药业
2022-12-31,2022-01-01,2023-01-01,2023-01,1.4933,3.7797,"2.30,2.19,2.10",禾盛新材、众生药业、祥鑫科技
2023-01-31,2022-02-01,2023-02-01,2023-02,-3.8223,5.6636,"2.75,2.57,2.40",禾盛新材、祥鑫科技、长江通信
2023-02-28,2022-03-01,2023-03-01,2023-03,-7.4831,9.7736,"2.57,2.46,2.26",长江通信、禾盛新材、祥鑫科技
2023-03-31,2022-04-01,2023-04-01,2023-04,13.2306,4.1058,"2.66,2.24,2.20",长江通信、剑桥科技、中国科传
2023-04-30,2022-05-01,2023-05-01,2023-05,-10.1671,12.3278,"3.25,2.49,2.30",剑桥科技、中国科传、中文传媒
2023-05-31,2022-06-01,2023-06-01,2023-06,-5.4578,6.8675,"3.07,2.18,2.12",剑桥科技、太极股份、淳中科技
2023-06-30,2022-07-01,2023-07-01,2023-07,-5.2924,5.5219,"3.07,2.25,2.16",剑桥科技、禾盛新材、太极股份
2023-07-31,2022-08-01,2023-08-01,2023-08,-3.3932,5.5263,"2.73,2.07,1.77",剑桥科技、太极股份、华菱钢铁
2023-08-31,2022-09-01,2023-09-01,2023-09,4.8109,5.3719,"2.67,2.40,2.19",新疆交建、剑桥科技、太极股份
2023-09-30,2022-10-01,2023-10-01,2023-10,-17.7483,20.5172,"2.55,2.46,2.35",新疆交建、剑桥科技、太极股份
2023-10-31,2022-11-01,2023-11-01,2023-11,4.4226,10.8038,"2.76,2.19,2.12",高新发展、中国外运、中贝通信
2023-11-30,2022-12-01,2023-12-01,2023-12,-13.8715,15.6020,"2.61,2.19,2.04",高新发展、恒为科技、太极集团
2023-12-31,2023-01-01,2024-01-01,2024-01,-8.8740,9.5603,"2.47,2.41,2.32",通化金马、高新发展、恒为科技
2024-01-31,2023-02-01,2024-02-01,2024-02,12.9228,5.9660,"2.21,2.13,1.98",通化金马、中国外运、恒为科技
2024-02-29,2023-03-01,2024-03-01,2024-03,0.6993,6.3704,"2.58,2.30,2.18",高新发展、恒为科技、中国外运
2024-03-31,2023-04-01,2024-04-01,2024-04,-10.3432,18.3922,"2.91,2.81,2.59",福蓉科技、高新发展、通化金马
2024-04-30,2023-05-01,2024-05-01,2024-05,1.7919,2.8388,"2.74,2.65,2.57",恒为科技、福蓉科技、海兴电力
2024-05-31,2023-06-01,2024-06-01,2024-06,2.3109,2.7192,"3.21,2.75,2.55",海兴电力、三祥新材、恒为科技
2024-06-30,2023-07-01,2024-07-01,2024-07,-2.8308,6.2683,"2.98,2.64,2.63",海兴电力、金徽股份、三祥新材
2024-07-31,2023-08-01,2024-08-01,2024-08,-4.8847,5.8636,"2.68,2.68,2.65",三祥新材、海兴电力、沃尔核材
2024-08-31,2023-09-01,2024-09-01,2024-09,5.3697,5.7685,"2.71,2.56,2.25",三祥新材、海兴电力、北化股份
2024-09-30,2023-10-01,2024-10-01,2024-10,26.5358,3.6896,"2.84,2.59,2.56",三祥新材、北化股份、海能达
2024-10-31,2023-11-01,2024-11-01,2024-11,-14.9898,18.3442,"3.87,3.14,3.09",海能达、三祥新材、电投水电
2024-11-30,2023-12-01,2024-12-01,2024-12,-7.6584,7.6584,"2.95,2.82,2.73",万丰奥威、安泰科技、电投水电
2024-12-31,2024-01-01,2025-01-01,2025-01,-4.9859,7.9735,"2.99,2.64,2.62",万丰奥威、金龙汽车、利君股份
2025-01-31,2024-02-01,2025-02-01,2025-02,-3.0698,5.7733,"3.24,2.87,2.74",华懋科技、金龙汽车、应流股份
2025-02-28,2024-02-29,2025-03-01,2025-03,-0.7632,10.5234,"2.95,2.79,2.77",三祥新材、美格智能、捷昌驱动
2025-03-31,2024-04-01,2025-04-01,2025-04,0.0366,9.5247,"2.81,2.71,2.54",华懋科技、深圳华强、威孚高科
2025-04-30,2024-05-01,2025-05-01,2025-05,-5.9299,7.4383,"2.71,2.70,2.55",深圳华强、泛微网络、南京高科
2025-05-31,2024-06-01,2025-06-01,2025-06,-1.8504,3.8894,"2.91,2.86,2.68",南京高科、华懋科技、泛微网络
2025-06-30,2024-07-01,2025-07-01,2025-07,7.7389,2.1072,"3.47,2.93,2.85",招金黄金、南京高科、泛微网络
2025-07-31,2024-08-01,2025-08-01,2025-08,3.4757,4.7476,"3.07,3.04,2.98",招金黄金、东材科技、泛微网络
2025-08-31,2024-09-01,2025-09-01,2025-09,-4.1351,6.8492,"3.74,3.35,3.23",长飞光纤、东材科技、招金黄金
2025-09-30,2024-10-01,2025-10-01,2025-10,6.6063,5.8588,"3.44,3.15,3.10",招金黄金、大洋电机、剑桥科技
2025-10-31,2024-11-01,2025-11-01,2025-11,3.2123,3.6803,"3.23,3.03,2.88",大洋电机、中坚科技、和而泰
2025-11-30,2024-12-01,2025-12-01,2025-12,6.1749,5.7141,"3.21,2.54,2.48",大洋电机、剑桥科技、长飞光纤
2025-12-31,2025-01-01,2026-01-01,2026-01,5.7529,3.5146,"2.98,2.76,2.74",大洋电机、盛屯矿业、长飞光纤
2026-01-31,2025-02-01,2026-02-01,2026-02,0.6007,3.1747,"3.29,3.25,2.99",招金黄金、禾盛新材、大洋电机
2026-02-28,2025-03-01,2026-03-01,2026-03,-7.5272,8.5692,"3.63,3.22,3.16",章源钨业、禾盛新材、中色股份
2026-03-31,2025-04-01,2026-04-01,2026-04,8.2961,4.6975,"3.15,2.98,2.79",章源钨业、中色股份、禾盛新材
2026-04-30,2025-05-01,2026-05-01,2026-05,-11.8593,12.5723,"3.66,3.15,3.14",金安国纪、章源钨业、大中矿业
2026-05-31,2025-06-01,2026-06-01,2026-06,11.9202,6.0189,"3.17,2.96,2.95",金安国纪、协鑫能科、中色股份
2026-06-30,2025-07-01,2026-07-01,2026-07,-25.9919,29.0992,"3.78,3.39,3.11",金安国纪、德明利、淳中科技
2026-07-31,2025-08-01,2026-08-01,2026-08,17.2924,2.4368,"2.68,2.56,2.49",金安国纪、章源钨业、德明利
