year,ret_pct,start,end,id
2020,86.67635668713439,2020-01-02,2020-12-31,s10_default_20_20_k5
2021,161.49180698819575,2021-01-04,2021-12-31,s10_default_20_20_k5
2022,19.97837348526703,2022-01-04,2022-12-30,s10_default_20_20_k5
2023,15.222814866228628,2023-01-03,2023-12-29,s10_default_20_20_k5
2024,75.99922728550443,2024-01-02,2024-12-31,s10_default_20_20_k5
2025,176.14668123065113,2025-01-02,2025-12-31,s10_default_20_20_k5
2026,56.19919892523051,2026-01-05,2026-08-11,s10_default_20_20_k5
2020,829.6310567232842,2020-01-02,2020-12-31,s10_opt_5_10_k5
2021,267.18059927866716,2021-01-04,2021-12-31,s10_opt_5_10_k5
2022,74.71114833598631,2022-01-04,2022-12-30,s10_opt_5_10_k5
2023,104.55426636648868,2023-01-03,2023-12-29,s10_opt_5_10_k5
2024,147.25558431911855,2024-01-02,2024-12-31,s10_opt_5_10_k5
2025,182.19236008834315,2025-01-02,2025-12-31,s10_opt_5_10_k5
2026,100.3032613364665,2026-01-05,2026-08-11,s10_opt_5_10_k5
2020,12955.894438198411,2020-01-02,2020-12-31,s10_wf_3_5_k3
2021,3378.7212941234225,2021-01-04,2021-12-31,s10_wf_3_5_k3
2022,372.2017189892185,2022-01-04,2022-12-30,s10_wf_3_5_k3
2023,371.93504308965635,2023-01-03,2023-12-29,s10_wf_3_5_k3
2024,236.62136370362967,2024-01-02,2024-12-31,s10_wf_3_5_k3
2025,295.08075449897245,2025-01-02,2025-12-31,s10_wf_3_5_k3
2026,274.58934081278994,2026-01-05,2026-08-11,s10_wf_3_5_k3
2020,59.183956084117575,2020-01-02,2020-12-31,f10_composite_k5
2021,170.33713923187054,2021-01-04,2021-12-31,f10_composite_k5
2022,38.794650287463405,2022-01-04,2022-12-30,f10_composite_k5
2023,48.20094136066644,2023-01-03,2023-12-29,f10_composite_k5
2024,61.83658434286876,2024-01-02,2024-12-31,f10_composite_k5
2025,341.8146164485241,2025-01-02,2025-12-31,f10_composite_k5
2026,106.28254997747759,2026-01-05,2026-08-11,f10_composite_k5
2020,31.88407147494756,2020-01-02,2020-12-31,univ_ew
2021,32.170984391199255,2021-01-04,2021-12-31,univ_ew
2022,-8.564597271740082,2022-01-04,2022-12-30,univ_ew
2023,3.8913371755633808,2023-01-03,2023-12-29,univ_ew
2024,15.121194306674868,2024-01-02,2024-12-31,univ_ew
2025,30.12002585804625,2025-01-02,2025-12-31,univ_ew
2026,0.6828539046867199,2026-01-05,2026-08-11,univ_ew
