date,slot,side,symbol,name,px,shares
2023-01-03,0,assign,sh600862,中航高科,,0.0
2023-01-03,0,buy,sh600862,中航高科,21.901879999999995,4300.0
2023-01-03,1,assign,sz002572,索菲亚,,0.0
2023-01-03,2,assign,sz002601,龙佰集团,,0.0
2023-01-03,3,assign,sz000620,盈新发展,,0.0
2023-01-03,3,buy,sz000620,盈新发展,3.8238199999999996,24800.0
2023-01-03,4,assign,sh603308,应流股份,,0.0
2023-01-04,1,buy,sz002572,索菲亚,14.414399999999999,6500.0
2023-01-05,3,sell_stop,sz000620,盈新发展,3.94605,24800.0
2023-01-05,3,assign,sz000620,盈新发展,,0.0
2023-01-06,4,buy,sh603308,应流股份,20.990969999999997,4500.0
2023-01-09,0,sell_stop,sh600862,中航高科,21.70827,4300.0
2023-01-09,1,sell_stop,sz002572,索菲亚,15.774209999999998,6500.0
2023-01-09,4,sell_stop,sh603308,应流股份,20.99898,4500.0
2023-01-09,0,assign,sh600862,中航高科,,0.0
2023-01-09,1,assign,sz002572,索菲亚,,0.0
2023-01-09,2,buy,sz002601,龙佰集团,17.417399999999997,5400.0
2023-01-09,4,assign,sh603308,应流股份,,0.0
2023-01-10,0,buy,sh600862,中航高科,22.28226,4200.0
2023-01-11,1,buy,sz002572,索菲亚,16.82681,6100.0
2023-01-16,3,buy,sz000620,盈新发展,3.23323,30200.0
2023-01-17,3,sell_stop,sz000620,盈新发展,3.1468499999999997,30200.0
2023-01-17,3,assign,sz000620,盈新发展,,0.0
2023-01-18,1,sell_stop,sz002572,索菲亚,16.563419999999997,6100.0
2023-01-18,1,assign,sz002572,索菲亚,,0.0
2023-01-20,3,buy,sz000620,盈新发展,3.14314,30300.0
2023-01-30,4,buy,sh603308,应流股份,20.920899999999996,4500.0
2023-02-01,4,sell_stop,sh603308,应流股份,20.65932,4500.0
2023-02-01,4,assign,sh600711,盛屯矿业,,0.0
2023-02-01,4,buy,sh600711,盛屯矿业,6.28628,14900.0
2023-02-02,0,sell_stop,sh600862,中航高科,23.736240000000002,4200.0
2023-02-02,0,assign,sh601208,东材科技,,0.0
2023-02-03,0,buy,sh601208,东材科技,13.153139999999999,7500.0
2023-02-06,0,sell_stop,sh601208,东材科技,12.587399999999999,7500.0
2023-02-06,2,sell_stop,sz002601,龙佰集团,19.180799999999998,5400.0
2023-02-06,3,sell_stop,sz000620,盈新发展,3.0969,30300.0
2023-02-06,0,assign,sz000620,盈新发展,,0.0
2023-02-06,2,assign,sh601208,东材科技,,0.0
2023-02-06,3,assign,sz002601,龙佰集团,,0.0
2023-02-08,0,buy,sz000620,盈新发展,3.22322,29700.0
2023-02-08,2,buy,sh601208,东材科技,12.98297,8000.0
2023-02-10,1,buy,sz002572,索菲亚,16.47646,6100.0
2023-02-14,0,sell_stop,sz000620,盈新发展,3.13686,29700.0
2023-02-14,0,assign,sz000620,盈新发展,,0.0
2023-02-15,1,sell_stop,sz002572,索菲亚,16.59339,6100.0
2023-02-15,1,assign,sz002572,索菲亚,,0.0
2023-02-16,4,sell_stop,sh600711,盛屯矿业,6.00399,14900.0
2023-02-16,4,assign,sh600711,盛屯矿业,,0.0
2023-02-20,0,buy,sz000620,盈新发展,3.1231199999999997,29800.0
2023-02-20,1,buy,sz002572,索菲亚,16.806789999999996,6000.0
2023-02-20,3,buy,sz002601,龙佰集团,19.22921,4800.0
2023-02-21,1,sell_stop,sz002572,索菲亚,17.55243,6000.0
2023-02-21,1,assign,sz002572,索菲亚,,0.0
2023-02-21,4,buy,sh600711,盛屯矿业,6.2762699999999985,14200.0
2023-02-22,1,buy,sz002572,索菲亚,18.24823,5800.0
2023-02-27,2,sell_stop,sh601208,东材科技,13.286700000000002,8000.0
2023-02-27,2,assign,sh601208,东材科技,,0.0
2023-03-03,1,sell_stop,sz002572,索菲亚,17.96202,5800.0
2023-03-03,1,assign,sz002572,索菲亚,,0.0
2023-03-06,3,sell_stop,sz002601,龙佰集团,18.811169999999997,4800.0
2023-03-06,3,assign,sh600021,上海电力,,0.0
2023-03-09,2,buy,sh601208,东材科技,13.423409999999999,7900.0
2023-03-10,2,sell_stop,sh601208,东材科技,12.80718,7900.0
2023-03-10,2,assign,sh601208,东材科技,,0.0
2023-03-14,3,buy,sh600021,上海电力,9.709699999999998,9400.0
2023-03-15,2,buy,sh601208,东材科技,13.012999999999998,7800.0
2023-03-16,0,sell_stop,sz000620,盈新发展,2.82717,29800.0
2023-03-16,2,sell_stop,sh601208,东材科技,12.17781,7800.0
2023-03-16,0,assign,sh601208,东材科技,,0.0
2023-03-16,2,assign,sz000620,盈新发展,,0.0
2023-03-20,3,sell_stop,sh600021,上海电力,9.41058,9400.0
2023-03-20,3,assign,sh600021,上海电力,,0.0
2023-03-21,1,buy,sz002572,索菲亚,15.855839999999999,6600.0
2023-03-22,1,sell_stop,sz002572,索菲亚,15.984,6600.0
2023-03-22,1,assign,sz002572,索菲亚,,0.0
2023-03-23,1,buy,sz002572,索菲亚,16.35634,6400.0
2023-03-24,0,buy,sh601208,东材科技,12.922909999999998,6500.0
2023-03-27,0,sell_stop,sh601208,东材科技,12.36762,6500.0
2023-03-27,1,sell_stop,sz002572,索菲亚,15.73425,6400.0
2023-03-27,0,assign,sh601208,东材科技,,0.0
2023-03-27,1,assign,sz002572,索菲亚,,0.0
2023-03-29,2,buy,sz000620,盈新发展,2.8528499999999997,33300.0
2023-03-30,0,buy,sh601208,东材科技,12.492479999999999,6500.0
2023-03-30,1,buy,sz002572,索菲亚,15.555539999999997,6500.0
2023-04-03,3,assign,sh600345,长江通信,,0.0
2023-04-04,0,sell_stop,sh601208,东材科技,12.207780000000001,6500.0
2023-04-04,1,sell_stop,sz002572,索菲亚,15.82416,6500.0
2023-04-04,2,sell_stop,sz000620,盈新发展,2.91708,33300.0
2023-04-04,0,assign,sz002170,芭田股份,,0.0
2023-04-04,1,assign,sh603025,大豪科技,,0.0
2023-04-04,2,assign,sh600338,西藏珠峰,,0.0
2023-04-12,3,buy,sh600345,长江通信,19.539519999999996,4500.0
2023-04-14,3,sell_stop,sh600345,长江通信,19.4805,4500.0
2023-04-14,2,buy,sh600338,西藏珠峰,21.91189,4400.0
2023-04-14,3,assign,sh600345,长江通信,,0.0
2023-04-17,0,buy,sz002170,芭田股份,5.845839999999999,13600.0
2023-04-19,0,sell_stop,sz002170,芭田股份,5.73426,13600.0
2023-04-19,2,sell_stop,sh600338,西藏珠峰,21.19878,4400.0
2023-04-19,0,assign,sz002170,芭田股份,,0.0
2023-04-19,2,assign,sh600338,西藏珠峰,,0.0
2023-04-19,3,buy,sh600345,长江通信,19.85984,4400.0
2023-04-21,3,sell_stop,sh600345,长江通信,19.81017,4400.0
2023-04-21,0,buy,sz002170,芭田股份,5.875869999999999,13200.0
2023-04-21,1,buy,sh603025,大豪科技,11.981969999999999,8600.0
2023-04-21,3,assign,sh600345,长江通信,,0.0
2023-04-24,1,sell_stop,sh603025,大豪科技,11.05893,8600.0
2023-04-24,1,assign,sh603025,大豪科技,,0.0
2023-04-24,2,buy,sh600338,西藏珠峰,20.80078,4500.0
2023-04-24,3,buy,sh600345,长江通信,20.2202,4300.0
2023-04-25,0,sell_stop,sz002170,芭田股份,5.61438,13200.0
2023-04-25,2,sell_stop,sh600338,西藏珠峰,19.85013,4500.0
2023-04-25,3,sell_stop,sh600345,长江通信,19.290689999999998,4300.0
2023-04-25,4,sell_stop,sh600711,盛屯矿业,5.16483,14200.0
2023-04-25,0,assign,sh600345,长江通信,,0.0
2023-04-25,2,assign,sz002170,芭田股份,,0.0
2023-04-25,3,assign,sh600338,西藏珠峰,,0.0
2023-04-25,4,assign,sh603638,艾迪精密,,0.0
2023-04-26,2,buy,sz002170,芭田股份,5.59559,16000.0
2023-04-26,3,buy,sh600338,西藏珠峰,19.6196,4300.0
2023-04-26,4,buy,sh603638,艾迪精密,15.695679999999998,4700.0
2023-04-28,3,sell_stop,sh600338,西藏珠峰,19.22076,4300.0
2023-04-28,0,buy,sh600345,长江通信,18.6186,4000.0
2023-04-28,1,buy,sh603025,大豪科技,11.24123,8500.0
2023-04-28,3,assign,sh600338,西藏珠峰,,0.0
2023-05-04,0,sell_stop,sh600345,长江通信,19.39059,4000.0
2023-05-04,0,assign,sh600021,上海电力,,0.0
2023-05-04,3,assign,sz002317,众生药业,,0.0
2023-05-05,2,sell_stop,sz002170,芭田股份,5.71428,16000.0
2023-05-05,0,buy,sh600021,上海电力,9.999989999999999,7700.0
2023-05-05,2,assign,sh600345,长江通信,,0.0
2023-05-12,3,buy,sz002317,众生药业,16.28627,5100.0
2023-05-15,0,sell_stop,sh600021,上海电力,10.45953,7700.0
2023-05-15,3,sell_stop,sz002317,众生药业,15.63435,5100.0
2023-05-15,0,assign,sh600021,上海电力,,0.0
2023-05-15,3,assign,sz002317,众生药业,,0.0
2023-05-16,3,buy,sz002317,众生药业,16.56655,4800.0
2023-05-17,0,buy,sh600021,上海电力,10.3103,7800.0
2023-05-18,2,buy,sh600345,长江通信,18.007989999999996,5000.0
2023-05-22,2,sell_stop,sh600345,长江通信,20.29968,5000.0
2023-05-22,2,assign,sh600345,长江通信,,0.0
2023-05-23,0,sell_stop,sh600021,上海电力,10.19979,7800.0
2023-05-23,0,assign,sh600021,上海电力,,0.0
2023-05-24,3,sell_stop,sz002317,众生药业,19.63035,4800.0
2023-05-24,2,buy,sh600345,长江通信,20.380359999999996,5000.0
2023-05-24,3,assign,sz002317,众生药业,,0.0
2023-05-25,2,sell_stop,sh600345,长江通信,19.59039,5000.0
2023-05-25,0,buy,sh600021,上海电力,10.06005,7900.0
2023-05-25,2,assign,sh600345,长江通信,,0.0
2023-05-26,3,buy,sz002317,众生药业,20.060039999999997,4600.0
2023-05-29,3,sell_stop,sz002317,众生药业,18.87111,4600.0
2023-05-29,3,assign,sz002317,众生药业,,0.0
2023-05-30,0,sell_stop,sh600021,上海电力,10.60938,7900.0
2023-05-30,0,assign,sh600021,上海电力,,0.0
2023-05-30,2,buy,sh600345,长江通信,20.360339999999997,4800.0
2023-05-30,3,buy,sz002317,众生药业,19.149129999999996,4600.0
2023-05-31,3,sell_stop,sz002317,众生药业,18.13185,4600.0
2023-05-31,3,assign,sz002317,众生药业,,0.0
2023-06-05,1,sell_stop,sh603025,大豪科技,11.20878,8500.0
2023-06-05,4,sell_stop,sh603638,艾迪精密,17.03295,4700.0
2023-06-05,1,assign,sh603638,艾迪精密,,0.0
2023-06-05,4,assign,sz000928,中钢国际,,0.0
2023-06-06,2,sell_stop,sh600345,长江通信,22.12785,4800.0
2023-06-06,2,assign,sh600345,长江通信,,0.0
2023-06-07,2,buy,sh600345,长江通信,22.452429999999996,4700.0
2023-06-08,2,sell_stop,sh600345,长江通信,24.78519,4700.0
2023-06-08,2,assign,sh600345,长江通信,,0.0
2023-06-08,4,buy,sz000928,中钢国际,8.12812,9900.0
2023-06-09,4,sell_stop,sz000928,中钢国际,8.04195,9900.0
2023-06-09,2,buy,sh600345,长江通信,23.70368,4900.0
2023-06-09,3,buy,sz002317,众生药业,17.1171,4900.0
2023-06-09,4,assign,sz000928,中钢国际,,0.0
2023-06-12,2,sell_stop,sh600345,长江通信,22.78719,4900.0
2023-06-12,1,buy,sh603638,艾迪精密,16.70669,5700.0
2023-06-12,2,assign,sh600345,长江通信,,0.0
2023-06-13,2,buy,sh600345,长江通信,23.303279999999997,4800.0
2023-06-16,1,sell_stop,sh603638,艾迪精密,18.42156,5700.0
2023-06-16,1,assign,sh603638,艾迪精密,,0.0
2023-06-16,4,buy,sz000928,中钢国际,8.358349999999998,9500.0
2023-06-19,1,buy,sh603638,艾迪精密,19.069049999999997,5400.0
2023-06-21,1,sell_stop,sh603638,艾迪精密,18.8811,5400.0
2023-06-21,2,sell_stop,sh600345,长江通信,22.21776,4800.0
2023-06-21,3,sell_stop,sz002317,众生药业,16.293689999999998,4900.0
2023-06-21,0,buy,sh600021,上海电力,10.02001,8300.0
2023-06-21,1,assign,sh600345,长江通信,,0.0
2023-06-21,2,assign,sz002317,众生药业,,0.0
2023-06-21,3,assign,sh603638,艾迪精密,,0.0
2023-06-26,4,sell_stop,sz000928,中钢国际,7.85214,9500.0
2023-06-26,4,assign,sz000928,中钢国际,,0.0
2023-06-27,0,sell_stop,sh600021,上海电力,10.049940000000001,8300.0
2023-06-27,0,assign,sh600021,上海电力,,0.0
2023-06-27,1,buy,sh600345,长江通信,22.03201,4700.0
2023-06-27,4,buy,sz000928,中钢国际,8.06806,9300.0
2023-06-28,1,sell_stop,sh600345,长江通信,21.598380000000002,4700.0
2023-06-28,4,sell_stop,sz000928,中钢国际,8.16183,9300.0
2023-06-28,0,buy,sh600021,上海电力,10.430419999999998,8000.0
2023-06-28,1,assign,sh600345,长江通信,,0.0
2023-06-28,3,buy,sh603638,艾迪精密,19.039019999999997,4200.0
2023-06-28,4,assign,sz000928,中钢国际,,0.0
2023-06-29,1,buy,sh600345,长江通信,22.102079999999997,4500.0
2023-06-29,4,buy,sz000928,中钢国际,8.618609999999999,8800.0
2023-07-03,1,sell_stop,sh600345,长江通信,21.49848,4500.0
2023-07-03,3,sell_stop,sh603638,艾迪精密,19.4805,4200.0
2023-07-03,1,assign,sz001301,尚太科技,,0.0
2023-07-03,3,assign,sh603638,艾迪精密,,0.0
2023-07-04,4,sell_stop,sz000928,中钢国际,9.12087,8800.0
2023-07-04,3,buy,sh603638,艾迪精密,19.19918,4200.0
2023-07-04,4,assign,sz000928,中钢国际,,0.0
2023-07-05,3,sell_stop,sh603638,艾迪精密,18.781200000000002,4200.0
2023-07-05,3,assign,sh603638,艾迪精密,,0.0
2023-07-12,0,sell_stop,sh600021,上海电力,9.94005,8000.0
2023-07-12,0,assign,sh600021,上海电力,,0.0
2023-07-28,4,buy,sz000928,中钢国际,8.378369999999999,9500.0
2023-08-01,0,assign,sh601233,桐昆股份,,0.0
2023-08-01,3,assign,sz002065,东华软件,,0.0
2023-08-03,1,buy,sz001301,尚太科技,38.017979999999994,2600.0
2023-08-03,2,buy,sz002317,众生药业,15.425409999999998,6900.0
2023-08-04,1,sell_stop,sz001301,尚太科技,39.060900000000004,2600.0
2023-08-04,1,assign,sz001301,尚太科技,,0.0
2023-08-04,3,buy,sz002065,东华软件,6.886879999999999,11600.0
2023-08-07,2,sell_stop,sz002317,众生药业,14.95503,6900.0
2023-08-07,4,sell_stop,sz000928,中钢国际,8.76123,9500.0
2023-08-07,2,assign,sz002317,众生药业,,0.0
2023-08-07,4,assign,sz000928,中钢国际,,0.0
2023-08-08,0,buy,sh601233,桐昆股份,14.634619999999998,5500.0
2023-08-08,2,buy,sz002317,众生药业,15.255239999999999,6800.0
2023-08-11,0,sell_stop,sh601233,桐昆股份,14.30568,5500.0
2023-08-11,0,assign,sh601233,桐昆股份,,0.0
2023-08-11,4,buy,sz000928,中钢国际,8.878869999999997,9300.0
2023-08-15,2,sell_stop,sz002317,众生药业,15.93405,6800.0
2023-08-15,3,sell_stop,sz002065,东华软件,6.61338,11600.0
2023-08-15,2,assign,sz002317,众生药业,,0.0
2023-08-15,3,assign,sz002065,东华软件,,0.0
2023-08-16,4,sell_stop,sz000928,中钢国际,8.82117,9300.0
2023-08-16,2,buy,sz002317,众生药业,16.44643,6600.0
2023-08-16,4,assign,sz000928,中钢国际,,0.0
2023-08-18,2,sell_stop,sz002317,众生药业,15.164819999999999,6600.0
2023-08-18,2,assign,sz002317,众生药业,,0.0
2023-08-18,4,buy,sz000928,中钢国际,8.97897,9200.0
2023-08-22,0,buy,sh601233,桐昆股份,14.07406,5500.0
2023-08-22,3,buy,sz002065,东华软件,6.61661,11600.0
2023-08-23,4,sell_stop,sz000928,中钢国际,8.23176,9200.0
2023-08-23,4,assign,sz000928,中钢国际,,0.0
2023-08-25,3,sell_stop,sz002065,东华软件,6.30369,11600.0
2023-08-25,3,assign,sz002065,东华软件,,0.0
2023-08-28,0,sell_stop,sh601233,桐昆股份,14.25573,5500.0
2023-08-28,0,assign,sh601233,桐昆股份,,0.0
2023-08-29,1,buy,sz001301,尚太科技,36.01597999999999,2800.0
2023-08-29,3,buy,sz002065,东华软件,6.346339999999999,11500.0
2023-08-30,0,buy,sh601233,桐昆股份,14.794779999999998,5300.0
2023-08-31,2,buy,sz002317,众生药业,14.40439,7000.0
2023-09-04,4,buy,sz000928,中钢国际,7.36736,10300.0
2023-09-07,2,sell_stop,sz002317,众生药业,13.776209999999999,7000.0
2023-09-07,2,assign,sh600246,万通发展,,0.0
2023-09-11,1,sell_stop,sz001301,尚太科技,35.01495,2800.0
2023-09-11,1,assign,sh600970,中材国际,,0.0
2023-09-11,2,buy,sh600246,万通发展,5.59559,17200.0
2023-09-12,2,sell_stop,sh600246,万通发展,5.47452,17200.0
2023-09-12,2,assign,sh600246,万通发展,,0.0
2023-09-13,3,sell_stop,sz002065,东华软件,6.42357,11500.0
2023-09-13,3,assign,sz002065,东华软件,,0.0
2023-09-15,0,sell_stop,sh601233,桐昆股份,14.785200000000001,5300.0
2023-09-15,0,assign,sz001301,尚太科技,,0.0
2023-09-22,0,buy,sz001301,尚太科技,33.08304999999999,2400.0
2023-09-22,1,buy,sh600970,中材国际,9.789779999999999,10000.0
2023-09-22,3,buy,sz002065,东华软件,6.416409999999999,11500.0
2023-09-25,4,sell_stop,sz000928,中钢国际,6.883109999999999,10300.0
2023-09-25,4,assign,sz000928,中钢国际,,0.0
2023-09-27,4,buy,sz000928,中钢国际,7.0270199999999985,10100.0
2023-10-09,4,sell_stop,sz000928,中钢国际,6.92307,10100.0
2023-10-09,4,assign,sz001287,中电港,,0.0
2023-10-10,1,sell_stop,sh600970,中材国际,9.45054,10000.0
2023-10-10,1,assign,sz000928,中钢国际,,0.0
2023-10-10,4,buy,sz001287,中电港,24.264239999999997,2900.0
2023-10-12,1,buy,sz000928,中钢国际,6.23623,15300.0
2023-10-13,0,sell_stop,sz001301,尚太科技,32.737230000000004,2400.0
2023-10-13,1,sell_stop,sz000928,中钢国际,5.9240699999999995,15300.0
2023-10-13,0,assign,sz000928,中钢国际,,0.0
2023-10-13,1,assign,sz000032,深桑达A,,0.0
2023-10-16,2,buy,sh600246,万通发展,4.79479,19700.0
2023-10-18,3,sell_stop,sz002065,东华软件,6.33366,11500.0
2023-10-18,4,sell_stop,sz001287,中电港,22.59738,2900.0
2023-10-18,3,assign,sz001287,中电港,,0.0
2023-10-18,4,assign,sz002065,东华软件,,0.0
2023-10-19,3,buy,sz001287,中电港,21.25123,3400.0
2023-10-20,3,sell_stop,sz001287,中电港,20.55942,3400.0
2023-10-20,3,assign,sz001287,中电港,,0.0
2023-10-24,1,buy,sz000032,深桑达A,20.390369999999997,4400.0
2023-10-24,3,buy,sz001287,中电港,20.3203,3500.0
2023-10-25,1,sell_stop,sz000032,深桑达A,19.380599999999998,4400.0
2023-10-25,1,assign,sz000032,深桑达A,,0.0
2023-10-25,1,buy,sz000032,深桑达A,20.420399999999997,4200.0
2023-10-25,4,buy,sz002065,东华软件,6.07607,10800.0
2023-10-27,1,sell_stop,sz000032,深桑达A,18.62136,4200.0
2023-10-27,4,sell_stop,sz002065,东华软件,6.06393,10800.0
2023-10-27,0,buy,sz000928,中钢国际,5.515509999999999,14200.0
2023-10-27,1,assign,sz002065,东华软件,,0.0
2023-10-27,4,assign,sz000032,深桑达A,,0.0
2023-10-30,1,buy,sz002065,东华软件,6.226219999999999,12700.0
2023-11-01,4,assign,sz002044,美年健康,,0.0
2023-11-02,2,sell_stop,sh600246,万通发展,5.48451,19700.0
2023-11-02,2,assign,sh600246,万通发展,,0.0
2023-11-02,2,buy,sh600246,万通发展,5.795789999999999,18500.0
2023-11-06,2,sell_stop,sh600246,万通发展,5.70429,18500.0
2023-11-06,2,assign,sh600246,万通发展,,0.0
2023-11-07,0,sell_stop,sz000928,中钢国际,5.354640000000001,14200.0
2023-11-07,0,assign,sz000785,居然智家,,0.0
2023-11-08,2,buy,sh600246,万通发展,5.73573,18400.0
2023-11-10,2,sell_stop,sh600246,万通发展,5.90409,18400.0
2023-11-10,2,assign,sh600246,万通发展,,0.0
2023-11-13,2,buy,sh600246,万通发展,6.19619,17500.0
2023-11-14,4,buy,sz002044,美年健康,6.036029999999999,10800.0
2023-11-15,2,sell_stop,sh600246,万通发展,6.643350000000001,17500.0
2023-11-15,2,assign,sh600246,万通发展,,0.0
2023-11-16,2,buy,sh600246,万通发展,6.726719999999999,17200.0
2023-11-20,2,sell_stop,sh600246,万通发展,6.553439999999999,17200.0
2023-11-20,2,assign,sh600246,万通发展,,0.0
2023-11-20,2,buy,sh600246,万通发展,6.906899999999999,16300.0
2023-11-24,1,sell_stop,sz002065,东华软件,6.38361,12700.0
2023-11-24,3,sell_stop,sz001287,中电港,21.64833,3500.0
2023-11-24,1,assign,sz001287,中电港,,0.0
2023-11-24,3,assign,sz002008,大族激光,,0.0
2023-11-27,2,sell_stop,sh600246,万通发展,7.55244,16300.0
2023-11-27,2,assign,sh600246,万通发展,,0.0
2023-11-28,2,buy,sh600246,万通发展,7.597589999999999,16100.0
2023-11-29,2,sell_stop,sh600246,万通发展,7.71228,16100.0
2023-11-29,2,assign,sh600246,万通发展,,0.0
2023-12-01,0,assign,sz002261,拓维信息,,0.0
2023-12-01,0,buy,sz002261,拓维信息,16.92691,4500.0
2023-12-01,2,buy,sh600246,万通发展,7.447439999999999,16700.0
2023-12-01,3,assign,sz002812,恩捷股份,,0.0
2023-12-04,2,sell_stop,sh600246,万通发展,7.73226,16700.0
2023-12-04,2,assign,sh600246,万通发展,,0.0
2023-12-05,0,sell_stop,sz002261,拓维信息,16.363619999999997,4500.0
2023-12-05,0,assign,sz002261,拓维信息,,0.0
2023-12-05,3,buy,sz002812,恩捷股份,56.37631999999999,1300.0
2023-12-06,2,buy,sh600246,万通发展,7.387379999999999,17400.0
2023-12-08,4,sell_stop,sz002044,美年健康,6.12387,10800.0
2023-12-08,0,buy,sz002261,拓维信息,16.986969999999996,4300.0
2023-12-08,4,assign,sz002044,美年健康,,0.0
2023-12-11,2,sell_stop,sh600246,万通发展,7.20279,17400.0
2023-12-11,2,assign,sh600246,万通发展,,0.0
2023-12-12,1,buy,sz001287,中电港,22.042019999999997,3600.0
2023-12-12,2,buy,sh600246,万通发展,7.437429999999999,16900.0
2023-12-13,2,sell_stop,sh600246,万通发展,7.03296,16900.0
2023-12-13,3,sell_stop,sz002812,恩捷股份,52.52742,1300.0
2023-12-13,2,assign,sh600246,万通发展,,0.0
2023-12-13,3,assign,sz002812,恩捷股份,,0.0
2023-12-18,0,sell_stop,sz002261,拓维信息,15.75423,4300.0
2023-12-18,1,sell_stop,sz001287,中电港,20.81916,3600.0
2023-12-18,0,assign,sz001287,中电港,,0.0
2023-12-18,1,assign,sz002261,拓维信息,,0.0
2023-12-21,1,buy,sz002261,拓维信息,15.405389999999999,4900.0
2023-12-21,2,buy,sh600246,万通发展,6.636629999999999,17900.0
2023-12-21,3,buy,sz002812,恩捷股份,49.719669999999994,1400.0
2023-12-22,1,sell_stop,sz002261,拓维信息,14.89509,4900.0
2023-12-22,1,assign,sz002261,拓维信息,,0.0
2023-12-26,2,sell_stop,sh600246,万通发展,6.553439999999999,17900.0
2023-12-26,2,assign,sh600246,万通发展,,0.0
2023-12-27,1,buy,sz002261,拓维信息,14.624609999999997,5000.0
2023-12-28,0,buy,sz001287,中电港,20.31029,3300.0
2023-12-28,4,buy,sz002044,美年健康,5.895889999999999,11200.0
2024-01-02,3,sell_stop,sz002812,恩捷股份,53.19675,1400.0
2024-01-02,2,assign,sz002025,航天电器,,0.0
2024-01-02,2,buy,sz002025,航天电器,48.57852999999999,2400.0
2024-01-02,3,assign,sz002812,恩捷股份,,0.0
2024-01-03,2,sell_stop,sz002025,航天电器,45.834120000000006,2400.0
2024-01-03,2,assign,sz002025,航天电器,,0.0
2024-01-05,1,sell_stop,sz002261,拓维信息,14.605379999999998,5000.0
2024-01-05,4,sell_stop,sz002044,美年健康,5.78421,11200.0
2024-01-05,1,assign,sh600746,江苏索普,,0.0
2024-01-05,3,buy,sz002812,恩捷股份,52.372319999999995,1400.0
2024-01-05,4,assign,sz002044,美年健康,,0.0
2024-01-08,0,sell_stop,sz001287,中电港,19.13085,3300.0
2024-01-08,3,sell_stop,sz002812,恩捷股份,48.91104,1400.0
2024-01-08,0,assign,sz002812,恩捷股份,,0.0
2024-01-08,3,assign,sz002008,大族激光,,0.0
2024-01-09,3,buy,sz002008,大族激光,18.70869,3700.0
2024-01-10,0,buy,sz002812,恩捷股份,50.11006,1300.0
2024-01-10,4,buy,sz002044,美年健康,5.495489999999999,11800.0
2024-01-11,4,sell_stop,sz002044,美年健康,5.2847100000000005,11800.0
2024-01-11,4,assign,sz002044,美年健康,,0.0
2024-01-17,0,sell_stop,sz002812,恩捷股份,49.150800000000004,1300.0
2024-01-17,0,assign,sz002812,恩捷股份,,0.0
2024-01-18,0,buy,sz002812,恩捷股份,49.81977,1200.0
2024-01-22,0,sell_stop,sz002812,恩捷股份,46.93302,1200.0
2024-01-22,3,sell_stop,sz002008,大族激光,17.27271,3700.0
2024-01-22,0,assign,sz002812,恩捷股份,,0.0
2024-01-22,3,assign,sz002008,大族激光,,0.0
2024-01-23,0,buy,sz002812,恩捷股份,47.70765999999999,1200.0
2024-01-23,2,buy,sz002025,航天电器,37.56753,2900.0
2024-01-23,3,buy,sz002008,大族激光,17.287269999999996,3700.0
2024-01-24,0,sell_stop,sz002812,恩捷股份,46.20375,1200.0
2024-01-24,3,sell_stop,sz002008,大族激光,16.96302,3700.0
2024-01-24,0,assign,sz002812,恩捷股份,,0.0
2024-01-24,3,assign,sz002008,大族激光,,0.0
2024-01-24,4,buy,sz002044,美年健康,4.82482,13000.0
2024-01-25,2,sell_stop,sz002025,航天电器,37.32264,2900.0
2024-01-25,0,buy,sz002812,恩捷股份,47.41736999999999,1200.0
2024-01-25,1,buy,sh600746,江苏索普,6.426419999999999,11500.0
2024-01-25,2,assign,sz002025,航天电器,,0.0
2024-01-25,3,buy,sz002008,大族激光,18.02801,3500.0
2024-01-26,0,sell_stop,sz002812,恩捷股份,45.894059999999996,1200.0
2024-01-26,0,assign,sz002812,恩捷股份,,0.0
2024-01-29,1,sell_stop,sh600746,江苏索普,6.4935,11500.0
2024-01-29,3,sell_stop,sz002008,大族激光,17.37261,3500.0
2024-01-29,4,sell_stop,sz002044,美年健康,5.004989999999999,13000.0
2024-01-29,1,assign,sh600746,江苏索普,,0.0
2024-01-29,3,assign,sz002044,美年健康,,0.0
2024-01-29,4,assign,sz002008,大族激光,,0.0
2024-01-30,3,buy,sz002044,美年健康,5.165159999999999,12000.0
2024-01-31,3,sell_stop,sz002044,美年健康,4.87512,12000.0
2024-01-31,0,buy,sz002812,恩捷股份,43.073029999999996,1300.0
2024-01-31,1,buy,sh600746,江苏索普,6.426419999999999,11600.0
2024-01-31,3,assign,sz002044,美年健康,,0.0
2024-02-01,1,sell_stop,sh600746,江苏索普,5.88411,11600.0
2024-02-01,1,assign,sz002402,和而泰,,0.0
2024-02-01,1,buy,sz002402,和而泰,10.190179999999998,6700.0
2024-02-01,4,assign,sh603583,捷昌驱动,,0.0
2024-02-02,0,sell_stop,sz002812,恩捷股份,39.65031,1300.0
2024-02-02,1,sell_stop,sz002402,和而泰,9.82017,6700.0
2024-02-02,0,assign,sz002402,和而泰,,0.0
2024-02-02,1,assign,sh600877,电科芯片,,0.0
2024-02-05,2,buy,sz002025,航天电器,33.753719999999994,3200.0
2024-02-06,0,buy,sz002402,和而泰,8.918909999999999,5900.0
2024-02-06,1,buy,sh600877,电科芯片,9.41941,7000.0
2024-02-06,3,buy,sz002044,美年健康,4.57457,12800.0
2024-02-06,4,buy,sh603583,捷昌驱动,13.253239999999998,4900.0
2024-02-08,0,sell_stop,sz002402,和而泰,10.81917,5900.0
2024-02-08,0,assign,sz002402,和而泰,,0.0
2024-02-19,1,sell_stop,sh600877,电科芯片,11.458530000000001,7000.0
2024-02-19,2,sell_stop,sz002025,航天电器,39.42054,3200.0
2024-02-19,3,sell_stop,sz002044,美年健康,5.3346599999999995,12800.0
2024-02-19,4,sell_stop,sh603583,捷昌驱动,15.79419,4900.0
2024-02-19,1,assign,sz002025,航天电器,,0.0
2024-02-19,2,assign,sh603583,捷昌驱动,,0.0
2024-02-19,3,assign,sz002044,美年健康,,0.0
2024-02-19,4,assign,sh600877,电科芯片,,0.0
2024-02-20,0,buy,sz002402,和而泰,11.271259999999998,5600.0
2024-02-21,2,buy,sh603583,捷昌驱动,16.1161,7900.0
2024-02-21,3,buy,sz002044,美年健康,5.515509999999999,12300.0
2024-02-21,4,buy,sh600877,电科芯片,11.58157,6600.0
2024-02-27,1,buy,sz002025,航天电器,39.05902,2000.0
2024-02-28,0,sell_stop,sz002402,和而泰,12.04794,5600.0
2024-02-28,2,sell_stop,sh603583,捷昌驱动,16.54344,7900.0
2024-02-28,4,sell_stop,sh600877,电科芯片,12.277709999999999,6600.0
2024-02-28,0,assign,sz002402,和而泰,,0.0
2024-02-28,2,assign,sh603583,捷昌驱动,,0.0
2024-02-28,4,assign,sh600877,电科芯片,,0.0
2024-02-29,0,buy,sz002402,和而泰,11.801789999999999,5700.0
2024-02-29,2,buy,sh603583,捷昌驱动,16.146129999999996,8100.0
2024-02-29,4,buy,sh600877,电科芯片,12.122109999999997,6600.0
2024-03-04,3,sell_stop,sz002044,美年健康,5.3946000000000005,12300.0
2024-03-04,3,assign,sz000032,深桑达A,,0.0
2024-03-06,4,sell_stop,sh600877,电科芯片,12.497489999999999,6600.0
2024-03-06,4,assign,sz002044,美年健康,,0.0
2024-03-07,1,sell_stop,sz002025,航天电器,39.55041000000001,2000.0
2024-03-07,1,assign,sz002025,航天电器,,0.0
2024-03-08,3,buy,sz000032,深桑达A,19.38937,3400.0
2024-03-12,3,sell_stop,sz000032,深桑达A,19.55043,3400.0
2024-03-12,3,assign,sz000032,深桑达A,,0.0
2024-03-12,4,buy,sz002044,美年健康,5.495489999999999,15100.0
2024-03-13,3,buy,sz000032,深桑达A,20.31029,3200.0
2024-03-14,3,sell_stop,sz000032,深桑达A,19.23075,3200.0
2024-03-14,3,assign,sz000032,深桑达A,,0.0
2024-03-15,1,buy,sz002025,航天电器,41.67163,1900.0
2024-03-18,3,buy,sz000032,深桑达A,19.999979999999997,3100.0
2024-03-21,3,sell_stop,sz000032,深桑达A,20.42955,3100.0
2024-03-21,4,sell_stop,sz002044,美年健康,5.37462,15100.0
2024-03-21,3,assign,sz000032,深桑达A,,0.0
2024-03-21,4,assign,sz002044,美年健康,,0.0
2024-03-25,0,sell_stop,sz002402,和而泰,12.537450000000002,5700.0
2024-03-25,1,sell_stop,sz002025,航天电器,39.58038,1900.0
2024-03-25,2,sell_stop,sh603583,捷昌驱动,16.82316,8100.0
2024-03-25,0,assign,sz002025,航天电器,,0.0
2024-03-25,1,assign,sz002402,和而泰,,0.0
2024-03-25,2,assign,sh603583,捷昌驱动,,0.0
2024-03-28,0,buy,sz002025,航天电器,37.51747999999999,1900.0
2024-03-28,1,buy,sz002402,和而泰,12.15214,6300.0
2024-03-28,2,buy,sh603583,捷昌驱动,16.47646,8200.0
2024-03-28,3,buy,sz000032,深桑达A,17.94793,3600.0
2024-03-29,3,sell_stop,sz000032,深桑达A,17.55243,3600.0
2024-03-29,3,assign,sz000032,深桑达A,,0.0
2024-04-01,1,sell_stop,sz002402,和而泰,11.608379999999999,6300.0
2024-04-01,1,assign,sh603256,宏和科技,,0.0
2024-04-01,3,buy,sz000032,深桑达A,18.488469999999996,3400.0
2024-04-01,4,assign,sz002402,和而泰,,0.0
2024-04-02,3,sell_stop,sz000032,深桑达A,18.50148,3400.0
2024-04-02,3,assign,sz002484,江海股份,,0.0
2024-04-11,3,buy,sz002484,江海股份,14.964949999999998,4200.0
2024-04-15,2,sell_stop,sh603583,捷昌驱动,19.4805,8200.0
2024-04-15,2,assign,sz000032,深桑达A,,0.0
2024-04-15,2,buy,sz000032,深桑达A,16.506489999999996,9600.0
2024-04-16,2,sell_stop,sz000032,深桑达A,15.71427,9600.0
2024-04-16,3,sell_stop,sz002484,江海股份,14.26572,4200.0
2024-04-16,1,buy,sh603256,宏和科技,6.356349999999999,11600.0
2024-04-16,2,assign,sz002484,江海股份,,0.0
2024-04-16,3,assign,sz000032,深桑达A,,0.0
2024-04-16,3,buy,sz000032,深桑达A,16.56655,3600.0
2024-04-17,1,sell_stop,sh603256,宏和科技,5.81418,11600.0
2024-04-17,1,assign,sh603256,宏和科技,,0.0
2024-04-17,1,buy,sh603256,宏和科技,6.126119999999999,11000.0
2024-04-17,4,buy,sz002402,和而泰,10.710699999999997,7600.0
2024-04-18,1,sell_stop,sh603256,宏和科技,6.28371,11000.0
2024-04-18,1,assign,sh603256,宏和科技,,0.0
2024-04-19,3,sell_stop,sz000032,深桑达A,15.684299999999999,3600.0
2024-04-19,3,assign,sz000032,深桑达A,,0.0
2024-04-22,4,sell_stop,sz002402,和而泰,10.51947,7600.0
2024-04-22,4,assign,sz002402,和而泰,,0.0
2024-04-23,1,buy,sh603256,宏和科技,6.19619,11200.0
2024-04-23,4,buy,sz002402,和而泰,11.06105,7200.0
2024-04-26,2,buy,sz002484,江海股份,14.614599999999998,10400.0
2024-04-26,3,buy,sz000032,深桑达A,16.13612,3500.0
2024-04-30,1,sell_stop,sh603256,宏和科技,7.02297,11200.0
2024-04-30,2,sell_stop,sz002484,江海股份,14.72526,10400.0
2024-04-30,3,sell_stop,sz000032,深桑达A,16.76322,3500.0
2024-04-30,1,assign,sh603256,宏和科技,,0.0
2024-04-30,2,assign,sz002484,江海股份,,0.0
2024-04-30,3,assign,sz000032,深桑达A,,0.0
2024-05-06,2,assign,sz002881,美格智能,,0.0
2024-05-06,3,assign,sz002738,中矿资源,,0.0
2024-05-07,1,buy,sh603256,宏和科技,7.33733,10600.0
2024-05-09,3,buy,sz002738,中矿资源,34.544509999999995,1700.0
2024-05-10,4,sell_stop,sz002402,和而泰,11.37861,7200.0
2024-05-10,4,assign,sh601022,宁波远洋,,0.0
2024-05-13,0,sell_stop,sz002025,航天电器,43.92603,1900.0
2024-05-13,1,sell_stop,sh603256,宏和科技,7.00299,10600.0
2024-05-13,0,assign,sh603256,宏和科技,,0.0
2024-05-13,1,assign,sz002025,航天电器,,0.0
2024-05-13,2,buy,sz002881,美格智能,21.331309999999995,7100.0
2024-05-13,4,buy,sh601022,宁波远洋,9.819809999999999,8300.0
2024-05-15,2,sell_stop,sz002881,美格智能,20.219759999999997,7100.0
2024-05-15,3,sell_stop,sz002738,中矿资源,31.848119999999998,1700.0
2024-05-15,4,sell_stop,sh601022,宁波远洋,10.349639999999999,8300.0
2024-05-15,2,assign,sz002881,美格智能,,0.0
2024-05-15,3,assign,sz002738,中矿资源,,0.0
2024-05-15,4,assign,sh601022,宁波远洋,,0.0
2024-05-16,2,buy,sz002881,美格智能,20.770749999999996,7000.0
2024-05-17,0,buy,sh603256,宏和科技,7.277269999999999,11400.0
2024-05-17,1,buy,sz002025,航天电器,43.723679999999995,1700.0
2024-05-20,4,buy,sh601022,宁波远洋,10.040029999999998,8600.0
2024-05-21,4,sell_stop,sh601022,宁波远洋,9.82017,8600.0
2024-05-21,4,assign,sh601022,宁波远洋,,0.0
2024-05-23,1,sell_stop,sz002025,航天电器,43.92603,1700.0
2024-05-23,1,assign,sz002025,航天电器,,0.0
2024-05-23,4,buy,sh601022,宁波远洋,10.120109999999999,8300.0
2024-05-27,0,sell_stop,sh603256,宏和科技,6.93306,11400.0
2024-05-27,2,sell_stop,sz002881,美格智能,19.66032,7000.0
2024-05-27,0,assign,sh603256,宏和科技,,0.0
2024-05-27,1,buy,sz002025,航天电器,44.49445,1600.0
2024-05-27,2,assign,sz002881,美格智能,,0.0
2024-05-29,1,sell_stop,sz002025,航天电器,45.4545,1600.0
2024-05-29,4,sell_stop,sh601022,宁波远洋,10.029959999999999,8300.0
2024-05-29,1,assign,sz002025,航天电器,,0.0
2024-05-29,2,buy,sz002881,美格智能,20.600579999999997,6700.0
2024-05-29,3,buy,sz002738,中矿资源,30.890859999999996,1700.0
2024-05-29,4,assign,sh601022,宁波远洋,,0.0
2024-05-30,1,buy,sz002025,航天电器,43.6436,1700.0
2024-05-31,0,buy,sh603256,宏和科技,7.387379999999999,10700.0
2024-05-31,4,buy,sh601022,宁波远洋,9.769759999999998,8500.0
2024-06-03,0,sell_stop,sh603256,宏和科技,6.993,10700.0
2024-06-03,0,assign,sh603256,宏和科技,,0.0
2024-06-04,2,sell_stop,sz002881,美格智能,20.309669999999997,6700.0
2024-06-04,2,assign,sh600201,生物股份,,0.0
2024-06-04,2,buy,sh600201,生物股份,8.08808,16800.0
2024-06-07,3,sell_stop,sz002738,中矿资源,29.33064,1700.0
2024-06-07,0,buy,sh603256,宏和科技,6.556549999999999,11400.0
2024-06-07,3,assign,sz002881,美格智能,,0.0
2024-06-11,0,sell_stop,sh603256,宏和科技,6.28371,11400.0
2024-06-11,1,sell_stop,sz002025,航天电器,46.113839999999996,1700.0
2024-06-11,4,sell_stop,sh601022,宁波远洋,9.99,8500.0
2024-06-11,0,assign,sh603256,宏和科技,,0.0
2024-06-11,1,assign,sz002025,航天电器,,0.0
2024-06-11,1,buy,sz002025,航天电器,48.588539999999995,1600.0
2024-06-11,3,buy,sz002881,美格智能,19.879859999999997,2600.0
2024-06-11,4,assign,sh601022,宁波远洋,,0.0
2024-06-12,0,buy,sh603256,宏和科技,6.806799999999999,10600.0
2024-06-13,2,sell_stop,sh600201,生物股份,7.44255,16800.0
2024-06-13,2,assign,sh600201,生物股份,,0.0
2024-06-14,0,sell_stop,sh603256,宏和科技,6.53346,10600.0
2024-06-14,0,assign,sh603256,宏和科技,,0.0
2024-06-17,1,sell_stop,sz002025,航天电器,48.06189,1600.0
2024-06-17,0,buy,sh603256,宏和科技,6.766759999999999,10200.0
2024-06-17,1,assign,sz002025,航天电器,,0.0
2024-06-19,0,sell_stop,sh603256,宏和科技,7.302689999999999,10200.0
2024-06-19,0,assign,sh603256,宏和科技,,0.0
2024-06-20,3,sell_stop,sz002881,美格智能,20.939040000000002,2600.0
2024-06-20,3,assign,sz002881,美格智能,,0.0
2024-06-21,2,buy,sh600201,生物股份,7.377369999999999,17000.0
2024-06-24,2,sell_stop,sh600201,生物股份,7.12287,17000.0
2024-06-24,2,assign,sh600201,生物股份,,0.0
2024-06-26,0,buy,sh603256,宏和科技,6.556549999999999,11300.0
2024-06-26,1,buy,sz002025,航天电器,46.11606999999999,1700.0
2024-06-26,2,buy,sh600201,生物股份,7.277269999999999,16700.0
2024-06-26,3,buy,sz002881,美格智能,19.18917,2800.0
2024-06-27,0,sell_stop,sh603256,宏和科技,6.40359,11300.0
2024-06-27,1,sell_stop,sz002025,航天电器,44.78517,1700.0
2024-06-27,2,sell_stop,sh600201,生物股份,7.092899999999999,16700.0
2024-06-27,0,assign,sh603256,宏和科技,,0.0
2024-06-27,1,assign,sh600201,生物股份,,0.0
2024-06-27,2,assign,sz002025,航天电器,,0.0
2024-06-28,0,buy,sh603256,宏和科技,6.646639999999999,10900.0
2024-06-28,2,buy,sz002025,航天电器,45.67563,2500.0
2024-07-01,0,sell_stop,sh603256,宏和科技,6.87312,10900.0
2024-07-01,3,sell_stop,sz002881,美格智能,19.200779999999998,2800.0
2024-07-01,0,assign,sh603256,宏和科技,,0.0
2024-07-01,1,assign,sh603327,福蓉科技,,0.0
2024-07-01,3,assign,sz000555,神州信息,,0.0
2024-07-02,2,sell_stop,sz002025,航天电器,44.27568,2500.0
2024-07-02,0,buy,sh603256,宏和科技,6.94694,10800.0
2024-07-02,2,assign,sz002025,航天电器,,0.0
2024-07-02,4,buy,sh601022,宁波远洋,8.99899,9500.0
2024-07-03,0,sell_stop,sh603256,宏和科技,7.66233,10800.0
2024-07-03,0,assign,sh603256,宏和科技,,0.0
2024-07-05,2,buy,sz002025,航天电器,43.86382,2600.0
2024-07-08,2,sell_stop,sz002025,航天电器,42.567389999999996,2600.0
2024-07-08,4,sell_stop,sh601022,宁波远洋,8.26173,9500.0
2024-07-08,0,buy,sh603256,宏和科技,7.6876799999999985,10700.0
2024-07-08,1,buy,sh603327,福蓉科技,9.519509999999999,8100.0
2024-07-08,2,assign,sz002025,航天电器,,0.0
2024-07-08,4,assign,sh601022,宁波远洋,,0.0
2024-07-09,0,sell_stop,sh603256,宏和科技,6.91308,10700.0
2024-07-09,0,assign,sh603256,宏和科技,,0.0
2024-07-09,0,buy,sh603256,宏和科技,7.287279999999999,10200.0
2024-07-09,2,buy,sz002025,航天电器,43.253209999999996,2500.0
2024-07-09,3,buy,sz000555,神州信息,8.89889,6200.0
2024-07-10,0,sell_stop,sh603256,宏和科技,7.66233,10200.0
2024-07-10,3,sell_stop,sz000555,神州信息,8.62137,6200.0
2024-07-10,0,assign,sh603256,宏和科技,,0.0
2024-07-10,3,assign,sz000555,神州信息,,0.0
2024-07-11,3,buy,sz000555,神州信息,8.9089,6000.0
2024-07-15,1,sell_stop,sh603327,福蓉科技,9.630360000000001,8100.0
2024-07-15,1,assign,sh603327,福蓉科技,,0.0
2024-07-16,2,sell_stop,sz002025,航天电器,40.91904,2500.0
2024-07-16,2,assign,sz002025,航天电器,,0.0
2024-07-18,2,buy,sz002025,航天电器,42.412369999999996,2500.0
2024-07-22,0,buy,sh603256,宏和科技,6.806799999999999,11400.0
2024-07-23,0,sell_stop,sh603256,宏和科技,6.58341,11400.0
2024-07-23,2,sell_stop,sz002025,航天电器,44.02593,2500.0
2024-07-23,3,sell_stop,sz000555,神州信息,8.451540000000001,6000.0
2024-07-23,0,assign,sh603256,宏和科技,,0.0
2024-07-23,2,assign,sz002025,航天电器,,0.0
2024-07-23,3,assign,sz000555,神州信息,,0.0
2024-07-24,0,buy,sh603256,宏和科技,6.676669999999999,11300.0
2024-07-24,1,buy,sh603327,福蓉科技,8.948939999999999,8700.0
2024-07-24,2,buy,sz002025,航天电器,45.115069999999996,2400.0
2024-07-25,1,sell_stop,sh603327,福蓉科技,8.37162,8700.0
2024-07-25,1,assign,sh603327,福蓉科技,,0.0
2024-07-25,3,buy,sz000555,神州信息,8.358349999999998,6100.0
2024-07-25,4,buy,sh601022,宁波远洋,8.06806,9700.0
2024-07-31,1,buy,sh603327,福蓉科技,9.049039999999998,8100.0
2024-08-02,1,sell_stop,sh603327,福蓉科技,8.77122,8100.0
2024-08-02,3,sell_stop,sz000555,神州信息,8.6913,6100.0
2024-08-02,1,assign,sz001339,智微智能,,0.0
2024-08-02,3,assign,sh603887,城地香江,,0.0
2024-08-05,0,sell_stop,sh603256,宏和科技,6.5934,11300.0
2024-08-05,0,assign,sh603256,宏和科技,,0.0
2024-08-07,1,buy,sz001339,智微智能,22.00198,3200.0
2024-08-07,3,buy,sh603887,城地香江,5.38538,9800.0
2024-08-08,2,sell_stop,sz002025,航天电器,46.74321,2400.0
2024-08-08,2,assign,sz002025,航天电器,,0.0
2024-08-12,1,sell_stop,sz001339,智微智能,21.63834,3200.0
2024-08-12,1,assign,sz001339,智微智能,,0.0
2024-08-13,1,buy,sz001339,智微智能,22.00198,3100.0
2024-08-13,2,buy,sz002025,航天电器,46.26622,2400.0
2024-08-14,2,sell_stop,sz002025,航天电器,44.07588,2400.0
2024-08-14,2,assign,sz002025,航天电器,,0.0
2024-08-15,3,sell_stop,sh603887,城地香江,5.71428,9800.0
2024-08-15,3,assign,sh603887,城地香江,,0.0
2024-08-16,0,buy,sh603256,宏和科技,6.676669999999999,11100.0
2024-08-16,3,buy,sh603887,城地香江,5.95595,9300.0
2024-08-19,0,sell_stop,sh603256,宏和科技,6.293699999999999,11100.0
2024-08-19,0,assign,sh603256,宏和科技,,0.0
2024-08-20,4,sell_stop,sh601022,宁波远洋,7.65234,9700.0
2024-08-20,4,assign,sz002838,道恩股份,,0.0
2024-08-22,1,sell_stop,sz001339,智微智能,21.688290000000002,3100.0
2024-08-22,3,sell_stop,sh603887,城地香江,5.594399999999999,9300.0
2024-08-22,1,assign,sz001339,智微智能,,0.0
2024-08-22,3,assign,sh603887,城地香江,,0.0
2024-08-23,1,buy,sz001339,智微智能,22.69267,3000.0
2024-08-23,2,buy,sz002025,航天电器,43.47342999999999,2400.0
2024-08-26,3,buy,sh603887,城地香江,5.705699999999999,9200.0
2024-08-26,4,buy,sz002838,道恩股份,8.208199999999998,9100.0
2024-08-27,1,sell_stop,sz001339,智微智能,22.09788,3000.0
2024-08-27,1,assign,sz001339,智微智能,,0.0
2024-08-27,1,buy,sz001339,智微智能,23.28326,2800.0
2024-08-28,1,sell_stop,sz001339,智微智能,21.15882,2800.0
2024-08-28,3,sell_stop,sh603887,城地香江,5.70429,9200.0
2024-08-28,1,assign,sz001339,智微智能,,0.0
2024-08-28,3,assign,sh603887,城地香江,,0.0
2024-08-29,0,buy,sh603256,宏和科技,6.296289999999999,11200.0
2024-08-29,1,buy,sz001339,智微智能,21.601579999999995,2800.0
2024-08-30,3,buy,sh603887,城地香江,5.9059,8900.0
2024-09-02,0,sell_stop,sh603256,宏和科技,7.00299,11200.0
2024-09-02,1,sell_stop,sz001339,智微智能,22.267709999999997,2800.0
2024-09-02,0,assign,sh603256,宏和科技,,0.0
2024-09-02,1,assign,sz002099,海翔药业,,0.0
2024-09-02,1,buy,sz002099,海翔药业,5.705699999999999,11100.0
2024-09-03,0,buy,sh603256,宏和科技,7.267259999999999,10700.0
2024-09-04,0,sell_stop,sh603256,宏和科技,7.0529399999999995,10700.0
2024-09-04,0,assign,sh603256,宏和科技,,0.0
2024-09-05,0,buy,sh603256,宏和科技,7.33733,10300.0
2024-09-06,0,sell_stop,sh603256,宏和科技,7.10289,10300.0
2024-09-06,1,sell_stop,sz002099,海翔药业,5.43456,11100.0
2024-09-06,3,sell_stop,sh603887,城地香江,5.96403,8900.0
2024-09-06,0,assign,sh603256,宏和科技,,0.0
2024-09-06,1,assign,sz002099,海翔药业,,0.0
2024-09-06,3,assign,sz001339,智微智能,,0.0
2024-09-09,1,buy,sz002099,海翔药业,5.475469999999999,11000.0
2024-09-10,3,buy,sz001339,智微智能,22.272249999999996,2300.0
2024-09-12,2,sell_stop,sz002025,航天电器,44.88507,2400.0
2024-09-12,2,assign,sz002651,利君股份,,0.0
2024-09-13,3,sell_stop,sz001339,智微智能,21.58839,2300.0
2024-09-13,3,assign,sz001339,智微智能,,0.0
2024-09-18,1,sell_stop,sz002099,海翔药业,5.13486,11000.0
2024-09-18,4,sell_stop,sz002838,道恩股份,8.451540000000001,9100.0
2024-09-18,1,assign,sz002099,海翔药业,,0.0
2024-09-18,4,assign,sh603887,城地香江,,0.0
2024-09-18,4,buy,sh603887,城地香江,5.805799999999999,13200.0
2024-09-19,0,buy,sh603256,宏和科技,6.6065999999999985,11100.0
2024-09-19,1,buy,sz002099,海翔药业,5.36536,10600.0
2024-09-19,2,buy,sz002651,利君股份,4.814809999999999,23200.0
2024-09-20,3,buy,sz001339,智微智能,22.902879999999996,2200.0
2024-09-30,2,sell_stop,sz002651,利君股份,5.4945,23200.0
2024-09-30,4,sell_stop,sh603887,城地香江,7.15284,13200.0
2024-09-30,2,assign,sz002651,利君股份,,0.0
2024-09-30,4,assign,sh603887,城地香江,,0.0
2024-10-08,0,sell_stop,sh603256,宏和科技,8.46153,11100.0
2024-10-08,1,sell_stop,sz002099,海翔药业,6.86313,10600.0
2024-10-08,3,sell_stop,sz001339,智微智能,29.61036,2200.0
2024-10-08,0,assign,sh603256,宏和科技,,0.0
2024-10-08,1,assign,sz002099,海翔药业,,0.0
2024-10-08,3,assign,sz001339,智微智能,,0.0
2024-10-09,3,buy,sz001339,智微智能,31.281249999999996,2000.0
2024-10-10,3,sell_stop,sz001339,智微智能,29.61036,2000.0
2024-10-10,0,buy,sh603256,宏和科技,8.23823,11200.0
2024-10-10,1,buy,sz002099,海翔药业,6.386379999999999,11200.0
2024-10-10,3,assign,sz001339,智微智能,,0.0
2024-10-11,0,sell_stop,sh603256,宏和科技,7.67232,11200.0
2024-10-11,1,sell_stop,sz002099,海翔药业,6.05394,11200.0
2024-10-11,0,assign,sh603256,宏和科技,,0.0
2024-10-11,1,assign,sz002099,海翔药业,,0.0
2024-10-14,0,buy,sh603256,宏和科技,7.78778,11100.0
2024-10-14,2,buy,sz002651,利君股份,5.57557,22700.0
2024-10-14,3,buy,sz001339,智微智能,26.976949999999995,2300.0
2024-10-17,2,sell_stop,sz002651,利君股份,5.67432,22700.0
2024-10-17,2,assign,sz002651,利君股份,,0.0
2024-10-18,1,buy,sz002099,海翔药业,5.895889999999999,11500.0
2024-10-18,2,buy,sz002651,利君股份,5.775769999999999,22200.0
2024-10-22,2,sell_stop,sz002651,利君股份,5.7642299999999995,22200.0
2024-10-22,3,sell_stop,sz001339,智微智能,28.11186,2300.0
2024-10-22,2,assign,sz001339,智微智能,,0.0
2024-10-22,3,assign,sz002651,利君股份,,0.0
2024-10-22,4,buy,sh603887,城地香江,12.832819999999998,7300.0
2024-10-23,4,sell_stop,sh603887,城地香江,11.988,7300.0
2024-10-23,3,buy,sz002651,利君股份,6.026019999999999,10700.0
2024-10-23,4,assign,sh603887,城地香江,,0.0
2024-10-28,2,buy,sz001339,智微智能,28.348319999999998,4500.0
2024-10-29,1,sell_stop,sz002099,海翔药业,6.12387,11500.0
2024-10-29,1,assign,sz002099,海翔药业,,0.0
2024-10-29,4,buy,sh603887,城地香江,18.77876,4600.0
2024-10-30,4,sell_stop,sh603887,城地香江,19.66032,4600.0
2024-10-30,4,assign,sh603887,城地香江,,0.0
2024-10-31,0,sell_stop,sh603256,宏和科技,8.48151,11100.0
2024-10-31,2,sell_stop,sz001339,智微智能,28.93104,4500.0
2024-10-31,0,assign,sh603256,宏和科技,,0.0
2024-10-31,2,assign,sz001339,智微智能,,0.0
2024-10-31,4,buy,sh603887,城地香江,21.03101,4300.0
2024-11-01,3,sell_stop,sz002651,利君股份,5.9240699999999995,10700.0
2024-11-01,4,sell_stop,sh603887,城地香江,18.16182,4300.0
2024-11-01,0,assign,sz002651,利君股份,,0.0
2024-11-01,1,assign,sh600606,绿地控股,,0.0
2024-11-01,3,assign,sh603887,城地香江,,0.0
2024-11-01,3,buy,sh603887,城地香江,19.169149999999995,3300.0
2024-11-01,4,assign,sh600559,老白干酒,,0.0
2024-11-01,4,buy,sh600559,老白干酒,19.909889999999997,4000.0
2024-11-04,0,buy,sz002651,利君股份,6.04604,15500.0
2024-11-04,2,buy,sz001339,智微智能,26.956929999999996,4800.0
2024-11-05,1,buy,sh600606,绿地控股,2.1721699999999995,32500.0
2024-11-07,0,sell_stop,sz002651,利君股份,7.87212,15500.0
2024-11-07,3,sell_stop,sh603887,城地香江,14.2857,3300.0
2024-11-07,0,assign,sz002651,利君股份,,0.0
2024-11-07,3,assign,sh603887,城地香江,,0.0
2024-11-08,1,sell_stop,sh600606,绿地控股,2.81718,32500.0
2024-11-08,4,sell_stop,sh600559,老白干酒,23.15682,4000.0
2024-11-08,0,buy,sz002651,利君股份,7.507499999999999,16100.0
2024-11-08,1,assign,sh600606,绿地控股,,0.0
2024-11-08,3,buy,sh603887,城地香江,14.604589999999998,3300.0
2024-11-08,4,assign,sh600559,老白干酒,,0.0
2024-11-11,0,sell_stop,sz002651,利君股份,8.26173,16100.0
2024-11-11,3,sell_stop,sh603887,城地香江,15.3846,3300.0
2024-11-11,0,assign,sz002651,利君股份,,0.0
2024-11-11,1,buy,sh600606,绿地控股,2.6026,34800.0
2024-11-11,3,assign,sh603887,城地香江,,0.0
2024-11-12,2,sell_stop,sz001339,智微智能,29.0709,4800.0
2024-11-12,2,assign,sz001339,智微智能,,0.0
2024-11-12,3,buy,sh603887,城地香江,16.005989999999997,3100.0
2024-11-13,1,sell_stop,sh600606,绿地控股,2.36763,34800.0
2024-11-13,3,sell_stop,sh603887,城地香江,16.81317,3100.0
2024-11-13,0,buy,sz002651,利君股份,7.4774699999999985,17700.0
2024-11-13,1,assign,sh600606,绿地控股,,0.0
2024-11-13,3,assign,sh603887,城地香江,,0.0
2024-11-14,0,sell_stop,sz002651,利君股份,7.2627299999999995,17700.0
2024-11-14,0,assign,sz002651,利君股份,,0.0
2024-11-14,3,buy,sh603887,城地香江,17.48747,3000.0
2024-11-15,3,sell_stop,sh603887,城地香江,17.82216,3000.0
2024-11-15,1,buy,sh600606,绿地控股,2.3123099999999996,35800.0
2024-11-15,3,assign,sh603887,城地香江,,0.0
2024-11-19,1,sell_stop,sh600606,绿地控股,2.30769,35800.0
2024-11-19,0,buy,sz002651,利君股份,6.79679,18900.0
2024-11-19,1,assign,sh600606,绿地控股,,0.0
2024-11-19,2,buy,sz001339,智微智能,26.71669,5200.0
2024-11-19,3,buy,sh603887,城地香江,14.854839999999998,3600.0
2024-11-20,1,buy,sh600606,绿地控股,2.3723699999999996,34800.0
2024-11-21,3,sell_stop,sh603887,城地香江,14.73525,3600.0
2024-11-21,3,assign,sh603887,城地香江,,0.0
2024-11-22,0,sell_stop,sz002651,利君股份,6.883109999999999,18900.0
2024-11-22,1,sell_stop,sh600606,绿地控股,2.2577399999999996,34800.0
2024-11-22,2,sell_stop,sz001339,智微智能,30.10986,5200.0
2024-11-22,0,assign,sz001339,智微智能,,0.0
2024-11-22,1,assign,sz002651,利君股份,,0.0
2024-11-22,2,assign,sh600606,绿地控股,,0.0
2024-11-22,3,buy,sh603887,城地香江,14.894879999999999,3500.0
2024-11-25,3,sell_stop,sh603887,城地香江,12.85713,3500.0
2024-11-25,0,buy,sz001339,智微智能,29.879849999999998,4300.0
2024-11-25,3,assign,sh603887,城地香江,,0.0
2024-11-26,0,sell_stop,sz001339,智微智能,30.84912,4300.0
2024-11-26,0,assign,sz001339,智微智能,,0.0
2024-11-26,3,buy,sh603887,城地香江,13.573559999999999,3400.0
2024-11-27,0,buy,sz001339,智微智能,29.939909999999998,4400.0
2024-11-27,1,buy,sz002651,利君股份,6.836829999999999,11500.0
2024-11-27,2,buy,sh600606,绿地控股,2.2522499999999996,69700.0
2024-11-27,4,buy,sh600559,老白干酒,20.300279999999997,4500.0
2024-11-28,3,sell_stop,sh603887,城地香江,14.215770000000001,3400.0
2024-11-28,3,assign,sh603887,城地香江,,0.0
2024-11-29,3,buy,sh603887,城地香江,13.853839999999998,3500.0
2024-12-03,3,sell_stop,sh603887,城地香江,13.81617,3500.0
2024-12-03,3,assign,sz002364,中恒电气,,0.0
2024-12-04,0,sell_stop,sz001339,智微智能,31.158810000000003,4400.0
2024-12-04,2,sell_stop,sh600606,绿地控股,2.41758,69700.0
2024-12-04,0,assign,sz001339,智微智能,,0.0
2024-12-04,2,assign,sh600606,绿地控股,,0.0
2024-12-05,0,buy,sz001339,智微智能,31.90187,4300.0
2024-12-06,0,sell_stop,sz001339,智微智能,30.4695,4300.0
2024-12-06,1,sell_stop,sz002651,利君股份,7.40259,11500.0
2024-12-06,0,assign,sz001339,智微智能,,0.0
2024-12-06,1,assign,sz002651,利君股份,,0.0
2024-12-06,2,buy,sh600606,绿地控股,2.5125099999999994,66800.0
2024-12-09,2,sell_stop,sh600606,绿地控股,2.44755,66800.0
2024-12-09,0,buy,sz001339,智微智能,31.020989999999994,4200.0
2024-12-09,2,assign,sh600606,绿地控股,,0.0
2024-12-09,3,buy,sz002364,中恒电气,7.827819999999999,6200.0
2024-12-10,0,sell_stop,sz001339,智微智能,31.248720000000002,4200.0
2024-12-10,3,sell_stop,sz002364,中恒电气,8.16183,6200.0
2024-12-10,0,assign,sz001339,智微智能,,0.0
2024-12-10,3,assign,sz002364,中恒电气,,0.0
2024-12-11,2,buy,sh600606,绿地控股,2.5325299999999995,64600.0
2024-12-13,2,sell_stop,sh600606,绿地控股,2.4975,64600.0
2024-12-13,4,sell_stop,sh600559,老白干酒,21.4785,4500.0
2024-12-13,2,assign,sh600606,绿地控股,,0.0
2024-12-13,3,buy,sz002364,中恒电气,8.448439999999998,5900.0
2024-12-13,4,assign,sh600559,老白干酒,,0.0
2024-12-16,3,sell_stop,sz002364,中恒电气,8.50149,5900.0
2024-12-16,3,assign,sz002364,中恒电气,,0.0
2024-12-19,0,buy,sz001339,智微智能,29.939909999999998,4400.0
2024-12-19,3,buy,sz002364,中恒电气,7.947939999999999,6300.0
2024-12-20,3,sell_stop,sz002364,中恒电气,8.01198,6300.0
2024-12-20,3,assign,sz002364,中恒电气,,0.0
2024-12-23,0,sell_stop,sz001339,智微智能,29.50047,4400.0
2024-12-23,0,assign,sz001339,智微智能,,0.0
2024-12-23,3,buy,sz002364,中恒电气,8.298289999999998,6100.0
2024-12-24,1,buy,sz002651,利君股份,6.856849999999999,12300.0
2024-12-24,2,buy,sh600606,绿地控股,2.2622599999999995,71300.0
2024-12-25,1,sell_stop,sz002651,利君股份,6.553439999999999,12300.0
2024-12-25,2,sell_stop,sh600606,绿地控股,2.1978,71300.0
2024-12-25,3,sell_stop,sz002364,中恒电气,10.3896,6100.0
2024-12-25,1,assign,sz002651,利君股份,,0.0
2024-12-25,2,assign,sz002364,中恒电气,,0.0
2024-12-25,3,assign,sh600606,绿地控股,,0.0
2024-12-26,0,buy,sz001339,智微智能,28.6286,4600.0
2024-12-26,1,buy,sz002651,利君股份,6.776769999999999,11900.0
2024-12-26,2,buy,sz002364,中恒电气,9.909899999999999,15800.0
2024-12-30,1,sell_stop,sz002651,利君股份,7.41258,11900.0
2024-12-30,2,sell_stop,sz002364,中恒电气,11.57841,15800.0
2024-12-30,1,assign,sz002651,利君股份,,0.0
2024-12-30,1,buy,sz002651,利君股份,7.827819999999999,11200.0
2024-12-30,2,assign,sz002364,中恒电气,,0.0
2024-12-31,0,sell_stop,sz001339,智微智能,28.42155,4600.0
2024-12-31,1,sell_stop,sz002651,利君股份,7.16283,11200.0
2024-12-31,0,assign,sz001339,智微智能,,0.0
2024-12-31,1,assign,sz002651,利君股份,,0.0
2024-12-31,2,buy,sz002364,中恒电气,12.262249999999998,14800.0
2025-01-02,1,buy,sz002651,利君股份,7.177169999999999,11300.0
2025-01-02,3,assign,sh603256,宏和科技,,0.0
2025-01-03,1,sell_stop,sz002651,利君股份,6.6833100000000005,11300.0
2025-01-03,2,sell_stop,sz002364,中恒电气,10.57941,14800.0
2025-01-03,1,assign,sz002651,利君股份,,0.0
2025-01-03,2,assign,sz002364,中恒电气,,0.0
2025-01-06,0,buy,sz001339,智微智能,26.156129999999997,5000.0
2025-01-06,2,buy,sz002364,中恒电气,11.201189999999999,14100.0
2025-01-06,4,buy,sh600559,老白干酒,18.15814,5300.0
2025-01-07,1,buy,sz002651,利君股份,6.25625,12100.0
2025-01-08,0,sell_stop,sz001339,智微智能,26.88309,5000.0
2025-01-08,1,sell_stop,sz002651,利君股份,6.18381,12100.0
2025-01-08,4,sell_stop,sh600559,老白干酒,17.592389999999998,5300.0
2025-01-08,0,assign,sz002651,利君股份,,0.0
2025-01-08,1,assign,sz001339,智微智能,,0.0
2025-01-08,4,assign,sh600559,老白干酒,,0.0
2025-01-09,2,sell_stop,sz002364,中恒电气,13.6863,14100.0
2025-01-09,0,buy,sz002651,利君股份,6.386379999999999,21000.0
2025-01-09,2,assign,sz002364,中恒电气,,0.0
2025-01-09,3,buy,sh603256,宏和科技,8.17817,7700.0
2025-01-10,3,sell_stop,sh603256,宏和科技,8.85114,7700.0
2025-01-10,1,buy,sz001339,智微智能,27.57755,2700.0
2025-01-10,2,buy,sz002364,中恒电气,12.99298,14700.0
2025-01-10,3,assign,sh603256,宏和科技,,0.0
2025-01-13,0,sell_stop,sz002651,利君股份,5.894100000000001,21000.0
2025-01-13,2,sell_stop,sz002364,中恒电气,12.69729,14700.0
2025-01-13,0,assign,sz002651,利君股份,,0.0
2025-01-13,0,buy,sz002651,利君股份,6.226219999999999,19900.0
2025-01-13,2,assign,sz002364,中恒电气,,0.0
2025-01-14,2,buy,sz002364,中恒电气,13.043029999999998,14300.0
2025-01-14,3,buy,sh603256,宏和科技,8.42842,8000.0
2025-01-14,4,buy,sh600559,老白干酒,18.198179999999997,5100.0
2025-01-15,2,sell_stop,sz002364,中恒电气,12.82716,14300.0
2025-01-15,2,assign,sz002364,中恒电气,,0.0
2025-01-16,2,buy,sz002364,中恒电气,12.352339999999998,14800.0
2025-01-17,2,sell_stop,sz002364,中恒电气,11.63835,14800.0
2025-01-17,2,assign,sz002364,中恒电气,,0.0
2025-01-17,2,buy,sz002364,中恒电气,12.262249999999998,14100.0
2025-01-21,0,sell_stop,sz002651,利君股份,6.40359,19900.0
2025-01-21,1,sell_stop,sz001339,智微智能,28.8711,2700.0
2025-01-21,2,sell_stop,sz002364,中恒电气,12.93705,14100.0
2025-01-21,3,sell_stop,sh603256,宏和科技,8.63136,8000.0
2025-01-21,0,assign,sh603256,宏和科技,,0.0
2025-01-21,0,buy,sh603256,宏和科技,9.109099999999998,14000.0
2025-01-21,1,assign,sz002651,利君股份,,0.0
2025-01-21,2,assign,sz001339,智微智能,,0.0
2025-01-21,3,assign,sz002364,中恒电气,,0.0
2025-01-22,0,sell_stop,sh603256,宏和科技,8.74125,14000.0
2025-01-22,0,assign,sh603256,宏和科技,,0.0
2025-01-22,3,buy,sz002364,中恒电气,13.793779999999998,5000.0
2025-01-23,3,sell_stop,sz002364,中恒电气,13.30668,5000.0
2025-01-23,3,assign,sz002364,中恒电气,,0.0
2025-01-24,2,buy,sz001339,智微智能,29.159129999999998,6200.0
2025-01-24,3,buy,sz002364,中恒电气,12.822809999999999,5200.0
2025-01-27,2,sell_stop,sz001339,智微智能,28.831139999999998,6200.0
2025-01-27,3,sell_stop,sz002364,中恒电气,13.036950000000001,5200.0
2025-01-27,2,assign,sz001339,智微智能,,0.0
2025-01-27,3,assign,sz002364,中恒电气,,0.0
2025-02-05,4,sell_stop,sh600559,老白干酒,17.41257,5100.0
2025-02-05,0,assign,sh603887,城地香江,,0.0
2025-02-05,0,buy,sh603887,城地香江,14.39438,8500.0
2025-02-05,1,assign,sz000062,深圳华强,,0.0
2025-02-05,2,buy,sz001339,智微智能,29.619589999999995,6000.0
2025-02-05,3,assign,sz002239,奥特佳,,0.0
2025-02-05,4,assign,sh600763,通策医疗,,0.0
2025-02-06,1,buy,sz000062,深圳华强,20.830809999999996,3700.0
2025-02-06,3,buy,sz002239,奥特佳,3.1231199999999997,21800.0
2025-02-07,4,buy,sh600763,通策医疗,42.832789999999996,2100.0
2025-02-11,4,sell_stop,sh600763,通策医疗,42.58737,2100.0
2025-02-11,4,assign,sh600763,通策医疗,,0.0
2025-02-12,4,buy,sh600763,通策医疗,43.6436,2000.0
2025-02-13,1,sell_stop,sz000062,深圳华强,23.806169999999998,3700.0
2025-02-13,1,assign,sz000062,深圳华强,,0.0
2025-02-14,0,sell_stop,sh603887,城地香江,16.992990000000002,8500.0
2025-02-14,0,assign,sh603887,城地香江,,0.0
2025-02-17,0,buy,sh603887,城地香江,17.85784,8000.0
2025-02-18,0,sell_stop,sh603887,城地香江,16.01397,8000.0
2025-02-18,3,sell_stop,sz002239,奥特佳,3.0669299999999997,21800.0
2025-02-18,4,sell_stop,sh600763,通策医疗,43.81614,2000.0
2025-02-18,0,assign,sh603887,城地香江,,0.0
2025-02-18,1,buy,sz000062,深圳华强,23.773749999999996,3700.0
2025-02-18,3,assign,sz002239,奥特佳,,0.0
2025-02-18,4,assign,sh600763,通策医疗,,0.0
2025-02-20,2,sell_stop,sz001339,智微智能,35.81415,6000.0
2025-02-20,0,buy,sh603887,城地香江,17.03702,7600.0
2025-02-20,2,assign,sz001339,智微智能,,0.0
2025-02-20,4,buy,sh600763,通策医疗,44.67463,2000.0
2025-02-21,2,buy,sz001339,智微智能,36.636599999999994,5800.0
2025-02-24,0,sell_stop,sh603887,城地香江,17.922060000000002,7600.0
2025-02-24,1,sell_stop,sz000062,深圳华强,22.837139999999998,3700.0
2025-02-24,4,sell_stop,sh600763,通策医疗,44.34561,2000.0
2025-02-24,0,assign,sh603887,城地香江,,0.0
2025-02-24,1,assign,sz000062,深圳华强,,0.0
2025-02-24,4,assign,sh600763,通策医疗,,0.0
2025-02-26,0,buy,sh603887,城地香江,18.72871,7200.0
2025-02-26,3,buy,sz002239,奥特佳,3.2832799999999995,20400.0
2025-02-27,0,sell_stop,sh603887,城地香江,18.31167,7200.0
2025-02-27,2,sell_stop,sz001339,智微智能,39.64032,5800.0
2025-02-27,3,sell_stop,sz002239,奥特佳,3.1968,20400.0
2025-02-27,0,assign,sh603887,城地香江,,0.0
2025-02-27,2,assign,sz002239,奥特佳,,0.0
2025-02-27,3,assign,sz001339,智微智能,,0.0
2025-02-27,4,buy,sh600763,通策医疗,44.994949999999996,1900.0
2025-02-28,4,sell_stop,sh600763,通策医疗,43.24671,1900.0
2025-02-28,0,buy,sh603887,城地香江,19.599579999999996,6700.0
2025-02-28,2,buy,sz002239,奥特佳,3.3833799999999994,68600.0
2025-02-28,4,assign,sh600763,通策医疗,,0.0
2025-03-03,0,sell_stop,sh603887,城地香江,20.42955,6700.0
2025-03-03,0,assign,sh603887,城地香江,,0.0
2025-03-03,1,buy,sz000062,深圳华强,22.262239999999995,3800.0
2025-03-03,4,buy,sh600763,通策医疗,43.963919999999995,1900.0
2025-03-04,0,buy,sh603887,城地香江,17.827809999999996,7700.0
2025-03-04,3,buy,sz001339,智微智能,35.77574,1800.0
2025-03-05,0,sell_stop,sh603887,城地香江,20.65932,7700.0
2025-03-05,4,sell_stop,sh600763,通策医疗,44.225730000000006,1900.0
2025-03-05,0,assign,sh603887,城地香江,,0.0
2025-03-05,4,assign,sh600763,通策医疗,,0.0
2025-03-06,3,sell_stop,sz001339,智微智能,42.61734,1800.0
2025-03-06,0,buy,sh603887,城地香江,21.241219999999995,7400.0
2025-03-06,3,assign,sz001339,智微智能,,0.0
2025-03-07,1,sell_stop,sz000062,深圳华强,21.8781,3800.0
2025-03-07,1,assign,sz000062,深圳华强,,0.0
2025-03-07,3,buy,sz001339,智微智能,42.832789999999996,1700.0
2025-03-10,0,sell_stop,sh603887,城地香江,21.428549999999998,7400.0
2025-03-10,3,sell_stop,sz001339,智微智能,44.615339999999996,1700.0
2025-03-10,0,assign,sh603887,城地香江,,0.0
2025-03-10,3,assign,sz001339,智微智能,,0.0
2025-03-11,3,buy,sz001339,智微智能,44.864819999999995,1700.0
2025-03-13,2,sell_stop,sz002239,奥特佳,3.0669299999999997,68600.0
2025-03-13,3,sell_stop,sz001339,智微智能,43.22673,1700.0
2025-03-13,0,buy,sh603887,城地香江,23.183159999999997,6900.0
2025-03-13,2,assign,sz002239,奥特佳,,0.0
2025-03-13,3,assign,sz001339,智微智能,,0.0
2025-03-13,3,buy,sz001339,智微智能,45.535489999999996,1600.0
2025-03-14,0,sell_stop,sh603887,城地香江,21.978,6900.0
2025-03-14,0,assign,sh603887,城地香江,,0.0
2025-03-14,4,buy,sh600763,通策医疗,44.45440999999999,1900.0
2025-03-17,1,buy,sz000062,深圳华强,22.152129999999996,3700.0
2025-03-18,3,sell_stop,sz001339,智微智能,47.97198,1600.0
2025-03-18,3,assign,sz001339,智微智能,,0.0
2025-03-19,2,buy,sz002239,奥特佳,3.2632599999999994,64700.0
2025-03-19,3,buy,sz001339,智微智能,48.73868999999999,1600.0
2025-03-20,1,sell_stop,sz000062,深圳华强,24.31566,3700.0
2025-03-20,3,sell_stop,sz001339,智微智能,44.02593,1600.0
2025-03-20,0,buy,sh603887,城地香江,21.75173,6900.0
2025-03-20,1,assign,sz000062,深圳华强,,0.0
2025-03-20,3,assign,sz001339,智微智能,,0.0
2025-03-21,0,sell_stop,sh603887,城地香江,20.45952,6900.0
2025-03-21,0,assign,sh603887,城地香江,,0.0
2025-03-21,3,buy,sz001339,智微智能,44.204159999999995,1600.0
2025-03-24,2,sell_stop,sz002239,奥特佳,3.10689,64700.0
2025-03-24,3,sell_stop,sz001339,智微智能,41.808150000000005,1600.0
2025-03-24,2,assign,sz002239,奥特佳,,0.0
2025-03-24,3,assign,sz001339,智微智能,,0.0
2025-03-25,2,buy,sz002239,奥特佳,3.2032,62900.0
2025-03-26,3,buy,sz001339,智微智能,40.32028,1700.0
2025-03-27,1,buy,sz000062,深圳华强,21.891869999999997,4100.0
2025-03-28,0,buy,sh603887,城地香江,18.598579999999995,7700.0
2025-03-31,0,sell_stop,sh603887,城地香江,17.66232,7700.0
2025-03-31,1,sell_stop,sz000062,深圳华强,22.8771,4100.0
2025-03-31,2,sell_stop,sz002239,奥特佳,2.95704,62900.0
2025-03-31,3,sell_stop,sz001339,智微智能,37.39257,1700.0
2025-03-31,0,assign,sh603887,城地香江,,0.0
2025-03-31,0,buy,sh603887,城地香江,18.6186,7300.0
2025-03-31,1,assign,sz000062,深圳华强,,0.0
2025-03-31,2,assign,sz002239,奥特佳,,0.0
2025-03-31,3,assign,sz001339,智微智能,,0.0
2025-03-31,3,buy,sz001339,智微智能,39.38935,1600.0
2025-04-01,0,sell_stop,sh603887,城地香江,18.90108,7300.0
2025-04-01,0,assign,sh603887,城地香江,,0.0
2025-04-01,2,assign,sz001236,弘业期货,,0.0
2025-04-01,2,buy,sz001236,弘业期货,10.16015,18300.0
2025-04-02,0,buy,sh603887,城地香江,19.58957,7000.0
2025-04-03,1,buy,sz000062,深圳华强,22.77275,4100.0
2025-04-07,4,sell_stop,sh600763,通策医疗,40.90905,1900.0
2025-04-07,4,assign,sh600763,通策医疗,,0.0
2025-04-08,0,sell_stop,sh603887,城地香江,16.82316,7000.0
2025-04-08,1,sell_stop,sz000062,深圳华强,18.93105,4100.0
2025-04-08,2,sell_stop,sz001236,弘业期货,8.07192,18300.0
2025-04-08,3,sell_stop,sz001339,智微智能,30.73923,1600.0
2025-04-08,0,assign,sz000062,深圳华强,,0.0
2025-04-08,0,buy,sz000062,深圳华强,20.560539999999996,5800.0
2025-04-08,1,assign,sh603887,城地香江,,0.0
2025-04-08,2,assign,sz001236,弘业期货,,0.0
2025-04-08,3,assign,sz001339,智微智能,,0.0
2025-04-08,3,buy,sz001339,智微智能,33.80377,1500.0
2025-04-08,4,buy,sh600763,通策医疗,42.222179999999994,1900.0
2025-04-09,0,sell_stop,sz000062,深圳华强,18.64134,5800.0
2025-04-09,3,sell_stop,sz001339,智微智能,28.551419999999997,1500.0
2025-04-09,0,assign,sz000062,深圳华强,,0.0
2025-04-09,0,buy,sz000062,深圳华强,19.639619999999997,5500.0
2025-04-09,1,buy,sh603887,城地香江,16.82681,4700.0
2025-04-09,2,buy,sz001236,弘业期货,8.06806,18600.0
2025-04-09,3,assign,sz001339,智微智能,,0.0
2025-04-09,3,buy,sz001339,智微智能,30.090059999999994,1400.0
2025-04-15,0,sell_stop,sz000062,深圳华强,25.374599999999997,5500.0
2025-04-15,1,sell_stop,sh603887,城地香江,18.491490000000002,4700.0
2025-04-15,2,sell_stop,sz001236,弘业期货,8.521469999999999,18600.0
2025-04-15,0,assign,sz000062,深圳华强,,0.0
2025-04-15,1,assign,sh603887,城地香江,,0.0
2025-04-15,2,assign,sz001236,弘业期货,,0.0
2025-04-16,3,sell_stop,sz001339,智微智能,34.275690000000004,1400.0
2025-04-16,0,buy,sz000062,深圳华强,26.156129999999997,5300.0
2025-04-16,3,assign,sz001339,智微智能,,0.0
2025-04-17,1,buy,sh603887,城地香江,18.228209999999997,4800.0
2025-04-17,2,buy,sz001236,弘业期货,8.5085,18600.0
2025-04-17,3,buy,sz001339,智微智能,34.99496,1400.0
2025-04-18,0,sell_stop,sz000062,深圳华强,24.26571,5300.0
2025-04-18,0,assign,sz000062,深圳华强,,0.0
2025-04-22,3,sell_stop,sz001339,智微智能,35.764199999999995,1400.0
2025-04-22,4,sell_stop,sh600763,通策医疗,40.93902,1900.0
2025-04-22,3,assign,sz001339,智微智能,,0.0
2025-04-22,4,assign,sh600763,通策医疗,,0.0
2025-04-24,1,sell_stop,sh603887,城地香江,17.72226,4800.0
2025-04-24,1,assign,sh603887,城地香江,,0.0
2025-04-25,0,buy,sz000062,深圳华强,24.084059999999997,5300.0
2025-04-25,1,buy,sh603887,城地香江,18.18817,4600.0
2025-04-28,2,sell_stop,sz001236,弘业期货,8.181809999999999,18600.0
2025-04-28,2,assign,sz001236,弘业期货,,0.0
2025-04-28,3,buy,sz001339,智微智能,37.86782999999999,1300.0
2025-05-06,2,assign,sz000737,北方铜业,,0.0
2025-05-06,2,buy,sz000737,北方铜业,9.02902,16800.0
2025-05-06,4,assign,sz002993,奥海科技,,0.0
2025-05-07,0,sell_stop,sz000062,深圳华强,27.22275,5300.0
2025-05-07,1,sell_stop,sh603887,城地香江,19.07091,4600.0
2025-05-07,3,sell_stop,sz001339,智微智能,42.24771,1300.0
2025-05-07,0,assign,sz000062,深圳华强,,0.0
2025-05-07,1,assign,sh603530,神马电力,,0.0
2025-05-07,3,assign,sh600055,万东医疗,,0.0
2025-05-08,1,buy,sh603530,神马电力,24.03401,3700.0
2025-05-09,0,buy,sz000062,深圳华强,27.637609999999995,5200.0
2025-05-13,0,sell_stop,sz000062,深圳华强,27.78219,5200.0
2025-05-13,0,assign,sz000062,深圳华强,,0.0
2025-05-14,3,buy,sh600055,万东医疗,17.85784,3100.0
2025-05-15,2,sell_stop,sz000737,北方铜业,8.931059999999999,16800.0
2025-05-15,0,buy,sz000062,深圳华强,27.927899999999994,5200.0
2025-05-15,2,assign,sz000737,北方铜业,,0.0
2025-05-16,0,sell_stop,sz000062,深圳华强,26.973,5200.0
2025-05-16,0,assign,sz000062,深圳华强,,0.0
2025-05-19,0,buy,sz000062,深圳华强,27.367339999999995,5100.0
2025-05-22,0,sell_stop,sz000062,深圳华强,26.303669999999997,5100.0
2025-05-22,3,sell_stop,sh600055,万东医疗,18.31167,3100.0
2025-05-22,0,assign,sz000062,深圳华强,,0.0
2025-05-22,3,assign,sh600055,万东医疗,,0.0
2025-05-26,0,buy,sz000062,深圳华强,26.44642,5100.0
2025-05-26,2,buy,sz000737,北方铜业,9.17917,16400.0
2025-05-27,2,sell_stop,sz000737,北方铜业,8.73126,16400.0
2025-05-27,2,assign,sz000737,北方铜业,,0.0
2025-05-29,4,buy,sz002993,奥海科技,36.56653,2100.0
2025-05-30,0,sell_stop,sz000062,深圳华强,24.36561,5100.0
2025-05-30,0,assign,sz000062,深圳华强,,0.0
2025-06-03,0,assign,sh600422,昆药集团,,0.0
2025-06-03,2,assign,sh600499,科达制造,,0.0
2025-06-03,3,assign,sz002511,中顺洁柔,,0.0
2025-06-03,3,buy,sz002511,中顺洁柔,7.24724,7900.0
2025-06-04,1,sell_stop,sh603530,神马电力,25.81416,3700.0
2025-06-04,1,assign,sh603530,神马电力,,0.0
2025-06-05,3,sell_stop,sz002511,中顺洁柔,7.0529399999999995,7900.0
2025-06-05,3,assign,sz002511,中顺洁柔,,0.0
2025-06-09,0,buy,sh600422,昆药集团,15.235219999999998,8200.0
2025-06-10,4,sell_stop,sz002993,奥海科技,35.92404,2100.0
2025-06-10,4,assign,sz002993,奥海科技,,0.0
2025-06-12,4,buy,sz002993,奥海科技,37.41738,2000.0
2025-06-13,0,sell_stop,sh600422,昆药集团,14.40558,8200.0
2025-06-13,4,sell_stop,sz002993,奥海科技,37.442519999999995,2000.0
2025-06-13,0,assign,sh600422,昆药集团,,0.0
2025-06-13,4,assign,sz002993,奥海科技,,0.0
2025-06-23,4,buy,sz002993,奥海科技,36.48645,2000.0
2025-06-24,1,buy,sh603530,神马电力,24.494469999999996,3800.0
2025-06-30,1,sell_stop,sh603530,神马电力,25.5744,3800.0
2025-06-30,4,sell_stop,sz002993,奥海科技,38.35161,2000.0
2025-06-30,1,assign,sz002993,奥海科技,,0.0
2025-06-30,1,buy,sz002993,奥海科技,40.41036999999999,2400.0
2025-06-30,4,assign,sh603530,神马电力,,0.0
2025-07-01,2,assign,sh600552,凯盛科技,,0.0
2025-07-01,3,assign,sh600055,万东医疗,,0.0
2025-07-01,4,assign,sh600338,西藏珠峰,,0.0
2025-07-02,4,buy,sh600338,西藏珠峰,11.181169999999998,7100.0
2025-07-03,2,buy,sh600552,凯盛科技,11.561549999999999,12400.0
2025-07-09,1,sell_stop,sz002993,奥海科技,39.060900000000004,2400.0
2025-07-09,1,assign,sz002993,奥海科技,,0.0
2025-07-21,1,buy,sz002993,奥海科技,38.94890999999999,2400.0
2025-07-22,3,buy,sh600055,万东医疗,18.15814,3000.0
2025-07-23,4,sell_stop,sh600338,西藏珠峰,12.14784,7100.0
2025-07-23,4,assign,sh600338,西藏珠峰,,0.0
2025-07-24,4,buy,sh600338,西藏珠峰,12.042029999999999,7100.0
2025-07-25,4,sell_stop,sh600338,西藏珠峰,12.397590000000001,7100.0
2025-07-25,4,assign,sh600338,西藏珠峰,,0.0
2025-07-30,0,buy,sh600422,昆药集团,14.64463,8100.0
2025-08-01,4,assign,sh600763,通策医疗,,0.0
2025-08-18,1,sell_stop,sz002993,奥海科技,51.79815,2400.0
2025-08-18,1,assign,sh603899,晨光股份,,0.0
2025-08-18,4,buy,sh600763,通策医疗,46.34629999999999,1900.0
2025-08-25,2,sell_stop,sh600552,凯盛科技,13.026959999999999,12400.0
2025-08-25,2,assign,sh600552,凯盛科技,,0.0
2025-08-27,0,sell_stop,sh600422,昆药集团,14.20578,8100.0
2025-08-27,3,sell_stop,sh600055,万东医疗,17.772209999999998,3000.0
2025-08-27,4,sell_stop,sh600763,通策医疗,47.02293,1900.0
2025-08-27,0,assign,sh600055,万东医疗,,0.0
2025-08-27,3,assign,sh600763,通策医疗,,0.0
2025-08-27,4,assign,sz000762,西藏矿业,,0.0
2025-08-28,2,buy,sh600552,凯盛科技,13.113099999999998,12200.0
2025-08-29,0,buy,sh600055,万东医疗,17.99798,6400.0
2025-08-29,3,buy,sh600763,通策医疗,47.507459999999995,1100.0
2025-08-29,4,buy,sz000762,西藏矿业,22.11209,4000.0
2025-09-01,1,assign,sz002139,拓邦股份,,0.0
2025-09-02,0,sell_stop,sh600055,万东医疗,17.42256,6400.0
2025-09-02,2,sell_stop,sh600552,凯盛科技,12.75723,12200.0
2025-09-02,4,sell_stop,sz000762,西藏矿业,21.69828,4000.0
2025-09-02,0,assign,sh600552,凯盛科技,,0.0
2025-09-02,2,assign,sh600055,万东医疗,,0.0
2025-09-02,4,assign,sz002192,融捷股份,,0.0
2025-09-03,3,sell_stop,sh600763,通策医疗,45.564389999999996,1100.0
2025-09-03,3,assign,sz002287,奇正藏药,,0.0
2025-09-04,4,buy,sz002192,融捷股份,35.265229999999995,2500.0
2025-09-05,0,buy,sh600552,凯盛科技,12.492479999999999,8900.0
2025-09-05,1,buy,sz002139,拓邦股份,14.434419999999998,8600.0
2025-09-05,3,buy,sz002287,奇正藏药,26.71669,1900.0
2025-09-08,2,buy,sh600055,万东医疗,17.54753,8900.0
2025-09-09,0,sell_stop,sh600552,凯盛科技,12.40758,8900.0
2025-09-09,1,sell_stop,sz002139,拓邦股份,14.49549,8600.0
2025-09-09,0,assign,sh600552,凯盛科技,,0.0
2025-09-09,1,assign,sz002139,拓邦股份,,0.0
2025-09-11,0,buy,sh600552,凯盛科技,12.492479999999999,8900.0
2025-09-15,1,buy,sz002139,拓邦股份,15.025009999999998,8300.0
2025-09-16,4,sell_stop,sz002192,融捷股份,35.954010000000004,2500.0
2025-09-16,4,assign,sz002192,融捷股份,,0.0
2025-09-18,2,sell_stop,sh600055,万东医疗,17.87211,8900.0
2025-09-18,2,assign,sh600055,万东医疗,,0.0
2025-09-19,1,sell_stop,sz002139,拓邦股份,15.80418,8300.0
2025-09-19,1,assign,sz002139,拓邦股份,,0.0
2025-09-19,4,buy,sz002192,融捷股份,35.72568999999999,2500.0
2025-09-22,4,sell_stop,sz002192,融捷股份,34.85511,2500.0
2025-09-22,4,assign,sz002192,融捷股份,,0.0
2025-09-23,0,sell_stop,sh600552,凯盛科技,12.82716,8900.0
2025-09-23,3,sell_stop,sz002287,奇正藏药,25.2747,1900.0
2025-09-23,0,assign,sh600552,凯盛科技,,0.0
2025-09-23,3,assign,sz002287,奇正藏药,,0.0
2025-09-24,0,buy,sh600552,凯盛科技,12.99298,8700.0
2025-09-24,1,buy,sz002139,拓邦股份,15.72571,8300.0
2025-09-24,2,buy,sh600055,万东医疗,17.357339999999997,9100.0
2025-09-24,4,buy,sz002192,融捷股份,34.59456,2500.0
2025-10-09,3,assign,sh603899,晨光股份,,0.0
2025-10-10,0,sell_stop,sh600552,凯盛科技,12.43755,8700.0
2025-10-10,4,sell_stop,sz002192,融捷股份,40.039919999999995,2500.0
2025-10-10,0,assign,sz002192,融捷股份,,0.0
2025-10-10,4,assign,sz002961,瑞达期货,,0.0
2025-10-13,0,buy,sz002192,融捷股份,39.109069999999996,2700.0
2025-10-13,4,buy,sz002961,瑞达期货,20.69067,4800.0
2025-10-14,0,sell_stop,sz002192,融捷股份,40.259699999999995,2700.0
2025-10-14,1,sell_stop,sz002139,拓邦股份,14.425559999999999,8300.0
2025-10-14,2,sell_stop,sh600055,万东医疗,17.112869999999997,9100.0
2025-10-14,4,sell_stop,sz002961,瑞达期货,20.50947,4800.0
2025-10-14,0,assign,sz002139,拓邦股份,,0.0
2025-10-14,1,assign,sh600055,万东医疗,,0.0
2025-10-14,2,assign,sz002192,融捷股份,,0.0
2025-10-14,4,assign,sz002961,瑞达期货,,0.0
2025-10-15,1,buy,sh600055,万东医疗,17.54753,6900.0
2025-10-15,2,buy,sz002192,融捷股份,40.840799999999994,3800.0
2025-10-17,1,sell_stop,sh600055,万东医疗,16.94304,6900.0
2025-10-17,1,assign,sh600055,万东医疗,,0.0
2025-10-17,4,buy,sz002961,瑞达期货,21.06104,4700.0
2025-10-22,2,sell_stop,sz002192,融捷股份,38.38158,3800.0
2025-10-22,2,assign,sz002192,融捷股份,,0.0
2025-10-23,2,buy,sz002192,融捷股份,40.10006,3600.0
2025-10-27,4,sell_stop,sz002961,瑞达期货,22.437540000000002,4700.0
2025-10-27,4,assign,sz002961,瑞达期货,,0.0
2025-10-28,4,buy,sz002961,瑞达期货,23.353329999999996,4500.0
2025-10-30,4,sell_stop,sz002961,瑞达期货,23.63634,4500.0
2025-10-30,4,assign,sz002961,瑞达期货,,0.0
2025-11-03,2,sell_stop,sz002192,融捷股份,45.77418,3600.0
2025-11-03,1,assign,sh601900,南方传媒,,0.0
2025-11-03,1,buy,sh601900,南方传媒,14.003989999999998,8300.0
2025-11-03,2,assign,sh600963,岳阳林纸,,0.0
2025-11-03,3,assign,sz002838,道恩股份,,0.0
2025-11-03,4,assign,sz002812,恩捷股份,,0.0
2025-11-05,3,buy,sz002838,道恩股份,24.344319999999996,2000.0
2025-11-05,4,buy,sz002812,恩捷股份,47.72767999999999,2200.0
2025-11-06,4,sell_stop,sz002812,恩捷股份,47.24271,2200.0
2025-11-06,4,assign,sz002812,恩捷股份,,0.0
2025-11-07,3,sell_stop,sz002838,道恩股份,24.56541,2000.0
2025-11-07,3,assign,sz002838,道恩股份,,0.0
2025-11-07,4,buy,sz002812,恩捷股份,48.72868,2100.0
2025-11-10,3,buy,sz002838,道恩股份,25.905879999999996,1900.0
2025-11-11,3,sell_stop,sz002838,道恩股份,24.28569,1900.0
2025-11-11,3,assign,sz002838,道恩股份,,0.0
2025-11-12,4,sell_stop,sz002812,恩捷股份,52.177769999999995,2100.0
2025-11-12,4,assign,sz002812,恩捷股份,,0.0
2025-11-12,4,buy,sz002812,恩捷股份,54.96490999999999,2000.0
2025-11-17,4,sell_stop,sz002812,恩捷股份,58.37157,2000.0
2025-11-17,2,buy,sh600963,岳阳林纸,4.75475,35200.0
2025-11-17,4,assign,sz002812,恩捷股份,,0.0
2025-11-17,4,buy,sz002812,恩捷股份,61.491429999999994,1900.0
2025-11-18,2,sell_stop,sh600963,岳阳林纸,4.52547,35200.0
2025-11-18,4,sell_stop,sz002812,恩捷股份,60.38955,1900.0
2025-11-18,2,assign,sh600963,岳阳林纸,,0.0
2025-11-18,4,assign,sz002812,恩捷股份,,0.0
2025-11-19,1,sell_stop,sh601900,南方传媒,13.366620000000001,8300.0
2025-11-19,1,assign,sh601900,南方传媒,,0.0
2025-11-19,4,buy,sz002812,恩捷股份,60.890829999999994,1900.0
2025-11-21,4,sell_stop,sz002812,恩捷股份,55.6443,1900.0
2025-11-21,4,assign,sz002812,恩捷股份,,0.0
2025-11-24,3,buy,sz002838,道恩股份,20.97095,2200.0
2025-11-25,4,buy,sz002812,恩捷股份,54.894839999999995,1900.0
2025-11-26,4,sell_stop,sz002812,恩捷股份,53.566379999999995,1900.0
2025-11-26,4,assign,sz002812,恩捷股份,,0.0
2025-11-27,2,buy,sh600963,岳阳林纸,4.414409999999999,36100.0
2025-11-27,4,buy,sz002812,恩捷股份,54.474419999999995,1900.0
2025-12-01,0,buy,sz002139,拓邦股份,13.3133,8400.0
2025-12-01,1,assign,sh600884,杉杉股份,,0.0
2025-12-02,1,buy,sh600884,杉杉股份,13.23322,8400.0
2025-12-05,1,sell_stop,sh600884,杉杉股份,13.046940000000001,8400.0
2025-12-05,1,assign,sh600884,杉杉股份,,0.0
2025-12-11,3,sell_stop,sz002838,道恩股份,25.254720000000002,2200.0
2025-12-11,3,assign,sh605198,安德利,,0.0
2025-12-15,4,sell_stop,sz002812,恩捷股份,54.26568,1900.0
2025-12-15,1,buy,sh600884,杉杉股份,13.823809999999998,8000.0
2025-12-15,4,assign,sz002812,恩捷股份,,0.0
2025-12-16,1,sell_stop,sh600884,杉杉股份,13.046940000000001,8000.0
2025-12-16,1,assign,sh600884,杉杉股份,,0.0
2025-12-17,1,buy,sh600884,杉杉股份,13.303289999999997,7800.0
2025-12-17,3,buy,sh605198,安德利,36.36633,1500.0
2025-12-22,1,sell_stop,sh600884,杉杉股份,13.87611,7800.0
2025-12-22,1,assign,sh600884,杉杉股份,,0.0
2025-12-22,4,buy,sz002812,恩捷股份,46.376329999999996,2200.0
2025-12-30,4,sell_stop,sz002812,恩捷股份,54.57537,2200.0
2025-12-30,4,assign,sz002812,恩捷股份,,0.0
2025-12-30,4,buy,sz002812,恩捷股份,57.50745,2100.0
2025-12-31,3,sell_stop,sh605198,安德利,37.092870000000005,1500.0
2025-12-31,3,assign,sh605198,安德利,,0.0
2026-01-05,4,sell_stop,sz002812,恩捷股份,55.16478,2100.0
2026-01-05,1,assign,sz000921,海信家电,,0.0
2026-01-05,3,assign,sh600764,中国海防,,0.0
2026-01-05,4,assign,sh603927,中科软,,0.0
2026-01-08,3,buy,sh600764,中国海防,28.768739999999994,2000.0
2026-01-12,4,buy,sh603927,中科软,20.300279999999997,5700.0
2026-01-13,0,sell_stop,sz002139,拓邦股份,14.01597,8400.0
2026-01-13,3,sell_stop,sh600764,中国海防,29.780189999999997,2000.0
2026-01-13,4,sell_stop,sh603927,中科软,20.26971,5700.0
2026-01-13,0,assign,sz002139,拓邦股份,,0.0
2026-01-13,3,assign,sh600764,中国海防,,0.0
2026-01-13,4,assign,sh603927,中科软,,0.0
2026-01-14,3,buy,sh600764,中国海防,29.879849999999998,1900.0
2026-01-14,4,buy,sh603927,中科软,20.830809999999996,5600.0
2026-01-15,4,sell_stop,sh603927,中科软,20.86911,5600.0
2026-01-15,4,assign,sh603927,中科软,,0.0
2026-01-16,3,sell_stop,sh600764,中国海防,27.792180000000002,1900.0
2026-01-16,3,assign,sh600764,中国海防,,0.0
2026-01-19,3,buy,sh600764,中国海防,28.6286,1900.0
2026-01-20,0,buy,sz002139,拓邦股份,14.504489999999999,8100.0
2026-01-21,2,sell_stop,sh600963,岳阳林纸,4.6353599999999995,36100.0
2026-01-21,2,assign,sz000758,中色股份,,0.0
2026-01-21,2,buy,sz000758,中色股份,7.33733,22700.0
2026-01-26,0,sell_stop,sz002139,拓邦股份,13.96602,8100.0
2026-01-26,3,sell_stop,sh600764,中国海防,28.56141,1900.0
2026-01-26,0,assign,sz002139,拓邦股份,,0.0
2026-01-26,3,assign,sh600764,中国海防,,0.0
2026-01-27,2,sell_stop,sz000758,中色股份,8.221770000000001,22700.0
2026-01-27,2,assign,sz000758,中色股份,,0.0
2026-01-28,2,buy,sz000758,中色股份,8.47847,21900.0
2026-01-29,2,sell_stop,sz000758,中色股份,8.961030000000001,21900.0
2026-01-29,2,assign,sz000758,中色股份,,0.0
2026-01-29,4,buy,sh603927,中科软,20.37035,5700.0
2026-01-30,4,sell_stop,sh603927,中科软,19.420560000000002,5700.0
2026-01-30,4,assign,sh603927,中科软,,0.0
2026-02-02,2,assign,sh600682,南京新百,,0.0
2026-02-02,3,assign,sh600699,均胜电子,,0.0
2026-02-02,4,assign,sz002093,国脉科技,,0.0
2026-02-06,3,buy,sh600699,均胜电子,28.118089999999995,1900.0
2026-02-24,3,sell_stop,sh600699,均胜电子,27.54243,1900.0
2026-02-24,3,assign,sh600699,均胜电子,,0.0
2026-02-25,2,buy,sh600682,南京新百,7.36736,26600.0
2026-03-02,2,sell_stop,sh600682,南京新百,7.08291,26600.0
2026-03-02,2,assign,sh600682,南京新百,,0.0
2026-03-04,4,buy,sz002093,国脉科技,10.550539999999998,10500.0
2026-03-06,2,buy,sh600682,南京新百,7.19719,26200.0
2026-03-12,0,buy,sz002139,拓邦股份,13.063049999999999,8600.0
2026-03-20,2,sell_stop,sh600682,南京新百,6.81318,26200.0
2026-03-20,4,sell_stop,sz002093,国脉科技,9.960030000000001,10500.0
2026-03-20,2,assign,sh600682,南京新百,,0.0
2026-03-20,4,assign,sz002093,国脉科技,,0.0
2026-03-23,3,buy,sh600699,均胜电子,23.933909999999997,2200.0
2026-03-24,0,sell_stop,sz002139,拓邦股份,12.267719999999999,8600.0
2026-03-24,3,sell_stop,sh600699,均胜电子,22.72725,2200.0
2026-03-24,0,assign,sh600699,均胜电子,,0.0
2026-03-24,3,assign,sz002139,拓邦股份,,0.0
2026-03-25,0,buy,sh600699,均胜电子,23.783759999999997,4400.0
2026-03-25,1,buy,sz000921,海信家电,22.272249999999996,4800.0
2026-03-26,2,buy,sh600682,南京新百,6.726719999999999,26600.0
2026-03-27,4,buy,sz002093,国脉科技,9.459449999999999,11100.0
2026-03-30,1,sell_stop,sz000921,海信家电,21.36861,4800.0
2026-03-30,1,assign,sz000921,海信家电,,0.0
2026-03-31,0,sell_stop,sh600699,均胜电子,24.515459999999997,4400.0
2026-03-31,0,assign,sh600699,均胜电子,,0.0
2026-03-31,1,buy,sz000921,海信家电,21.801779999999997,4800.0
2026-04-01,0,assign,sz002465,海格通信,,0.0
2026-04-01,3,assign,sz002706,良信股份,,0.0
2026-04-02,1,sell_stop,sz000921,海信家电,21.72825,4800.0
2026-04-02,4,sell_stop,sz002093,国脉科技,9.260729999999999,11100.0
2026-04-02,1,assign,sz000830,鲁西化工,,0.0
2026-04-02,4,assign,sz000758,中色股份,,0.0
2026-04-07,1,buy,sz000830,鲁西化工,15.465449999999997,6700.0
2026-04-07,4,buy,sz000758,中色股份,6.486479999999999,15900.0
2026-04-08,0,buy,sz002465,海格通信,14.97496,7300.0
2026-04-08,3,buy,sz002706,良信股份,9.58958,5400.0
2026-04-13,1,sell_stop,sz000830,鲁西化工,16.37361,6700.0
2026-04-13,3,sell_stop,sz002706,良信股份,9.290700000000001,5400.0
2026-04-13,1,assign,sz002706,良信股份,,0.0
2026-04-13,3,assign,sz000830,鲁西化工,,0.0
2026-04-14,4,sell_stop,sz000758,中色股份,6.72327,15900.0
2026-04-14,1,buy,sz002706,良信股份,9.64964,11300.0
2026-04-14,4,assign,sz000758,中色股份,,0.0
2026-04-17,4,buy,sz000758,中色股份,6.94694,15400.0
2026-04-20,1,sell_stop,sz002706,良信股份,10.73925,11300.0
2026-04-20,1,assign,sz002706,良信股份,,0.0
2026-04-21,2,sell_stop,sh600682,南京新百,6.92307,26600.0
2026-04-21,2,assign,sh600682,南京新百,,0.0
2026-04-23,0,sell_stop,sz002465,海格通信,16.40358,7300.0
2026-04-23,4,sell_stop,sz000758,中色股份,6.93306,15400.0
2026-04-23,0,assign,sz002465,海格通信,,0.0
2026-04-23,3,buy,sz000830,鲁西化工,15.845829999999998,3100.0
2026-04-23,4,assign,sz000758,中色股份,,0.0
2026-04-27,1,buy,sz002706,良信股份,10.40039,11600.0
2026-04-28,1,sell_stop,sz002706,良信股份,11.098889999999999,11600.0
2026-04-28,1,assign,sz002706,良信股份,,0.0
2026-04-29,3,sell_stop,sz000830,鲁西化工,15.954030000000001,3100.0
2026-04-29,0,buy,sz002465,海格通信,15.385369999999998,7700.0
2026-04-29,2,buy,sh600682,南京新百,6.856849999999999,26800.0
2026-04-29,3,assign,sz000830,鲁西化工,,0.0
2026-04-29,3,buy,sz000830,鲁西化工,16.806789999999996,3000.0
2026-04-29,4,buy,sz000758,中色股份,6.856849999999999,15500.0
2026-04-30,3,sell_stop,sz000830,鲁西化工,16.533450000000002,3000.0
2026-04-30,1,buy,sz002706,良信股份,11.451439999999998,11200.0
2026-04-30,3,assign,sz000830,鲁西化工,,0.0
2026-05-06,3,assign,sh603360,百傲化学,,0.0
2026-05-12,0,sell_stop,sz002465,海格通信,16.57341,7700.0
2026-05-12,2,sell_stop,sh600682,南京新百,6.5134799999999995,26800.0
2026-05-12,4,sell_stop,sz000758,中色股份,7.4325600000000005,15500.0
2026-05-12,0,assign,sz000506,招金黄金,,0.0
2026-05-12,2,assign,sh600686,金龙汽车,,0.0
2026-05-12,3,buy,sh603360,百傲化学,20.380359999999996,2400.0
2026-05-12,4,assign,sz002015,协鑫能科,,0.0
2026-05-12,4,buy,sz002015,协鑫能科,21.03101,5400.0
2026-05-13,2,buy,sh600686,金龙汽车,14.854839999999998,11700.0
2026-05-14,1,sell_stop,sz002706,良信股份,12.15783,11200.0
2026-05-14,2,sell_stop,sh600686,金龙汽车,14.31567,11700.0
2026-05-14,3,sell_stop,sh603360,百傲化学,20.7792,2400.0
2026-05-14,4,sell_stop,sz002015,协鑫能科,24.58539,5400.0
2026-05-14,1,assign,sh603360,百傲化学,,0.0
2026-05-14,2,assign,sh600686,金龙汽车,,0.0
2026-05-14,3,assign,sz002015,协鑫能科,,0.0
2026-05-14,4,assign,sz002212,天融信,,0.0
2026-05-18,1,buy,sh603360,百傲化学,22.162139999999997,6100.0
2026-05-19,3,buy,sz002015,协鑫能科,21.91189,2300.0
2026-05-19,4,buy,sz002212,天融信,7.507499999999999,17700.0
2026-05-20,3,sell_stop,sz002015,协鑫能科,21.26871,2300.0
2026-05-20,4,sell_stop,sz002212,天融信,7.40259,17700.0
2026-05-20,3,assign,sz002015,协鑫能科,,0.0
2026-05-20,4,assign,sz002212,天融信,,0.0
2026-05-21,1,sell_stop,sh603360,百傲化学,23.936040000000002,6100.0
2026-05-21,0,buy,sz000506,招金黄金,14.714699999999997,8700.0
2026-05-21,1,assign,sh603360,百傲化学,,0.0
2026-05-21,1,buy,sh603360,百傲化学,25.225199999999997,5800.0
2026-05-21,2,buy,sh600686,金龙汽车,14.34433,11700.0
2026-05-22,1,sell_stop,sh603360,百傲化学,23.34663,5800.0
2026-05-22,1,assign,sh603360,百傲化学,,0.0
2026-05-22,3,buy,sz002015,协鑫能科,20.580559999999995,2300.0
2026-05-25,0,sell_stop,sz000506,招金黄金,14.115870000000001,8700.0
2026-05-25,2,sell_stop,sh600686,金龙汽车,13.86612,11700.0
2026-05-25,0,assign,sz000506,招金黄金,,0.0
2026-05-25,1,buy,sh603360,百傲化学,23.773749999999996,5700.0
2026-05-25,2,assign,sh600686,金龙汽车,,0.0
2026-05-25,4,buy,sz002212,天融信,7.447439999999999,17600.0
2026-05-26,1,sell_stop,sh603360,百傲化学,25.84413,5700.0
2026-05-26,3,sell_stop,sz002015,协鑫能科,21.43854,2300.0
2026-05-26,4,sell_stop,sz002212,天融信,7.13286,17600.0
2026-05-26,0,buy,sz000506,招金黄金,14.324309999999999,8600.0
2026-05-26,1,assign,sh603360,百傲化学,,0.0
2026-05-26,2,buy,sh600686,金龙汽车,13.843829999999999,11800.0
2026-05-26,3,assign,sz002015,协鑫能科,,0.0
2026-05-26,4,assign,sz002212,天融信,,0.0
2026-05-27,0,sell_stop,sz000506,招金黄金,15.04494,8600.0
2026-05-27,0,assign,sz000506,招金黄金,,0.0
2026-05-27,3,buy,sz002015,协鑫能科,21.55153,2300.0
2026-05-28,2,sell_stop,sh600686,金龙汽车,13.40658,11800.0
2026-05-28,2,assign,sh600686,金龙汽车,,0.0
2026-05-29,3,sell_stop,sz002015,协鑫能科,22.36761,2300.0
2026-05-29,3,assign,sz002015,协鑫能科,,0.0
2026-06-01,0,buy,sz000506,招金黄金,14.384369999999997,8900.0
2026-06-01,2,assign,sh603516,淳中科技,,0.0
2026-06-01,3,assign,sz001221,悍高集团,,0.0
2026-06-01,4,assign,sh600988,赤峰黄金,,0.0
2026-06-02,0,sell_stop,sz000506,招金黄金,13.65633,8900.0
2026-06-02,0,assign,sz000506,招金黄金,,0.0
2026-06-02,0,buy,sz000506,招金黄金,14.40439,8500.0
2026-06-02,4,buy,sh600988,赤峰黄金,34.424389999999995,3600.0
2026-06-03,1,buy,sh603360,百傲化学,19.67966,7400.0
2026-06-03,2,buy,sh603516,淳中科技,112.77265999999999,1400.0
2026-06-04,0,sell_stop,sz000506,招金黄金,13.83615,8500.0
2026-06-04,1,sell_stop,sh603360,百傲化学,17.96202,7400.0
2026-06-04,4,sell_stop,sh600988,赤峰黄金,32.40756,3600.0
2026-06-04,0,assign,sh603360,百傲化学,,0.0
2026-06-04,0,buy,sh603360,百傲化学,18.93892,6200.0
2026-06-04,1,assign,sz000506,招金黄金,,0.0
2026-06-04,4,assign,sh600988,赤峰黄金,,0.0
2026-06-05,0,sell_stop,sh603360,百傲化学,17.72226,6200.0
2026-06-05,0,assign,sh603360,百傲化学,,0.0
2026-06-05,0,buy,sh603360,百傲化学,18.678659999999997,5900.0
2026-06-05,1,buy,sz000506,招金黄金,14.3143,9400.0
2026-06-08,0,sell_stop,sh603360,百傲化学,19.39059,5900.0
2026-06-08,1,sell_stop,sz000506,招金黄金,13.13685,9400.0
2026-06-08,2,sell_stop,sh603516,淳中科技,131.40846,1400.0
2026-06-08,0,assign,sh603360,百傲化学,,0.0
2026-06-08,1,assign,sh603516,淳中科技,,0.0
2026-06-08,2,assign,sz000506,招金黄金,,0.0
2026-06-10,0,buy,sh603360,百傲化学,20.23021,5600.0
2026-06-11,2,buy,sz000506,招金黄金,12.74273,14300.0
2026-06-11,4,buy,sh600988,赤峰黄金,28.338309999999996,4200.0
2026-06-12,0,sell_stop,sh603360,百傲化学,19.01097,5600.0
2026-06-12,0,assign,sh603360,百傲化学,,0.0
2026-06-12,1,buy,sh603516,淳中科技,118.82870999999999,1000.0
2026-06-12,3,buy,sz001221,悍高集团,43.77372999999999,1200.0
2026-06-15,0,buy,sh603360,百傲化学,19.40939,5500.0
2026-06-16,2,sell_stop,sz000506,招金黄金,14.71527,14300.0
2026-06-16,3,sell_stop,sz001221,悍高集团,44.10585,1200.0
2026-06-16,4,sell_stop,sh600988,赤峰黄金,31.74822,4200.0
2026-06-16,2,assign,sz000506,招金黄金,,0.0
2026-06-16,3,assign,sz001221,悍高集团,,0.0
2026-06-16,4,assign,sh600988,赤峰黄金,,0.0
2026-06-17,1,sell_stop,sh603516,淳中科技,134.93492999999998,1000.0
2026-06-17,1,assign,sh603516,淳中科技,,0.0
2026-06-18,0,sell_stop,sh603360,百傲化学,18.26172,5500.0
2026-06-18,0,assign,sh603360,百傲化学,,0.0
2026-06-18,1,buy,sh603516,淳中科技,139.18905,1000.0
2026-06-18,4,buy,sh600988,赤峰黄金,32.47243999999999,4000.0
2026-06-22,1,sell_stop,sh603516,淳中科技,140.64920999999998,1000.0
2026-06-22,4,sell_stop,sh600988,赤峰黄金,29.54043,4000.0
2026-06-22,0,buy,sh603360,百傲化学,19.07906,5300.0
2026-06-22,1,assign,sh603516,淳中科技,,0.0
2026-06-22,2,buy,sz000506,招金黄金,14.97496,14000.0
2026-06-22,4,assign,sh600988,赤峰黄金,,0.0
2026-06-22,4,buy,sh600988,赤峰黄金,31.121089999999995,3900.0
2026-06-23,2,sell_stop,sz000506,招金黄金,14.55543,14000.0
2026-06-23,4,sell_stop,sh600988,赤峰黄金,27.95202,3900.0
2026-06-23,2,assign,sz000506,招金黄金,,0.0
2026-06-23,4,assign,sh600988,赤峰黄金,,0.0
2026-06-24,0,sell_stop,sh603360,百傲化学,17.69229,5300.0
2026-06-24,0,assign,sh603360,百傲化学,,0.0
2026-06-24,0,buy,sh603360,百傲化学,18.648629999999997,5100.0
2026-06-24,4,buy,sh600988,赤峰黄金,28.21819,3800.0
2026-06-25,0,sell_stop,sh603360,百傲化学,17.022959999999998,5100.0
2026-06-25,0,assign,sh603360,百傲化学,,0.0
2026-06-25,3,buy,sz001221,悍高集团,42.06202,1200.0
2026-06-26,3,sell_stop,sz001221,悍高集团,39.6603,1200.0
2026-06-26,4,sell_stop,sh600988,赤峰黄金,26.10387,3800.0
2026-06-26,1,buy,sh603516,淳中科技,132.44231,1000.0
2026-06-26,3,assign,sz001221,悍高集团,,0.0
2026-06-26,4,assign,sh600988,赤峰黄金,,0.0
2026-06-29,3,buy,sz001221,悍高集团,40.52047999999999,1200.0
2026-06-29,4,buy,sh600988,赤峰黄金,26.476449999999996,3800.0
2026-06-30,1,sell_stop,sh603516,淳中科技,134.58528,1000.0
2026-06-30,0,buy,sh603360,百傲化学,16.10609,5400.0
2026-06-30,1,assign,sh603516,淳中科技,,0.0
2026-07-02,0,sell_stop,sh603360,百傲化学,17.222759999999997,5400.0
2026-07-02,0,assign,sh601975,招商南油,,0.0
2026-07-02,0,buy,sh601975,招商南油,3.83383,24200.0
2026-07-02,1,buy,sh603516,淳中科技,126.59646999999998,1100.0
2026-07-02,2,buy,sz000506,招金黄金,12.122109999999997,16800.0
2026-07-03,0,sell_stop,sh601975,招商南油,3.6863099999999998,24200.0
2026-07-03,1,sell_stop,sh603516,淳中科技,118.44144,1100.0
2026-07-03,0,assign,sh603516,淳中科技,,0.0
2026-07-03,1,assign,sh601975,招商南油,,0.0
2026-07-03,1,buy,sh601975,招商南油,3.89389,34500.0
2026-07-06,2,sell_stop,sz000506,招金黄金,13.146840000000001,16800.0
2026-07-06,2,assign,sz000506,招金黄金,,0.0
2026-07-07,1,sell_stop,sh601975,招商南油,3.6063899999999998,34500.0
2026-07-07,3,sell_stop,sz001221,悍高集团,40.79916,1200.0
2026-07-07,1,assign,sz001221,悍高集团,,0.0
2026-07-07,2,buy,sz000506,招金黄金,12.112099999999998,18100.0
2026-07-07,3,assign,sh601975,招商南油,,0.0
2026-07-10,2,sell_stop,sz000506,招金黄金,13.07691,18100.0
2026-07-10,4,sell_stop,sh600988,赤峰黄金,30.978990000000003,3800.0
2026-07-10,0,buy,sh603516,淳中科技,109.23912999999999,800.0
2026-07-10,2,assign,sz000506,招金黄金,,0.0
2026-07-10,3,buy,sh601975,招商南油,3.47347,14600.0
2026-07-10,4,assign,sz000878,云南铜业,,0.0
2026-07-10,4,buy,sz000878,云南铜业,15.595579999999998,7500.0
2026-07-13,0,sell_stop,sh603516,淳中科技,103.15674,800.0
2026-07-13,3,sell_stop,sh601975,招商南油,3.37662,14600.0
2026-07-13,4,sell_stop,sz000878,云南铜业,14.55543,7500.0
2026-07-13,0,assign,sh603516,淳中科技,,0.0
2026-07-13,3,assign,sh601975,招商南油,,0.0
2026-07-13,4,assign,sz000878,云南铜业,,0.0
2026-07-14,2,buy,sz000506,招金黄金,13.453439999999999,17500.0
2026-07-14,3,buy,sh601975,招商南油,3.47347,14200.0
2026-07-14,4,buy,sz000878,云南铜业,14.864849999999999,7400.0
2026-07-15,2,sell_stop,sz000506,招金黄金,13.026959999999999,17500.0
2026-07-15,1,buy,sz001221,悍高集团,37.307269999999995,3300.0
2026-07-15,2,assign,sz000506,招金黄金,,0.0
2026-07-16,3,sell_stop,sh601975,招商南油,3.4165799999999997,14200.0
2026-07-16,0,buy,sh603516,淳中科技,100.40029999999999,800.0
2026-07-16,2,buy,sz000506,招金黄金,12.75274,17900.0
2026-07-16,3,assign,sh601975,招商南油,,0.0
2026-07-17,0,sell_stop,sh603516,淳中科技,87.29262,800.0
2026-07-17,1,sell_stop,sz001221,悍高集团,38.57139,3300.0
2026-07-17,2,sell_stop,sz000506,招金黄金,11.82816,17900.0
2026-07-17,4,sell_stop,sz000878,云南铜业,14.515469999999999,7400.0
2026-07-17,0,assign,sh603516,淳中科技,,0.0
2026-07-17,1,assign,sz000506,招金黄金,,0.0
2026-07-17,2,assign,sz001221,悍高集团,,0.0
2026-07-17,4,assign,sz000878,云南铜业,,0.0
2026-07-20,1,buy,sz000506,招金黄金,11.651639999999999,11000.0
2026-07-20,2,buy,sz001221,悍高集团,36.49646,5800.0
2026-07-20,3,buy,sh601975,招商南油,3.4033999999999995,14200.0
2026-07-21,1,sell_stop,sz000506,招金黄金,11.05893,11000.0
2026-07-21,0,buy,sh603516,淳中科技,90.2902,800.0
2026-07-21,1,assign,sz000506,招金黄金,,0.0
2026-07-21,1,buy,sz000506,招金黄金,11.66165,10500.0
2026-07-21,4,buy,sz000878,云南铜业,14.72471,7300.0
2026-07-23,3,sell_stop,sh601975,招商南油,3.4965,14200.0
2026-07-23,3,assign,sh601975,招商南油,,0.0
2026-07-24,0,sell_stop,sh603516,淳中科技,88.64127,800.0
2026-07-24,1,sell_stop,sz000506,招金黄金,12.267719999999999,10500.0
2026-07-24,0,assign,sh603516,淳中科技,,0.0
2026-07-24,1,assign,sz000506,招金黄金,,0.0
2026-07-27,0,buy,sh603516,淳中科技,92.54244999999999,700.0
2026-07-27,1,buy,sz000506,招金黄金,12.93292,9900.0
2026-07-27,3,buy,sh601975,招商南油,3.5735699999999992,13900.0
2026-07-29,0,sell_stop,sh603516,淳中科技,91.908,700.0
2026-07-29,0,assign,sh603516,淳中科技,,0.0
2026-07-31,2,sell_stop,sz001221,悍高集团,39.93003,5800.0
2026-07-31,2,assign,sz001221,悍高集团,,0.0
2026-08-03,1,sell_stop,sz000506,招金黄金,14.47551,9900.0
2026-08-03,0,assign,sz000506,招金黄金,,0.0
2026-08-03,1,assign,sz000733,振华科技,,0.0
2026-08-03,2,assign,sh603103,横店影视,,0.0
2026-08-05,3,sell_stop,sh601975,招商南油,3.6063899999999998,13900.0
2026-08-05,0,buy,sz000506,招金黄金,15.365349999999998,4700.0
2026-08-05,1,buy,sz000733,振华科技,42.18214,3300.0
2026-08-05,3,assign,sh601975,招商南油,,0.0
2026-08-05,3,buy,sh601975,招商南油,3.8138099999999997,13100.0
2026-08-06,0,sell_stop,sz000506,招金黄金,16.2837,4700.0
2026-08-06,4,sell_stop,sz000878,云南铜业,16.57341,7300.0
2026-08-06,0,assign,sz000506,招金黄金,,0.0
2026-08-06,4,assign,sz000878,云南铜业,,0.0
2026-08-07,0,buy,sz000506,招金黄金,16.756739999999997,4600.0
2026-08-07,4,buy,sz000878,云南铜业,17.13712,7000.0
2026-08-10,0,sell_stop,sz000506,招金黄金,17.792189999999998,4600.0
2026-08-10,0,assign,sz000506,招金黄金,,0.0
2026-08-11,3,sell_stop,sh601975,招商南油,3.5964,13100.0
2026-08-11,4,sell_stop,sz000878,云南铜业,16.69329,7000.0
2026-08-11,2,buy,sh603103,横店影视,15.895879999999998,14600.0
2026-08-11,3,assign,sz000878,云南铜业,,0.0
2026-08-11,4,assign,sh601975,招商南油,,0.0
2026-08-11,4,buy,sh601975,招商南油,3.8037999999999994,30900.0
