signal,trade_from,trade_to,tag,ret,mdd,names
2020-04-30,2020-05-01,2020-05-31,2020-05,-4.4173,7.2025,晶方科技、汉缆股份、振德医疗
2020-05-31,2020-06-01,2020-06-30,2020-06,4.8135,6.2165,振德医疗、省广集团、沙钢股份
2020-06-30,2020-07-01,2020-07-31,2020-07,-4.2481,19.4732,振德医疗、珠免集团、省广集团
2020-07-31,2020-08-01,2020-08-31,2020-08,7.7252,5.7774,珠免集团、赤峰黄金、广东宏大
2020-08-31,2020-09-01,2020-09-30,2020-09,-12.8700,12.9215,赤峰黄金、广东宏大、珠免集团
2020-09-30,2020-10-01,2020-10-31,2020-10,2.5588,2.3177,赤峰黄金、埃斯顿、广东宏大
2020-10-31,2020-11-01,2020-11-30,2020-11,-6.6463,10.3732,赤峰黄金、埃斯顿、广东宏大
2020-11-30,2020-12-01,2020-12-31,2020-12,-1.9866,7.8597,赤峰黄金、埃斯顿、晶方科技
2020-12-31,2021-01-01,2021-01-31,2021-01,-7.3868,13.7033,埃斯顿、赤峰黄金、大豪科技
2021-01-31,2021-02-01,2021-02-28,2021-02,-3.2762,5.8839,埃斯顿、赤峰黄金、大豪科技
2021-02-28,2021-03-01,2021-03-31,2021-03,-4.1152,5.1182,埃斯顿、赤峰黄金、艾迪精密
2021-03-31,2021-04-01,2021-04-30,2021-04,-1.5427,5.1372,埃斯顿、赤峰黄金、艾迪精密
2021-04-30,2021-05-01,2021-05-31,2021-05,6.6291,3.3384,埃斯顿、赤峰黄金、石大胜华
2021-05-31,2021-06-01,2021-06-30,2021-06,7.6470,4.0287,埃斯顿、石大胜华、赤峰黄金
2021-06-30,2021-07-01,2021-07-31,2021-07,-2.5997,12.5934,石大胜华、埃斯顿、重庆啤酒
2021-07-31,2021-08-01,2021-08-31,2021-08,-3.5606,10.1818,西藏矿业、石大胜华、埃斯顿
2021-08-31,2021-09-01,2021-09-30,2021-09,-5.5049,8.4301,西藏矿业、石大胜华、西藏城投
2021-09-30,2021-10-01,2021-10-31,2021-10,0.5897,3.4275,西藏矿业、石大胜华、紫江企业
2021-10-31,2021-11-01,2021-11-30,2021-11,8.7940,6.2632,西藏矿业、天音控股、大金重工
2021-11-30,2021-12-01,2021-12-31,2021-12,0.6078,7.5438,西藏矿业、西藏城投、石大胜华
2021-12-31,2022-01-01,2022-01-31,2022-01,1.9089,6.2626,西藏矿业、西藏城投、石大胜华
2022-01-31,2022-02-01,2022-02-28,2022-02,-5.4459,8.6137,西藏矿业、西藏城投、九安医疗
2022-02-28,2022-03-01,2022-03-31,2022-03,-15.1073,15.3325,中矿资源、西藏矿业、西藏城投
2022-03-31,2022-04-01,2022-04-30,2022-04,11.1884,6.3144,中矿资源、西藏矿业、九安医疗
2022-04-30,2022-05-01,2022-05-31,2022-05,5.0549,3.8652,西藏矿业、中矿资源、九安医疗
2022-05-31,2022-06-01,2022-06-30,2022-06,12.3517,4.9946,中矿资源、西藏矿业、西藏城投
2022-06-30,2022-07-01,2022-07-31,2022-07,-9.9549,13.5161,西藏矿业、中矿资源、西藏城投
2022-07-31,2022-08-01,2022-08-31,2022-08,-12.7370,13.1429,中矿资源、西藏矿业、科华数据
2022-08-31,2022-09-01,2022-09-30,2022-09,-1.3582,6.4481,中矿资源、西藏矿业、西藏城投
2022-09-30,2022-10-01,2022-10-31,2022-10,-5.2296,8.3495,中矿资源、西藏矿业、西藏城投
2022-10-31,2022-11-01,2022-11-30,2022-11,3.2594,10.3547,中矿资源、西藏矿业、西藏城投
2022-11-30,2022-12-01,2022-12-31,2022-12,-2.3620,9.3397,西藏矿业、西藏城投、科华数据
2022-12-31,2023-01-01,2023-01-31,2023-01,1.3734,2.8116,科华数据、西藏矿业、西藏城投
2023-01-31,2023-02-01,2023-02-28,2023-02,-6.4159,6.4159,科华数据、西藏矿业、西藏城投
2023-02-28,2023-03-01,2023-03-31,2023-03,2.1024,2.6747,西藏矿业、科华数据、西藏城投
2023-03-31,2023-04-01,2023-04-30,2023-04,-5.3198,5.4585,西藏矿业、科华数据、西藏城投
2023-04-30,2023-05-01,2023-05-31,2023-05,-7.4758,7.8237,西藏矿业、科华数据、西藏城投
2023-05-31,2023-06-01,2023-06-30,2023-06,-3.3245,5.2511,西藏矿业、西藏城投、中矿资源
2023-06-30,2023-07-01,2023-07-31,2023-07,-1.7980,4.4917,中矿资源、西藏城投、西藏矿业
2023-07-31,2023-08-01,2023-08-31,2023-08,-5.5458,7.8222,西藏城投、科华数据、西藏矿业
2023-08-31,2023-09-01,2023-09-30,2023-09,-3.5287,7.8914,西藏城投、中矿资源、科华数据
2023-09-30,2023-10-01,2023-10-31,2023-10,1.2417,7.2638,西藏城投、中矿资源、科华数据
2023-10-31,2023-11-01,2023-11-30,2023-11,-3.1572,7.3391,中矿资源、西藏城投、西藏矿业
2023-11-30,2023-12-01,2023-12-31,2023-12,3.3277,5.8821,中矿资源、西藏城投、科华数据
2023-12-31,2024-01-01,2024-01-31,2024-01,-11.4638,13.1886,中矿资源、西藏矿业、西藏城投
2024-01-31,2024-02-01,2024-02-29,2024-02,19.2662,4.7500,中矿资源、西藏城投、西藏矿业
2024-02-29,2024-03-01,2024-03-31,2024-03,4.3129,4.1473,中矿资源、西藏矿业、西藏城投
2024-03-31,2024-04-01,2024-04-30,2024-04,3.5853,3.5231,中矿资源、西藏城投、科华数据
2024-04-30,2024-05-01,2024-05-31,2024-05,-6.4100,6.4100,中矿资源、西藏城投、科华数据
2024-05-31,2024-06-01,2024-06-30,2024-06,-4.5197,5.0420,中矿资源、西藏城投、科华数据
2024-06-30,2024-07-01,2024-07-31,2024-07,-1.2793,8.1338,中矿资源、科华数据、西藏城投
2024-07-31,2024-08-01,2024-08-31,2024-08,-1.0218,6.0442,中矿资源、西藏城投、科华数据
2024-08-31,2024-09-01,2024-09-30,2024-09,12.1354,6.9408,中矿资源、科华数据、西藏城投
2024-09-30,2024-10-01,2024-10-31,2024-10,6.1097,2.4023,中矿资源、科华数据、凯盛科技
2024-10-31,2024-11-01,2024-11-30,2024-11,1.9745,4.4781,科华数据、中矿资源、凯盛科技
2024-11-30,2024-12-01,2024-12-31,2024-12,2.8839,3.0861,中矿资源、科华数据、凯盛科技
2024-12-31,2025-01-01,2025-01-31,2025-01,11.2016,3.8601,科华数据、中矿资源、华懋科技
2025-01-31,2025-02-01,2025-02-28,2025-02,7.8647,5.2773,华懋科技、科华数据、中矿资源
2025-02-28,2025-03-01,2025-03-31,2025-03,-3.9680,11.2475,科华数据、华懋科技、中矿资源
2025-03-31,2025-04-01,2025-04-30,2025-04,-4.5859,13.7634,科华数据、华懋科技、中矿资源
2025-04-30,2025-05-01,2025-05-31,2025-05,-0.9461,2.7543,科华数据、华懋科技、凯盛科技
2025-05-31,2025-06-01,2025-06-30,2025-06,3.6653,5.2288,科华数据、华懋科技、凯盛科技
2025-06-30,2025-07-01,2025-07-31,2025-07,1.3918,4.5387,科华数据、华懋科技、凯盛科技
2025-07-31,2025-08-01,2025-08-31,2025-08,15.2872,2.3564,科华数据、华懋科技、凯盛科技
2025-08-31,2025-09-01,2025-09-30,2025-09,15.5904,6.0794,科华数据、剑桥科技、华懋科技
2025-09-30,2025-10-01,2025-10-31,2025-10,-2.7101,6.0265,科华数据、剑桥科技、禾盛新材
2025-10-31,2025-11-01,2025-11-30,2025-11,9.1602,3.5574,科华数据、剑桥科技、禾盛新材
2025-11-30,2025-12-01,2025-12-31,2025-12,3.3514,7.4255,剑桥科技、科华数据、禾盛新材
2025-12-31,2026-01-01,2026-01-31,2026-01,-0.9158,8.0274,科华数据、永鼎股份、剑桥科技
2026-01-31,2026-02-01,2026-02-28,2026-02,6.0250,2.5318,禾盛新材、科华数据、永鼎股份
2026-02-28,2026-03-01,2026-03-31,2026-03,-10.4159,12.1635,禾盛新材、科华数据、永鼎股份
2026-03-31,2026-04-01,2026-04-30,2026-04,5.7309,4.4042,禾盛新材、科华数据、永鼎股份
2026-04-30,2026-05-01,2026-05-31,2026-05,2.0963,7.7857,禾盛新材、剑桥科技、永鼎股份
2026-05-31,2026-06-01,2026-06-30,2026-06,21.6934,4.9321,剑桥科技、禾盛新材、永鼎股份
2026-06-30,2026-07-01,2026-07-31,2026-07,-18.9769,18.9769,剑桥科技、永鼎股份、禾盛新材
2026-07-31,2026-08-01,2026-08-25,2026-08,18.9377,0.5930,禾盛新材、剑桥科技、东材科技
