date,symbol,side,shares,price,slot,reason,signal_date
2026-01-05,002281,buy,2800,70.09001999999998,0,event_entry,2025-12-31
2026-01-05,002335,buy,5200,38.06803,1,event_entry,2025-12-31
2026-01-05,603290,buy,2000,96.17607999999998,2,event_entry,2025-12-31
2026-01-08,603667,buy,2700,75.54547,3,event_entry,2026-01-07
2026-01-19,002281,sell,2800,75.7242,0,time_exit,2025-12-31
2026-01-19,002335,sell,5200,42.057900000000004,1,time_exit,2025-12-31
2026-01-19,603290,sell,2000,104.44545,2,time_exit,2025-12-31
2026-01-20,002281,buy,2900,72.94287,0,event_entry,2026-01-19
2026-01-20,002335,buy,5000,42.44239999999999,1,event_entry,2026-01-19
2026-01-21,603290,buy,2000,103.65354999999998,2,event_entry,2026-01-20
2026-01-22,603667,sell,2700,87.76214999999999,3,time_exit,2026-01-07
2026-01-30,603667,buy,2900,75.19512,3,event_entry,2026-01-29
2026-02-03,002281,sell,2900,70.28964,0,time_exit,2026-01-19
2026-02-03,002335,sell,5000,42.53742,1,time_exit,2026-01-19
2026-02-04,603290,sell,2000,103.46642999999999,2,time_exit,2026-01-20
2026-02-05,002335,buy,5400,39.709669999999996,0,event_entry,2026-02-04
2026-02-06,603290,buy,2100,103.65354999999998,1,event_entry,2026-02-05
2026-02-09,002281,buy,3200,68.18812,2,event_entry,2026-02-06
2026-02-13,603667,sell,2900,85.44447,3,time_exit,2026-01-29
2026-02-25,603667,buy,2700,82.63255,3,event_entry,2026-02-24
2026-02-27,002335,sell,5400,41.24871,0,time_exit,2026-02-04
2026-03-02,002335,buy,5400,41.77172999999999,0,event_entry,2026-02-27
2026-03-02,603290,sell,2100,106.0938,1,time_exit,2026-02-05
2026-03-03,603290,buy,2000,105.23512999999998,1,event_entry,2026-03-02
2026-03-03,002281,sell,3200,78.12180000000001,2,time_exit,2026-02-06
2026-03-04,002281,buy,2900,73.52345,2,event_entry,2026-03-03
2026-03-06,603881,buy,7500,29.999969999999994,4,event_entry,2026-03-05
2026-03-11,603667,sell,2700,75.29463,3,time_exit,2026-02-24
2026-03-16,002335,sell,5400,43.72623,0,time_exit,2026-02-27
2026-03-17,603290,sell,2000,108.91098,1,time_exit,2026-03-02
2026-03-18,002335,buy,5500,42.81277,0,event_entry,2026-03-17
2026-03-18,603290,buy,2200,108.21810999999998,1,event_entry,2026-03-17
2026-03-18,002281,sell,2900,80.919,2,time_exit,2026-03-03
2026-03-19,002281,buy,2900,82.12204,2,event_entry,2026-03-18
2026-03-20,603881,sell,7500,32.907059999999994,4,time_exit,2026-03-05
2026-03-26,603667,buy,3400,67.92786,3,event_entry,2026-03-25
2026-04-01,002335,sell,5500,38.67129,0,time_exit,2026-03-17
2026-04-01,603290,sell,2200,102.51738,1,time_exit,2026-03-17
2026-04-02,002335,buy,6000,38.37834,0,event_entry,2026-04-01
2026-04-02,603290,buy,2200,100.51040999999998,1,event_entry,2026-04-01
2026-04-02,002281,sell,2900,85.72419000000001,2,time_exit,2026-03-18
2026-04-03,002281,buy,2600,85.10501999999998,2,event_entry,2026-04-02
2026-04-03,603881,buy,7400,30.830799999999996,4,event_entry,2026-04-02
2026-04-10,603667,sell,3400,68.41152000000001,3,time_exit,2026-03-25
2026-04-17,002335,sell,6000,42.07788,0,time_exit,2026-04-01
2026-04-17,603290,sell,2200,99.13077,1,time_exit,2026-04-01
2026-04-20,603290,buy,2600,99.16906999999998,0,event_entry,2026-04-17
2026-04-20,002335,buy,6200,41.84179999999999,1,event_entry,2026-04-17
2026-04-20,002281,sell,2600,121.878,2,time_exit,2026-04-02
2026-04-20,603881,sell,7400,33.066900000000004,4,time_exit,2026-04-02
2026-04-21,002281,buy,2200,119.11899999999999,2,event_entry,2026-04-20
2026-05-07,603290,sell,2600,105.56433,0,time_exit,2026-04-17
2026-05-07,002335,sell,6200,43.3566,1,time_exit,2026-04-17
2026-05-08,603290,buy,2700,104.72461999999999,0,event_entry,2026-05-07
2026-05-08,002281,sell,2200,159.84,2,time_exit,2026-04-20
2026-05-11,002281,buy,1500,188.188,1,event_entry,2026-05-08
2026-05-11,002335,buy,6000,47.60756,2,event_entry,2026-05-08
2026-05-13,603667,buy,3700,78.92884999999998,3,event_entry,2026-05-12
2026-05-22,603290,sell,2700,123.11676,0,time_exit,2026-05-07
2026-05-25,603290,buy,2200,133.95381999999998,0,event_entry,2026-05-22
2026-05-25,002281,sell,1500,212.787,1,time_exit,2026-05-08
2026-05-25,002335,sell,6000,44.07588,2,time_exit,2026-05-08
2026-05-26,002281,buy,1300,218.39818,1,event_entry,2026-05-25
2026-05-26,002335,buy,6800,43.40335999999999,2,event_entry,2026-05-25
2026-05-27,603667,sell,3700,83.75616000000001,3,time_exit,2026-05-12
2026-05-29,603881,buy,9200,30.95092,3,event_entry,2026-05-28
2026-06-05,603667,buy,3900,71.14106999999998,4,event_entry,2026-06-04
2026-06-08,603290,sell,2200,106.15374,0,time_exit,2026-05-22
2026-06-09,002281,sell,1300,212.46732,1,time_exit,2026-05-25
2026-06-09,002335,sell,6800,36.62334,2,time_exit,2026-05-25
2026-06-12,603881,sell,9200,26.28369,3,time_exit,2026-05-28
2026-06-22,603667,sell,3900,66.95298,4,time_exit,2026-06-04
2026-06-24,002335,buy,6900,38.038,0,event_entry,2026-06-23
2026-06-24,603290,buy,1900,137.7376,1,event_entry,2026-06-23
2026-06-24,002281,buy,1000,262.73247,2,event_entry,2026-06-23
2026-06-29,603667,buy,4400,59.85979999999999,3,event_entry,2026-06-26
2026-06-29,603881,buy,10900,24.28426,4,event_entry,2026-06-26
2026-07-08,002335,sell,6900,36.00396,0,time_exit,2026-06-23
2026-07-08,603290,sell,1900,128.871,1,time_exit,2026-06-23
2026-07-08,002281,sell,1000,224.42535,2,time_exit,2026-06-23
2026-07-10,002281,buy,1000,251.21095999999997,0,event_entry,2026-07-09
2026-07-13,002335,buy,6800,35.77574,1,event_entry,2026-07-10
2026-07-13,603667,sell,4400,59.8401,3,time_exit,2026-06-26
2026-07-13,603881,sell,10900,24.96501,4,time_exit,2026-06-26
2026-07-15,603290,buy,2000,114.38426999999999,2,event_entry,2026-07-14
2026-07-17,603881,buy,8900,24.474449999999997,3,event_entry,2026-07-16
2026-07-24,002281,sell,1000,186.92289000000002,0,time_exit,2026-07-09
2026-07-27,603667,buy,4400,49.17913,0,event_entry,2026-07-24
2026-07-27,002335,sell,6800,29.44053,1,time_exit,2026-07-10
2026-07-29,603290,sell,2000,81.25866,2,time_exit,2026-07-14
2026-07-31,002281,buy,1300,164.48431999999997,1,event_entry,2026-07-30
2026-07-31,603881,sell,8900,23.876099999999997,3,time_exit,2026-07-16
2026-08-03,603290,buy,2700,80.07999999999998,2,event_entry,2026-07-31
2026-08-03,002335,buy,7400,28.938909999999996,3,event_entry,2026-07-31
2026-08-10,603667,sell,4400,55.93401,0,time_exit,2026-07-24
2026-08-13,603881,buy,8500,27.527499999999996,0,event_entry,2026-08-12
2026-08-14,002281,sell,1300,186.32349,1,time_exit,2026-07-30
