date,occupied_slots,empty_slots,active_pool,pool_signal_date
2026-01-05,3,2,"002281,002335,603290",2025-12-31
2026-01-06,3,2,002281,2026-01-05
2026-01-07,3,2,002281,2026-01-05
2026-01-08,4,1,"002281,002335,603667",2026-01-07
2026-01-09,4,1,"002281,603290,002335",2026-01-08
2026-01-12,2,3,"603290,603667,002281",2026-01-09
2026-01-13,0,5,"002281,603290",2026-01-12
2026-01-14,2,3,"603290,002335",2026-01-13
2026-01-15,3,2,"603290,002335,603881",2026-01-14
2026-01-16,4,1,603667,2026-01-15
2026-01-19,5,0,"603290,603667,002281",2026-01-16
2026-01-20,1,4,"002281,002335",2026-01-19
2026-01-21,2,3,"603290,002335",2026-01-20
2026-01-22,4,1,"603667,603881,002335",2026-01-21
2026-01-23,3,2,002335,2026-01-22
2026-01-26,2,3,"002281,603290,002335",2026-01-23
2026-01-27,3,2,603290,2026-01-26
2026-01-28,3,2,603290,2026-01-27
2026-01-29,4,1,"603290,002335",2026-01-28
2026-01-30,4,1,"002335,603667",2026-01-29
2026-02-02,2,3,"002335,002281,603290",2026-01-30
2026-02-03,2,3,"002335,002281,603290",2026-01-30
2026-02-04,2,3,"603290,603667",2026-02-03
2026-02-05,3,2,002335,2026-02-04
2026-02-06,3,2,603290,2026-02-05
2026-02-09,4,1,"002281,603290,002335",2026-02-06
2026-02-10,4,1,"002281,603290,002335",2026-02-06
2026-02-11,4,1,"002281,603290,002335",2026-02-06
2026-02-12,4,1,"603667,002281,603290",2026-02-11
2026-02-13,4,1,"002281,002335,603667",2026-02-12
2026-02-24,2,3,"002335,603290,002281",2026-02-13
2026-02-25,4,1,"002335,603290,603667",2026-02-24
2026-02-26,4,1,"002281,603290,002335",2026-02-25
2026-02-27,4,1,"603290,002281,002335",2026-02-26
2026-03-02,4,1,"002281,002335,603290",2026-02-27
2026-03-03,1,4,"002281,002335,603290",2026-03-02
2026-03-04,3,2,"002281,002335,603290",2026-03-03
2026-03-05,2,3,"002281,603290",2026-03-04
2026-03-06,4,1,"002281,002335,603881",2026-03-05
2026-03-09,2,3,"002281,002335,603290",2026-03-06
2026-03-10,3,2,"002281,603290",2026-03-09
2026-03-11,3,2,"002281,603290",2026-03-09
2026-03-12,4,1,"002281,002335,603290",2026-03-11
2026-03-13,1,4,"002281,002335,603290",2026-03-12
2026-03-16,3,2,"002281,603290,002335",2026-03-13
2026-03-17,2,3,"002281,603290,603881",2026-03-16
2026-03-18,4,1,"002281,002335,603290",2026-03-17
2026-03-19,4,1,"002281,603290",2026-03-18
2026-03-20,1,4,"002281,002335,603290",2026-03-19
2026-03-23,3,2,"002281,603290,002335",2026-03-20
2026-03-24,0,5,"002281,002335,603290",2026-03-23
2026-03-25,3,2,"002281,603290,002335",2026-03-24
2026-03-26,3,2,"603290,002281,603667",2026-03-25
2026-03-27,4,1,"002335,002281",2026-03-26
2026-03-30,4,1,"002281,002335,603290",2026-03-27
2026-03-31,1,4,"002281,603290,002335",2026-03-30
2026-04-01,4,1,"002281,002335,603290",2026-03-31
2026-04-02,2,3,"002281,002335,603290",2026-04-01
2026-04-03,4,1,"002281,603290,603881",2026-04-02
2026-04-07,4,1,"002281,603881,603290",2026-04-03
2026-04-08,4,1,"002281,002335",2026-04-07
2026-04-09,4,1,"002281,603290",2026-04-08
2026-04-10,3,2,"002281,603290,002335",2026-04-09
2026-04-13,4,1,"002281,603290,603881",2026-04-10
2026-04-14,5,0,"002281,002335",2026-04-13
2026-04-15,4,1,002281,2026-04-14
2026-04-16,4,1,002281,2026-04-15
2026-04-17,4,1,"002281,002335",2026-04-16
2026-04-20,4,1,"002281,603290,002335",2026-04-17
2026-04-21,3,2,"002281,603290,002335",2026-04-20
2026-04-22,3,2,"002281,603290,002335",2026-04-21
2026-04-23,3,2,"002281,603290,002335",2026-04-22
2026-04-24,1,4,"002281,603290,002335",2026-04-23
2026-04-27,3,2,"002281,002335,603290",2026-04-24
2026-04-28,2,3,"002281,603290,002335",2026-04-27
2026-04-29,2,3,"603290,002281",2026-04-28
2026-04-30,3,2,"002281,603290,002335",2026-04-29
2026-05-06,3,2,"002281,002335,603290",2026-04-30
2026-05-07,2,3,"002281,002335,603290",2026-04-30
2026-05-08,3,2,"002281,603290",2026-05-07
2026-05-11,3,2,"002281,002335,603290",2026-05-08
2026-05-12,3,2,002281,2026-05-11
2026-05-13,4,1,"603290,603667",2026-05-12
2026-05-14,1,4,"002281,603881,002335",2026-05-13
2026-05-15,1,4,"002281,603290",2026-05-14
2026-05-18,3,2,"002281,603290,002335",2026-05-15
2026-05-19,2,3,"002281,603290,002335",2026-05-15
2026-05-20,2,3,002335,2026-05-19
2026-05-21,1,4,"002281,002335,603667",2026-05-20
2026-05-22,2,3,"002335,603290",2026-05-21
2026-05-25,3,2,"002281,603290,002335",2026-05-22
2026-05-26,0,5,"603290,002281,002335",2026-05-25
2026-05-27,1,4,002281,2026-05-26
2026-05-28,3,2,"603290,002335,002281",2026-05-27
2026-05-29,1,4,"002281,603290,603881",2026-05-28
2026-06-01,4,1,"002281,603290,002335",2026-05-29
2026-06-02,2,3,"002281,002335,603290",2026-06-01
2026-06-03,2,3,"002281,603290",2026-06-02
2026-06-04,3,2,"002281,603290,603881",2026-06-03
2026-06-05,3,2,"603290,002281,603667",2026-06-04
2026-06-08,5,0,"002281,603290,002335",2026-06-05
2026-06-09,3,2,002335,2026-06-08
2026-06-10,3,2,002335,2026-06-08
2026-06-11,1,4,002335,2026-06-08
2026-06-12,0,5,002335,2026-06-08
2026-06-15,0,5,002335,2026-06-08
2026-06-16,0,5,002335,2026-06-08
2026-06-17,0,5,002335,2026-06-08
2026-06-18,0,5,002335,2026-06-08
2026-06-22,0,5,002335,2026-06-08
2026-06-23,0,5,002335,2026-06-08
2026-06-24,3,2,"002335,603290,002281",2026-06-23
2026-06-25,2,3,002335,2026-06-24
2026-06-26,3,2,"002281,603290",2026-06-25
2026-06-29,3,2,"603667,603881,002335",2026-06-26
2026-06-30,3,2,603667,2026-06-29
2026-07-01,2,3,603667,2026-06-30
2026-07-02,3,2,"002335,603667,603881",2026-07-01
2026-07-03,3,2,"603667,603881",2026-07-02
2026-07-06,2,3,"603667,002281,002335",2026-07-03
2026-07-07,2,3,"002281,603667,002335",2026-07-06
2026-07-08,1,4,"002281,603290",2026-07-07
2026-07-09,0,5,"002281,603290",2026-07-07
2026-07-10,1,4,002281,2026-07-09
2026-07-13,2,3,"002281,603667,002335",2026-07-10
2026-07-14,1,4,"002281,603667,002335",2026-07-10
2026-07-15,2,3,"002281,603290",2026-07-14
2026-07-16,0,5,"002281,603290",2026-07-15
2026-07-17,3,2,"002281,603290,603881",2026-07-16
2026-07-20,2,3,"002281,002335,603290",2026-07-17
2026-07-21,1,4,"002281,002335,603290",2026-07-17
2026-07-22,4,1,"002281,002335,603290",2026-07-21
2026-07-23,2,3,603290,2026-07-22
2026-07-24,1,4,603290,2026-07-22
2026-07-27,2,3,603667,2026-07-24
2026-07-28,1,4,603667,2026-07-24
2026-07-29,0,5,603667,2026-07-24
2026-07-30,0,5,603667,2026-07-24
2026-07-31,2,3,"002281,603667",2026-07-30
2026-08-03,4,1,"002281,603290,002335",2026-07-31
2026-08-04,4,1,"002281,603290,002335",2026-07-31
2026-08-05,4,1,002281,2026-08-04
2026-08-06,4,1,002281,2026-08-04
2026-08-07,4,1,002281,2026-08-04
2026-08-10,1,4,"002281,603881,603290",2026-08-07
2026-08-11,1,4,002281,2026-08-10
2026-08-12,1,4,002281,2026-08-10
2026-08-13,3,2,"002281,603290,603881",2026-08-12
2026-08-14,4,1,"002281,603290,002335",2026-08-13
