date,equity,cash,cash_pct,occupied_slots,empty_slots
2026-01-05,1013619.9359491913,413391.93594919133,0.4078372191467167,3,2
2026-01-06,1014655.9359491913,413391.93594919133,0.4074208027595788,3,2
2026-01-07,1031727.9359491913,413391.93594919133,0.4006792115877623,3,2
2026-01-08,1026713.1493547116,4111.149354711582,0.004004184963731531,5,0
2026-01-09,1072218.1493547116,4111.149354711582,0.003834247123298349,5,0
2026-01-12,1101387.1493547114,4111.149354711582,0.0037327014003388837,5,0
2026-01-13,1070612.1493547116,4111.149354711582,0.003839998786852446,5,0
2026-01-14,1096279.1493547116,4111.149354711582,0.0037500935387957293,5,0
2026-01-15,1071625.1493547116,4111.149354711582,0.0038363688619916644,5,0
2026-01-16,1084378.1493547116,4111.149354711582,0.0037912506418153412,5,0
2026-01-19,1098112.1493547116,4111.149354711582,0.003743833776110605,5,0
2026-01-20,1057680.1493547116,4111.149354711582,0.00388694952554398,5,0
2026-01-21,1094407.1493547116,4111.149354711582,0.0037565081305760964,5,0
2026-01-22,1098380.1493547116,4111.149354711582,0.00374292029688159,5,0
2026-01-23,1089509.1493547116,4111.149354711582,0.0037733958977274407,5,0
2026-01-26,1088874.1493547116,4111.149354711582,0.0037755964333875784,5,0
2026-01-27,1097021.1493547116,4111.149354711582,0.0037475570613473017,5,0
2026-01-28,1099968.1493547116,4111.149354711582,0.003737516724573669,5,0
2026-01-29,1075655.1493547116,4111.149354711582,0.0038219956992516344,5,0
2026-01-30,1070075.1493547116,4111.149354711582,0.0038419258284717035,5,0
2026-02-02,1041063.1493547115,4111.149354711582,0.0039489913337724235,5,0
2026-02-03,1076223.1493547116,4111.149354711582,0.0038199785585141615,5,0
2026-02-04,1062698.1493547116,4111.149354711582,0.0038685955717603746,5,0
2026-02-05,1015218.1493547116,4111.149354711582,0.004049523107250094,5,0
2026-02-06,1034814.1493547116,4111.149354711582,0.003972838366459531,5,0
2026-02-09,1073802.1493547116,4111.149354711582,0.00382859110235729,5,0
2026-02-10,1086667.1493547116,4111.149354711582,0.003783264596848151,5,0
2026-02-11,1071147.1493547116,4111.149354711582,0.003838080843690105,5,0
2026-02-12,1120828.1493547116,4111.149354711582,0.003667956909432077,5,0
2026-02-13,1105778.1493547116,4111.149354711582,0.00371787899508657,5,0
2026-02-24,1099996.1493547116,4111.149354711582,0.0037374215874512806,5,0
2026-02-25,1092509.1493547116,4111.149354711582,0.0037630342566374155,5,0
2026-02-26,1113772.1493547116,4111.149354711582,0.003691194251080409,5,0
2026-02-27,1110707.1493547116,4111.149354711582,0.0037013801136510554,5,0
2026-03-02,1103238.1493547116,4111.149354711582,0.003726438717801963,5,0
2026-03-03,1029132.1493547116,4111.149354711582,0.003994773030158822,5,0
2026-03-04,1034203.1493547115,4111.149354711582,0.003975185491628723,5,0
2026-03-05,1048993.1493547116,4111.149354711582,0.003919138420723297,5,0
2026-03-06,1084622.1493547116,4111.149354711582,0.0037903977501819244,5,0
2026-03-09,1081873.1493547116,4111.149354711582,0.0038000290118704737,5,0
2026-03-10,1163997.1493547116,4111.149354711582,0.0035319239028984667,5,0
2026-03-11,1170317.1493547116,4111.149354711582,0.003512850646492179,5,0
2026-03-12,1184872.1493547116,4111.149354711582,0.0034696986986744002,5,0
2026-03-13,1114717.1493547116,4111.149354711582,0.003688065045999739,5,0
2026-03-16,1101146.1493547116,4111.149354711582,0.003733518350058054,5,0
2026-03-17,1054820.1493547116,4111.149354711582,0.003897488455474221,5,0
2026-03-18,1101174.1493547116,4111.149354711582,0.0037334234163785237,5,0
2026-03-19,1077581.1493547116,4111.149354711582,0.003815164507260974,5,0
2026-03-20,1054260.1493547116,4111.149354711582,0.003899558716345223,5,0
2026-03-23,1018423.1493547116,4111.149354711582,0.004036779169166047,5,0
2026-03-24,1017040.1493547116,4111.149354711582,0.004042268495811115,5,0
2026-03-25,1059547.1493547116,4111.149354711582,0.0038801004346199846,5,0
2026-03-26,1043302.1493547116,4111.149354711582,0.0039405165198349796,5,0
2026-03-27,1038908.1493547116,4111.149354711582,0.003957182699226208,5,0
2026-03-30,1040020.1493547116,4111.149354711582,0.003952951639698881,5,0
2026-03-31,996899.1493547116,4111.149354711582,0.004123937067628868,5,0
2026-04-01,1023027.1493547116,4111.149354711582,0.00401861217202764,5,0
2026-04-02,979465.1493547116,4111.149354711582,0.004197341127879923,5,0
2026-04-03,1007648.1493547116,4111.149354711582,0.004079945323518257,5,0
2026-04-07,1012726.1493547116,4111.149354711582,0.00405948770783802,5,0
2026-04-08,1074204.1493547116,4111.149354711582,0.003827158326637635,5,0
2026-04-09,1116129.1493547116,4111.149354711582,0.003683399324431619,5,0
2026-04-10,1149739.1493547116,4111.149354711582,0.0035757235517455896,5,0
2026-04-13,1185345.1493547116,4111.149354711582,0.0034683141504815245,5,0
2026-04-14,1220400.1493547116,4111.149354711582,0.0033686896522303433,5,0
2026-04-15,1205901.1493547116,4111.149354711582,0.0034091926663404335,5,0
2026-04-16,1206681.1493547116,4111.149354711582,0.00340698896051378,5,0
2026-04-17,1219504.1493547116,4111.149354711582,0.00337116471222091,5,0
2026-04-20,1261798.1493547116,4111.149354711582,0.0032581672090849396,5,0
2026-04-21,1281968.1493547116,4111.149354711582,0.0032069044435939853,5,0
2026-04-22,1287752.1493547116,4111.149354711582,0.003192500479825769,5,0
2026-04-23,1307947.1493547116,4111.149354711582,0.003143207549892102,5,0
2026-04-24,1278589.1493547116,4111.149354711582,0.003215379511695707,5,0
2026-04-27,1290009.1493547116,4111.149354711582,0.003186914881005349,5,0
2026-04-28,1272065.1493547116,4111.149354711582,0.0032318701261465034,5,0
2026-04-29,1261464.1493547116,4111.149354711582,0.003259029879536883,5,0
2026-04-30,1291416.1493547116,4111.149354711582,0.0031834427320471567,5,0
2026-05-06,1349507.1493547116,4111.149354711582,0.0030464079843351656,5,0
2026-05-07,1431523.1493547116,4111.149354711582,0.002871870676045139,5,0
2026-05-08,1486075.1493547116,4111.149354711582,0.0027664478182659463,5,0
2026-05-11,1549801.1493547116,4111.149354711582,0.0026526947385626443,5,0
2026-05-12,1553508.1493547116,4111.149354711582,0.002646364846183299,5,0
2026-05-13,1612285.1493547116,4111.149354711582,0.0025498897365376074,5,0
2026-05-14,1599663.1493547116,4111.149354711582,0.0025700094150258946,5,0
2026-05-15,1601404.1493547116,4111.149354711582,0.002567215375561614,5,0
2026-05-18,1646310.1493547116,4111.149354711582,0.002497190068543883,5,0
2026-05-19,1728231.1493547116,4111.149354711582,0.002378819150578675,5,0
2026-05-20,1727474.1493547116,4111.149354711582,0.002379861577811326,5,0
2026-05-21,1644281.1493547116,4111.149354711582,0.0025002715358775343,5,0
2026-05-22,1695181.1493547116,4111.149354711582,0.002425197658832234,5,0
2026-05-25,1758254.1493547116,4111.149354711582,0.0023381997171571557,5,0
2026-05-26,1669079.1493547116,4111.149354711582,0.002463124266036759,5,0
2026-05-27,1656059.1493547116,4111.149354711582,0.0024824894426708757,5,0
2026-05-28,1714563.1493547116,4111.149354711582,0.002397782406707413,5,0
2026-05-29,1614019.1493547116,4111.149354711582,0.0025471502964232048,5,0
2026-06-01,1540804.1493547116,4111.149354711582,0.002668184244203477,5,0
2026-06-02,1597694.1493547116,4111.149354711582,0.002573176697412345,5,0
2026-06-03,1643221.1493547116,4111.149354711582,0.0025018843971951186,5,0
2026-06-04,1634199.1493547116,4111.149354711582,0.0025156966678968914,5,0
2026-06-05,1631972.1493547116,4111.149354711582,0.002519129604225873,5,0
2026-06-08,1544769.1493547116,4111.149354711582,0.0026613357448450545,5,0
2026-06-09,1589048.1493547116,4111.149354711582,0.0025871773340418024,5,0
2026-06-10,1515532.1493547116,4111.149354711582,0.002712677099236754,5,0
2026-06-11,1497570.1493547116,4111.149354711582,0.0027452132085318583,5,0
2026-06-12,1473428.1493547116,4111.149354711582,0.0027901933029527513,5,0
2026-06-15,1605286.1493547116,4111.149354711582,0.002561007180161724,5,0
2026-06-16,1638987.1493547116,4111.149354711582,0.002508347522023092,5,0
2026-06-17,1683752.1493547116,4111.149354711582,0.002441659454621725,5,0
2026-06-18,1771932.1493547116,4111.149354711582,0.002320150552157851,5,0
2026-06-22,1800855.1493547116,4111.149354711582,0.002282887302837601,5,0
2026-06-23,1746344.1493547114,4111.149354711582,0.002354146149389103,5,0
2026-06-24,1787315.1493547116,4111.149354711582,0.0023001815635009097,5,0
2026-06-25,1792418.1493547116,4111.149354711582,0.0022936329651602988,5,0
2026-06-26,1707644.1493547116,4111.149354711582,0.0024074976957377875,5,0
2026-06-29,1699168.1493547116,4111.149354711582,0.0024195070724888895,5,0
2026-06-30,1798287.1493547116,4111.149354711582,0.002286147324239517,5,0
2026-07-01,1736881.1493547116,4111.149354711582,0.002366972176673667,5,0
2026-07-02,1625786.1493547116,4111.149354711582,0.0025287147121676075,5,0
2026-07-03,1639290.1493547116,4111.149354711582,0.002507883888846578,5,0
2026-07-06,1599072.1493547116,4111.149354711582,0.0025709592630767737,5,0
2026-07-07,1597894.1493547116,4111.149354711582,0.002572854626429301,5,0
2026-07-08,1558872.1493547116,4111.149354711582,0.0026372588389710953,5,0
2026-07-09,1661396.1493547116,4111.149354711582,0.0024745147966716776,5,0
2026-07-10,1645906.1493547116,4111.149354711582,0.0024978030225620007,5,0
2026-07-13,1533791.1493547116,4111.149354711582,0.002680384064310974,5,0
2026-07-14,1594307.1493547116,4111.149354711582,0.002578643240968687,5,0
2026-07-15,1481089.1493547116,4111.149354711582,0.0027757609030508047,5,0
2026-07-16,1433928.1493547116,4111.149354711582,0.002867053943087496,5,0
2026-07-17,1301153.1493547116,4111.149354711582,0.0031596198777603147,5,0
2026-07-20,1202756.1493547116,4111.149354711582,0.003418107117487819,5,0
2026-07-21,1289878.1493547116,4111.149354711582,0.003187238544019271,5,0
2026-07-22,1288001.1493547116,4111.149354711582,0.0031918832966657427,5,0
2026-07-23,1277048.1493547116,4111.149354711582,0.003219259474898369,5,0
2026-07-24,1232143.1493547116,4111.149354711582,0.003336584192238249,5,0
2026-07-27,1287217.1493547116,4111.149354711582,0.003193827363761058,5,0
2026-07-28,1187911.1493547116,4111.149354711582,0.003460822265154099,5,0
2026-07-29,1178097.1493547116,4111.149354711582,0.0034896522387507806,5,0
2026-07-30,1099115.1493547116,4111.149354711582,0.003740417332183284,5,0
2026-07-31,1151758.1493547116,4111.149354711582,0.003569455407817093,5,0
2026-08-03,1136704.1493547116,4111.149354711582,0.00361672767451884,5,0
2026-08-04,1219603.1493547116,4111.149354711582,0.003370891061479121,5,0
2026-08-05,1239100.1493547116,4111.149354711582,0.00331785074584371,5,0
2026-08-06,1244108.1493547116,4111.149354711582,0.003304495157309222,5,0
2026-08-07,1310936.1493547116,4111.149354711582,0.003136040879439653,5,0
2026-08-10,1259157.1493547116,4111.149354711582,0.003265001002312102,5,0
2026-08-11,1292801.1493547116,4111.149354711582,0.003180032255357771,5,0
2026-08-12,1306994.1493547116,4111.149354711582,0.0031454994322211286,5,0
2026-08-13,1309451.1493547116,4111.149354711582,0.0031395973471309165,5,0
2026-08-14,1344187.1493547116,4111.149354711582,0.003058465003690278,5,0
