symbol,name,variant,allow_rebuy,require_yang,above_stop_pts,from_low_pts,total_return_pct,max_drawdown_pct,sharpe_ratio,win_rate,closed_trades,end_mv,same_day_buy_sell_days
sh601208,东材科技,基线_止损日禁买,False,True,0.0,0.0,501.20698081605184,21.341019142473915,2.422681872326152,52.5,80.0,601206.9808160518,0
sh601208,东材科技,再买_仅收阳(等价止损+≤2.5点),True,True,0.0,0.0,469.3034279686758,23.6214390200126,2.3140363516856324,51.72413793103448,87.0,569303.4279686759,12
sh601208,东材科技,再买_不限阴阳_收盘≥止损,True,False,0.0,0.0,374.52546860933984,30.785664336617003,2.0259620798431643,47.05882352941176,102.0,474525.4686093399,46
sh601208,东材科技,再买_不限阴阳_止损+0.5点,True,False,0.5,0.0,496.4840639421199,23.6214390200126,2.3229769779311407,47.87234042553192,94.0,596484.0639421198,31
sh601208,东材科技,再买_不限阴阳_止损+1点,True,False,1.0,0.0,472.5968112836518,23.6214390200126,2.309579158548487,49.45054945054945,91.0,572596.8112836519,22
sh601208,东材科技,再买_不限阴阳_止损+1.5点,True,False,1.5,0.0,469.6544311884918,23.6214390200126,2.3011508860625014,50.0,90.0,569654.4311884919,20
sh601208,东材科技,再买_不限阴阳_止损+2点,True,False,2.0,0.0,479.2636431862798,23.6214390200126,2.323517175318567,50.56179775280899,89.0,579263.6431862798,18
sh601208,东材科技,再买_不限阴阳_距低≥0.5点,True,False,0.0,0.5,385.1560440270719,29.12806470366353,2.057426518503424,47.95918367346938,98.0,485156.0440270719,39
sh601208,东材科技,再买_不限阴阳_距低≥1点,True,False,0.0,1.0,436.1598017554439,29.12806470366353,2.1852378337018057,48.93617021276596,94.0,536159.8017554438,31
sh601208,东材科技,再买_不限阴阳_距低≥1.5点,True,False,0.0,1.5,452.1711643336398,26.054481830731635,2.2356749585531333,47.87234042553192,94.0,552171.1643336399,29
sh601208,东材科技,再买_不限阴阳_距低≥2点,True,False,0.0,2.0,438.0152494317359,25.9672465798016,2.219850681022448,48.38709677419355,93.0,538015.2494317358,25
sh601208,东材科技,再买_不限阴阳_距低≥3点,True,False,0.0,3.0,442.35905593453583,26.059247075258536,2.2393990825076044,50.0,90.0,542359.0559345358,18
sh601208,东材科技,再买_不限阴阳_距低≥4点,True,False,0.0,4.0,369.2358485765318,27.278338147739237,2.097907381791841,48.86363636363637,88.0,469235.8485765318,11
sh601208,东材科技,再买_不限阴阳_距低≥5点,True,False,0.0,5.0,424.6984077456398,23.752245318877453,2.23578884447681,50.0,86.0,524698.4077456398,7
sh601208,东材科技,再买_收阳_止损+3点,True,True,3.0,0.0,382.2986147004639,23.6214390200126,2.133085057603526,51.16279069767442,86.0,482298.6147004639,10
sh601208,东材科技,再买_收阳_距低≥3点,True,True,0.0,3.0,469.3034279686758,23.6214390200126,2.3140363516856324,51.72413793103448,87.0,569303.4279686759,12
sh601208,东材科技,再买_收阳_止损+3_距低≥3,True,True,3.0,3.0,382.2986147004639,23.6214390200126,2.133085057603526,51.16279069767442,86.0,482298.6147004639,10
sh601208,东材科技,再买_收阳_止损+4点,True,True,4.0,0.0,365.7803623774439,23.6214390200126,2.095032852047568,50.0,86.0,465780.3623774438,7
sh601208,东材科技,再买_收阳_距低≥4点,True,True,0.0,4.0,380.26499698322783,23.640977195718733,2.134954670886457,50.0,86.0,480264.99698322784,8
sh601208,东材科技,再买_收阳_止损+4_距低≥4,True,True,4.0,4.0,365.7803623774439,23.6214390200126,2.095032852047568,50.0,86.0,465780.3623774438,7
sh601208,东材科技,再买_收阳_止损+5点,True,True,5.0,0.0,410.97452473842776,23.62316616256296,2.210181171355875,50.588235294117645,85.0,510974.5247384279,5
sh601208,东材科技,再买_收阳_距低≥5点,True,True,0.0,5.0,410.97452473842776,23.62316616256296,2.210181171355875,50.588235294117645,85.0,510974.5247384279,5
sh601208,东材科技,再买_收阳_止损+5_距低≥5,True,True,5.0,5.0,410.97452473842776,23.62316616256296,2.210181171355875,50.588235294117645,85.0,510974.5247384279,5
sh600338,西藏珠峰,基线_止损日禁买,False,True,0.0,0.0,120.50118704724004,32.3291476162123,1.4826731273596332,52.83018867924528,53.0,220501.1870472401,0
sh600338,西藏珠峰,再买_仅收阳(等价止损+≤2.5点),True,True,0.0,0.0,112.32759039632404,34.82723134773153,1.419499822538976,51.85185185185185,54.0,212327.59039632403,2
sh600338,西藏珠峰,再买_不限阴阳_收盘≥止损,True,False,0.0,0.0,70.09348181687999,38.73766608955373,1.0130219360175423,42.25352112676056,71.0,170093.48181688,39
sh600338,西藏珠峰,再买_不限阴阳_止损+0.5点,True,False,0.5,0.0,126.73342256422002,35.76166553038792,1.4872999517509342,48.27586206896552,58.0,226733.42256422003,15
sh600338,西藏珠峰,再买_不限阴阳_止损+1点,True,False,1.0,0.0,137.20207236951205,36.24578363740318,1.5851225664688655,50.90909090909091,55.0,237202.07236951205,9
sh600338,西藏珠峰,再买_不限阴阳_止损+1.5点,True,False,1.5,0.0,127.19175624349204,33.6000111898581,1.526422789370238,51.85185185185185,54.0,227191.75624349207,6
sh600338,西藏珠峰,再买_不限阴阳_止损+2点,True,False,2.0,0.0,114.23993432222004,33.599490729791974,1.4310979153959755,51.85185185185185,54.0,214239.93432222004,4
sh600338,西藏珠峰,再买_不限阴阳_距低≥0.5点,True,False,0.0,0.5,69.40294177431201,38.71452676204441,1.0109215153284905,43.66197183098591,71.0,169402.941774312,35
sh600338,西藏珠峰,再买_不限阴阳_距低≥1点,True,False,0.0,1.0,109.143106121916,35.7311826887646,1.3708803477664333,46.03174603174603,63.0,209143.10612191603,24
sh600338,西藏珠峰,再买_不限阴阳_距低≥1.5点,True,False,0.0,1.5,96.66332888917202,36.23373887848941,1.2764223412495597,47.45762711864407,59.0,196663.328889172,16
sh600338,西藏珠峰,再买_不限阴阳_距低≥2点,True,False,0.0,2.0,101.44312958374404,36.1820302963255,1.3262137660277,49.122807017543856,57.0,201443.12958374404,9
sh600338,西藏珠峰,再买_不限阴阳_距低≥3点,True,False,0.0,3.0,112.32759039632404,34.82723134773153,1.419499822538976,51.85185185185185,54.0,212327.59039632403,2
sh600338,西藏珠峰,再买_不限阴阳_距低≥4点,True,False,0.0,4.0,119.73634042484002,32.55038753422265,1.4785529075355586,52.83018867924528,53.0,219736.34042484,1
sh600338,西藏珠峰,再买_不限阴阳_距低≥5点,True,False,0.0,5.0,120.50118704724004,32.3291476162123,1.4826731273596332,52.83018867924528,53.0,220501.1870472401,0
sh600338,西藏珠峰,再买_收阳_止损+3点,True,True,3.0,0.0,112.32759039632404,34.82723134773153,1.419499822538976,51.85185185185185,54.0,212327.59039632403,2
sh600338,西藏珠峰,再买_收阳_距低≥3点,True,True,0.0,3.0,112.32759039632404,34.82723134773153,1.419499822538976,51.85185185185185,54.0,212327.59039632403,2
sh600338,西藏珠峰,再买_收阳_止损+3_距低≥3,True,True,3.0,3.0,112.32759039632404,34.82723134773153,1.419499822538976,51.85185185185185,54.0,212327.59039632403,2
sh600338,西藏珠峰,再买_收阳_止损+4点,True,True,4.0,0.0,119.73634042484002,32.55038753422265,1.4785529075355586,52.83018867924528,53.0,219736.34042484,1
sh600338,西藏珠峰,再买_收阳_距低≥4点,True,True,0.0,4.0,119.73634042484002,32.55038753422265,1.4785529075355586,52.83018867924528,53.0,219736.34042484,1
sh600338,西藏珠峰,再买_收阳_止损+4_距低≥4,True,True,4.0,4.0,119.73634042484002,32.55038753422265,1.4785529075355586,52.83018867924528,53.0,219736.34042484,1
sh600338,西藏珠峰,再买_收阳_止损+5点,True,True,5.0,0.0,120.50118704724004,32.3291476162123,1.4826731273596332,52.83018867924528,53.0,220501.1870472401,0
sh600338,西藏珠峰,再买_收阳_距低≥5点,True,True,0.0,5.0,120.50118704724004,32.3291476162123,1.4826731273596332,52.83018867924528,53.0,220501.1870472401,0
sh600338,西藏珠峰,再买_收阳_止损+5_距低≥5,True,True,5.0,5.0,120.50118704724004,32.3291476162123,1.4826731273596332,52.83018867924528,53.0,220501.1870472401,0
sh600552,凯盛科技,基线_止损日禁买,False,True,0.0,0.0,134.18761824375596,21.264136364402685,1.643842430775204,50.0,52.0,234187.61824375595,0
sh600552,凯盛科技,再买_仅收阳(等价止损+≤2.5点),True,True,0.0,0.0,97.34619232917596,29.362569413507494,1.3108075009379732,46.42857142857143,56.0,197346.19232917597,5
sh600552,凯盛科技,再买_不限阴阳_收盘≥止损,True,False,0.0,0.0,130.35666105186402,30.89163839000596,1.4962149445336737,43.93939393939394,66.0,230356.661051864,31
sh600552,凯盛科技,再买_不限阴阳_止损+0.5点,True,False,0.5,0.0,97.02065431332,29.33351928266209,1.2896842346158,44.44444444444444,63.0,197020.65431332,19
sh600552,凯盛科技,再买_不限阴阳_止损+1点,True,False,1.0,0.0,90.77106373616398,29.277368120736163,1.2429340384340095,44.26229508196721,61.0,190771.063736164,13
sh600552,凯盛科技,再买_不限阴阳_止损+1.5点,True,False,1.5,0.0,86.79937585782397,29.259977168284674,1.2164269015615563,45.0,60.0,186799.375857824,10
sh600552,凯盛科技,再买_不限阴阳_止损+2点,True,False,2.0,0.0,86.79937585782397,29.259977168284674,1.2164269015615563,45.0,60.0,186799.375857824,10
sh600552,凯盛科技,再买_不限阴阳_距低≥0.5点,True,False,0.0,0.5,115.357138038944,30.81219607198185,1.4067375046335986,43.75,64.0,215357.138038944,25
sh600552,凯盛科技,再买_不限阴阳_距低≥1点,True,False,0.0,1.0,99.91479642988796,30.82949434986377,1.3055416661564234,45.16129032258064,62.0,199914.796429888,19
sh600552,凯盛科技,再买_不限阴阳_距低≥1.5点,True,False,0.0,1.5,96.30267999021196,29.25333045212253,1.2896876948189533,45.0,60.0,196302.679990212,14
sh600552,凯盛科技,再买_不限阴阳_距低≥2点,True,False,0.0,2.0,88.18165998792398,29.259977168284674,1.2282709930401616,45.0,60.0,188181.659987924,12
sh600552,凯盛科技,再买_不限阴阳_距低≥3点,True,False,0.0,3.0,85.96237878897199,29.30998505339141,1.209200474837376,44.06779661016949,59.0,185962.378788972,8
sh600552,凯盛科技,再买_不限阴阳_距低≥4点,True,False,0.0,4.0,98.06656868338396,29.38665942116992,1.3205984170524494,46.42857142857143,56.0,198066.568683384,5
sh600552,凯盛科技,再买_不限阴阳_距低≥5点,True,False,0.0,5.0,92.73018057402396,29.362697099057566,1.2787262625046305,47.27272727272727,55.0,192730.180574024,3
sh600552,凯盛科技,再买_收阳_止损+3点,True,True,3.0,0.0,97.34619232917596,29.362569413507494,1.3108075009379732,46.42857142857143,56.0,197346.19232917597,5
sh600552,凯盛科技,再买_收阳_距低≥3点,True,True,0.0,3.0,97.34619232917596,29.362569413507494,1.3108075009379732,46.42857142857143,56.0,197346.19232917597,5
sh600552,凯盛科技,再买_收阳_止损+3_距低≥3,True,True,3.0,3.0,97.34619232917596,29.362569413507494,1.3108075009379732,46.42857142857143,56.0,197346.19232917597,5
sh600552,凯盛科技,再买_收阳_止损+4点,True,True,4.0,0.0,99.83177484767197,29.227863171516805,1.335685846125597,47.27272727272727,55.0,199831.77484767197,4
sh600552,凯盛科技,再买_收阳_距低≥4点,True,True,0.0,4.0,99.83177484767197,29.227863171516805,1.335685846125597,47.27272727272727,55.0,199831.77484767197,4
sh600552,凯盛科技,再买_收阳_止损+4_距低≥4,True,True,4.0,4.0,99.83177484767197,29.227863171516805,1.335685846125597,47.27272727272727,55.0,199831.77484767197,4
sh600552,凯盛科技,再买_收阳_止损+5点,True,True,5.0,0.0,134.18761824375596,21.264136364402685,1.643842430775204,50.0,52.0,234187.61824375595,0
sh600552,凯盛科技,再买_收阳_距低≥5点,True,True,0.0,5.0,92.73018057402396,29.362697099057566,1.2787262625046305,47.27272727272727,55.0,192730.180574024,3
sh600552,凯盛科技,再买_收阳_止损+5_距低≥5,True,True,5.0,5.0,134.18761824375596,21.264136364402685,1.643842430775204,50.0,52.0,234187.61824375595,0
sh600330,天通股份,基线_止损日禁买,False,True,0.0,0.0,386.81708386235607,32.76375175926513,2.2672224318644054,55.932203389830505,59.0,486817.0838623561,0
sh600330,天通股份,再买_仅收阳(等价止损+≤2.5点),True,True,0.0,0.0,379.3433841985481,32.74694933415064,2.230064232867556,54.83870967741935,62.0,479343.384198548,3
sh600330,天通股份,再买_不限阴阳_收盘≥止损,True,False,0.0,0.0,313.50402948098804,32.33522590153827,1.9703151713985256,48.64864864864865,74.0,413504.029480988,28
sh600330,天通股份,再买_不限阴阳_止损+0.5点,True,False,0.5,0.0,290.522550510164,31.94649616176361,1.915340133118664,50.0,72.0,390522.55051016406,22
sh600330,天通股份,再买_不限阴阳_止损+1点,True,False,1.0,0.0,293.67672474279607,31.881906383529884,1.9312155072272392,50.72463768115942,69.0,393676.7247427961,16
sh600330,天通股份,再买_不限阴阳_止损+1.5点,True,False,1.5,0.0,368.2921335639561,31.94202787926837,2.173479538798264,53.03030303030303,66.0,468292.1335639562,12
sh600330,天通股份,再买_不限阴阳_止损+2点,True,False,2.0,0.0,385.3661372262521,32.74694933415064,2.2254588092678125,54.6875,64.0,485366.1372262521,8
sh600330,天通股份,再买_不限阴阳_距低≥0.5点,True,False,0.0,0.5,297.77100969637604,32.34798014780452,1.9243167750999144,48.64864864864865,74.0,397771.0096963761,27
sh600330,天通股份,再买_不限阴阳_距低≥1点,True,False,0.0,1.0,328.14517287269604,30.398347901508902,2.0191306419845585,50.0,72.0,428145.172872696,25
sh600330,天通股份,再买_不限阴阳_距低≥1.5点,True,False,0.0,1.5,400.01856580494007,31.94202787926837,2.2448059235061453,51.47058823529412,68.0,500018.56580494007,18
sh600330,天通股份,再买_不限阴阳_距低≥2点,True,False,0.0,2.0,373.409074391408,31.94202787926837,2.1856215231944045,52.23880597014925,67.0,473409.074391408,15
sh600330,天通股份,再买_不限阴阳_距低≥3点,True,False,0.0,3.0,338.10673952400805,32.74694933415064,2.1075376023368024,52.30769230769232,65.0,438106.739524008,8
sh600330,天通股份,再买_不限阴阳_距低≥4点,True,False,0.0,4.0,356.0431642535041,32.74694933415064,2.1628434570996595,53.125,64.0,456043.164253504,6
sh600330,天通股份,再买_不限阴阳_距低≥5点,True,False,0.0,5.0,365.61519308400807,32.74694933415064,2.189897089418088,53.96825396825397,63.0,465615.193084008,5
sh600330,天通股份,再买_收阳_止损+3点,True,True,3.0,0.0,379.3433841985481,32.74694933415064,2.230064232867556,54.83870967741935,62.0,479343.384198548,3
sh600330,天通股份,再买_收阳_距低≥3点,True,True,0.0,3.0,379.3433841985481,32.74694933415064,2.230064232867556,54.83870967741935,62.0,479343.384198548,3
sh600330,天通股份,再买_收阳_止损+3_距低≥3,True,True,3.0,3.0,379.3433841985481,32.74694933415064,2.230064232867556,54.83870967741935,62.0,479343.384198548,3
sh600330,天通股份,再买_收阳_止损+4点,True,True,4.0,0.0,379.3433841985481,32.74694933415064,2.230064232867556,54.83870967741935,62.0,479343.384198548,3
sh600330,天通股份,再买_收阳_距低≥4点,True,True,0.0,4.0,379.3433841985481,32.74694933415064,2.230064232867556,54.83870967741935,62.0,479343.384198548,3
sh600330,天通股份,再买_收阳_止损+4_距低≥4,True,True,4.0,4.0,379.3433841985481,32.74694933415064,2.230064232867556,54.83870967741935,62.0,479343.384198548,3
sh600330,天通股份,再买_收阳_止损+5点,True,True,5.0,0.0,389.3576552778361,32.74694933415064,2.257937407816994,55.73770491803278,61.0,489357.655277836,2
sh600330,天通股份,再买_收阳_距低≥5点,True,True,0.0,5.0,389.3576552778361,32.74694933415064,2.257937407816994,55.73770491803278,61.0,489357.655277836,2
sh600330,天通股份,再买_收阳_止损+5_距低≥5,True,True,5.0,5.0,389.3576552778361,32.74694933415064,2.257937407816994,55.73770491803278,61.0,489357.655277836,2
sz002636,金安国纪,基线_止损日禁买,False,True,0.0,0.0,854.5160091570198,39.00311047401422,2.857440823276967,54.83870967741935,62.0,954516.0091570198,0
sz002636,金安国纪,再买_仅收阳(等价止损+≤2.5点),True,True,0.0,0.0,813.7062064669159,44.086476350600776,2.6997875167691885,51.42857142857142,70.0,913706.206466916,10
sz002636,金安国纪,再买_不限阴阳_收盘≥止损,True,False,0.0,0.0,691.9165525798683,44.1036632141007,2.4678965185704707,46.34146341463415,82.0,791916.5525798682,36
sz002636,金安国纪,再买_不限阴阳_止损+0.5点,True,False,0.5,0.0,736.14220197756,42.721088449907306,2.5381747199318525,46.83544303797469,79.0,836142.2019775601,29
sz002636,金安国纪,再买_不限阴阳_止损+1点,True,False,1.0,0.0,722.2399332125241,44.025909738918365,2.559813915725079,47.368421052631575,76.0,822239.933212524,22
sz002636,金安国纪,再买_不限阴阳_止损+1.5点,True,False,1.5,0.0,706.4239683263639,44.171496084602005,2.5389979534193903,48.0,75.0,806423.9683263641,19
sz002636,金安国纪,再买_不限阴阳_止损+2点,True,False,2.0,0.0,744.4820088895842,44.12007595600049,2.59451730493729,48.64864864864865,74.0,844482.0088895841,15
sz002636,金安国纪,再买_不限阴阳_距低≥0.5点,True,False,0.0,0.5,677.2218527499522,44.17542263825417,2.44966629788845,46.34146341463415,82.0,777221.8527499522,34
sz002636,金安国纪,再买_不限阴阳_距低≥1点,True,False,0.0,1.0,779.7375288861161,42.66791602996594,2.596011522591608,47.43589743589743,78.0,879737.5288861161,28
sz002636,金安国纪,再买_不限阴阳_距低≥1.5点,True,False,0.0,1.5,792.124401695848,42.77145132115248,2.617564572783654,48.05194805194805,77.0,892124.401695848,25
sz002636,金安国纪,再买_不限阴阳_距低≥2点,True,False,0.0,2.0,757.931148895464,42.76509873751018,2.59959432031655,48.0,75.0,857931.148895464,21
sz002636,金安国纪,再买_不限阴阳_距低≥3点,True,False,0.0,3.0,874.336321824924,42.705727607612936,2.7470557683672654,50.0,72.0,974336.321824924,18
sz002636,金安国纪,再买_不限阴阳_距低≥4点,True,False,0.0,4.0,814.1813459594077,42.78280667642709,2.6928672165611625,50.72463768115942,69.0,914181.345959408,11
sz002636,金安国纪,再买_不限阴阳_距低≥5点,True,False,0.0,5.0,814.1813459594077,42.78280667642709,2.6928672165611625,50.72463768115942,69.0,914181.345959408,11
sz002636,金安国纪,再买_收阳_止损+3点,True,True,3.0,0.0,813.7062064669159,44.086476350600776,2.6997875167691885,51.42857142857142,70.0,913706.206466916,10
sz002636,金安国纪,再买_收阳_距低≥3点,True,True,0.0,3.0,813.7062064669159,44.086476350600776,2.6997875167691885,51.42857142857142,70.0,913706.206466916,10
sz002636,金安国纪,再买_收阳_止损+3_距低≥3,True,True,3.0,3.0,813.7062064669159,44.086476350600776,2.6997875167691885,51.42857142857142,70.0,913706.206466916,10
sz002636,金安国纪,再买_收阳_止损+4点,True,True,4.0,0.0,781.2914306174039,44.07671031431028,2.660757825399041,50.72463768115942,69.0,881291.4306174038,9
sz002636,金安国纪,再买_收阳_距低≥4点,True,True,0.0,4.0,781.2914306174039,44.07671031431028,2.660757825399041,50.72463768115942,69.0,881291.4306174038,9
sz002636,金安国纪,再买_收阳_止损+4_距低≥4,True,True,4.0,4.0,781.2914306174039,44.07671031431028,2.660757825399041,50.72463768115942,69.0,881291.4306174038,9
sz002636,金安国纪,再买_收阳_止损+5点,True,True,5.0,0.0,839.2150681227879,40.44301684744013,2.734059140641933,52.94117647058824,68.0,939215.068122788,7
sz002636,金安国纪,再买_收阳_距低≥5点,True,True,0.0,5.0,781.2914306174039,44.07671031431028,2.660757825399041,50.72463768115942,69.0,881291.4306174038,9
sz002636,金安国纪,再买_收阳_止损+5_距低≥5,True,True,5.0,5.0,839.2150681227879,40.44301684744013,2.734059140641933,52.94117647058824,68.0,939215.068122788,7
sh589080,科创综指ETF汇添富,基线_止损日禁买,False,True,0.0,0.0,55.136402797279985,24.99121820260009,1.3315593977643603,52.94117647058824,17.0,155136.40279727997,0
sh589080,科创综指ETF汇添富,再买_仅收阳(等价止损+≤2.5点),True,True,0.0,0.0,65.05247244469436,25.90218089017408,1.4721011274457259,50.0,18.0,165052.47244469437,3
sh589080,科创综指ETF汇添富,再买_不限阴阳_收盘≥止损,True,False,0.0,0.0,55.61895609436161,31.369019761891543,1.256876957227685,45.45454545454545,22.0,155618.9560943616,11
sh589080,科创综指ETF汇添富,再买_不限阴阳_止损+0.5点,True,False,0.5,0.0,50.19284938077758,31.449889256544246,1.1852099138206043,42.857142857142854,21.0,150192.8493807776,8
sh589080,科创综指ETF汇添富,再买_不限阴阳_止损+1点,True,False,1.0,0.0,67.53603172326078,24.788474694493985,1.514819854387377,50.0,18.0,167536.03172326076,4
sh589080,科创综指ETF汇添富,再买_不限阴阳_止损+1.5点,True,False,1.5,0.0,67.53603172326078,24.788474694493985,1.514819854387377,50.0,18.0,167536.03172326076,4
sh589080,科创综指ETF汇添富,再买_不限阴阳_止损+2点,True,False,2.0,0.0,65.05247244469436,25.90218089017408,1.4721011274457259,50.0,18.0,165052.47244469437,3
sh589080,科创综指ETF汇添富,再买_不限阴阳_距低≥0.5点,True,False,0.0,0.5,55.61895609436161,31.369019761891543,1.256876957227685,45.45454545454545,22.0,155618.9560943616,11
sh589080,科创综指ETF汇添富,再买_不限阴阳_距低≥1点,True,False,0.0,1.0,75.4340531045824,23.853578040596105,1.624765792788037,50.0,18.0,175434.05310458242,6
sh589080,科创综指ETF汇添富,再买_不限阴阳_距低≥1.5点,True,False,0.0,1.5,67.53603172326078,24.788474694493985,1.514819854387377,50.0,18.0,167536.03172326076,4
sh589080,科创综指ETF汇添富,再买_不限阴阳_距低≥2点,True,False,0.0,2.0,67.53603172326078,24.788474694493985,1.514819854387377,50.0,18.0,167536.03172326076,4
sh589080,科创综指ETF汇添富,再买_不限阴阳_距低≥3点,True,False,0.0,3.0,65.05247244469436,25.90218089017408,1.4721011274457259,50.0,18.0,165052.47244469437,3
sh589080,科创综指ETF汇添富,再买_不限阴阳_距低≥4点,True,False,0.0,4.0,65.05247244469436,25.90218089017408,1.4721011274457259,50.0,18.0,165052.47244469437,3
sh589080,科创综指ETF汇添富,再买_不限阴阳_距低≥5点,True,False,0.0,5.0,65.05247244469436,25.90218089017408,1.4721011274457259,50.0,18.0,165052.47244469437,3
sh589080,科创综指ETF汇添富,再买_收阳_止损+3点,True,True,3.0,0.0,65.05247244469436,25.90218089017408,1.4721011274457259,50.0,18.0,165052.47244469437,3
sh589080,科创综指ETF汇添富,再买_收阳_距低≥3点,True,True,0.0,3.0,65.05247244469436,25.90218089017408,1.4721011274457259,50.0,18.0,165052.47244469437,3
sh589080,科创综指ETF汇添富,再买_收阳_止损+3_距低≥3,True,True,3.0,3.0,65.05247244469436,25.90218089017408,1.4721011274457259,50.0,18.0,165052.47244469437,3
sh589080,科创综指ETF汇添富,再买_收阳_止损+4点,True,True,4.0,0.0,65.05247244469436,25.90218089017408,1.4721011274457259,50.0,18.0,165052.47244469437,3
sh589080,科创综指ETF汇添富,再买_收阳_距低≥4点,True,True,0.0,4.0,65.05247244469436,25.90218089017408,1.4721011274457259,50.0,18.0,165052.47244469437,3
sh589080,科创综指ETF汇添富,再买_收阳_止损+4_距低≥4,True,True,4.0,4.0,65.05247244469436,25.90218089017408,1.4721011274457259,50.0,18.0,165052.47244469437,3
sh589080,科创综指ETF汇添富,再买_收阳_止损+5点,True,True,5.0,0.0,65.57955612145598,24.989277566774366,1.4884115731671863,52.94117647058824,17.0,165579.55612145597,1
sh589080,科创综指ETF汇添富,再买_收阳_距低≥5点,True,True,0.0,5.0,65.05247244469436,25.90218089017408,1.4721011274457259,50.0,18.0,165052.47244469437,3
sh589080,科创综指ETF汇添富,再买_收阳_止损+5_距低≥5,True,True,5.0,5.0,65.57955612145598,24.989277566774366,1.4884115731671863,52.94117647058824,17.0,165579.55612145597,1
sh588170,科创半导体ETF华夏,基线_止损日禁买,False,True,0.0,0.0,63.33981832566729,71.74317367039762,1.0587528839143647,54.166666666666664,24.0,163339.8183256673,0
sh588170,科创半导体ETF华夏,再买_仅收阳(等价止损+≤2.5点),True,True,0.0,0.0,59.30219918501447,72.44155402251242,1.0317725574870142,52.0,25.0,159302.19918501447,1
sh588170,科创半导体ETF华夏,再买_不限阴阳_收盘≥止损,True,False,0.0,0.0,49.01844994928005,73.19315561782881,0.9589753879740684,48.275862068965516,29.0,149018.44994928004,13
sh588170,科创半导体ETF华夏,再买_不限阴阳_止损+0.5点,True,False,0.5,0.0,58.97641295016642,72.33953916324919,1.029733217894989,53.84615384615385,26.0,158976.4129501664,6
sh588170,科创半导体ETF华夏,再买_不限阴阳_止损+1点,True,False,1.0,0.0,58.42578918696323,72.30931764028577,1.0256965055529346,53.84615384615385,26.0,158425.78918696323,5
sh588170,科创半导体ETF华夏,再买_不限阴阳_止损+1.5点,True,False,1.5,0.0,58.42578918696323,72.30931764028577,1.0256965055529346,53.84615384615385,26.0,158425.78918696323,5
sh588170,科创半导体ETF华夏,再买_不限阴阳_止损+2点,True,False,2.0,0.0,59.147486553232056,72.44553933947883,1.030327565151955,52.0,25.0,159147.48655323204,2
sh588170,科创半导体ETF华夏,再买_不限阴阳_距低≥0.5点,True,False,0.0,0.5,44.466129657004814,73.18318630612333,0.9260964313936177,48.275862068965516,29.0,144466.1296570048,11
sh588170,科创半导体ETF华夏,再买_不限阴阳_距低≥1点,True,False,0.0,1.0,56.153074700880026,72.30181563489674,1.0097002589545976,51.85185185185185,27.0,156153.07470088,6
sh588170,科创半导体ETF华夏,再买_不限阴阳_距低≥1.5点,True,False,0.0,1.5,58.42578918696323,72.30931764028577,1.0256965055529346,53.84615384615385,26.0,158425.78918696323,5
sh588170,科创半导体ETF华夏,再买_不限阴阳_距低≥2点,True,False,0.0,2.0,58.42578918696323,72.30931764028577,1.0256965055529346,53.84615384615385,26.0,158425.78918696323,5
sh588170,科创半导体ETF华夏,再买_不限阴阳_距低≥3点,True,False,0.0,3.0,54.316057371753644,72.30803473412116,0.9976910859598267,50.0,26.0,154316.05737175365,3
sh588170,科创半导体ETF华夏,再买_不限阴阳_距低≥4点,True,False,0.0,4.0,59.30219918501447,72.44155402251242,1.0317725574870142,52.0,25.0,159302.19918501447,1
sh588170,科创半导体ETF华夏,再买_不限阴阳_距低≥5点,True,False,0.0,5.0,59.30219918501447,72.44155402251242,1.0317725574870142,52.0,25.0,159302.19918501447,1
sh588170,科创半导体ETF华夏,再买_收阳_止损+3点,True,True,3.0,0.0,59.30219918501447,72.44155402251242,1.0317725574870142,52.0,25.0,159302.19918501447,1
sh588170,科创半导体ETF华夏,再买_收阳_距低≥3点,True,True,0.0,3.0,59.30219918501447,72.44155402251242,1.0317725574870142,52.0,25.0,159302.19918501447,1
sh588170,科创半导体ETF华夏,再买_收阳_止损+3_距低≥3,True,True,3.0,3.0,59.30219918501447,72.44155402251242,1.0317725574870142,52.0,25.0,159302.19918501447,1
sh588170,科创半导体ETF华夏,再买_收阳_止损+4点,True,True,4.0,0.0,59.30219918501447,72.44155402251242,1.0317725574870142,52.0,25.0,159302.19918501447,1
sh588170,科创半导体ETF华夏,再买_收阳_距低≥4点,True,True,0.0,4.0,59.30219918501447,72.44155402251242,1.0317725574870142,52.0,25.0,159302.19918501447,1
sh588170,科创半导体ETF华夏,再买_收阳_止损+4_距低≥4,True,True,4.0,4.0,59.30219918501447,72.44155402251242,1.0317725574870142,52.0,25.0,159302.19918501447,1
sh588170,科创半导体ETF华夏,再买_收阳_止损+5点,True,True,5.0,0.0,59.30219918501447,72.44155402251242,1.0317725574870142,52.0,25.0,159302.19918501447,1
sh588170,科创半导体ETF华夏,再买_收阳_距低≥5点,True,True,0.0,5.0,59.30219918501447,72.44155402251242,1.0317725574870142,52.0,25.0,159302.19918501447,1
sh588170,科创半导体ETF华夏,再买_收阳_止损+5_距低≥5,True,True,5.0,5.0,59.30219918501447,72.44155402251242,1.0317725574870142,52.0,25.0,159302.19918501447,1
