序号,买入日,买入价,数量,卖出日,卖出价,持有交易日,收益%,状态
1,2025-04-09,0.8599,110500,2025-09-02,1.2478,100,45.1,已平仓
2,2025-09-05,1.2012,113000,2025-09-23,1.2747,12,6.12,已平仓
3,2025-09-24,1.3253,108400,2025-10-10,1.3227,6,-0.2,已平仓
4,2025-10-13,1.2893,111200,2025-10-14,1.2937,1,0.34,已平仓
5,2026-01-09,1.4124,101800,2026-01-13,1.4156,2,0.23,已平仓
6,2026-01-14,1.4474,99500,2026-02-02,1.3996,13,-3.3,已平仓
7,2026-03-04,1.3664,102100,2026-03-23,1.2517,13,-8.39,已平仓
8,2026-03-27,1.3103,98000,2026-04-23,1.4336,18,9.41,已平仓
9,2026-04-30,1.5245,91700,2026-05-14,1.6434,7,7.8,已平仓
10,2026-05-19,1.6727,89800,2026-05-21,1.6863,2,0.81,已平仓
11,2026-05-25,1.7267,87600,2026-05-26,1.6833,1,-2.51,已平仓
12,2026-06-03,1.6216,91000,2026-06-12,1.5894,7,-1.99,已平仓
13,2026-06-15,1.6376,88400,2026-06-22,1.7453,4,6.57,已平仓
14,2026-06-24,1.7858,86100,2026-06-26,1.7912,2,0.3,已平仓
15,2026-06-29,1.8759,82200,2026-07-01,1.9151,2,2.09,已平仓
16,2026-07-02,1.9149,82100,2026-07-06,1.7802,2,-7.03,已平仓
17,2026-07-07,1.8308,80100,2026-07-08,1.7622,1,-3.75,已平仓
18,2026-07-13,1.8378,77000,2026-07-14,1.6953,1,-7.75,已平仓
19,2026-07-21,1.5355,85300,2026-07-23,1.5285,2,-0.46,已平仓
20,2026-07-24,1.5425,84600,2026-07-28,1.4695,2,-4.73,已平仓
21,2026-08-04,1.4224,87600,2026-08-19,1.5604,11,9.7,已平仓
22,2026-08-25,1.4905,91300,,1.48,0,-0.7,持有中
